"Address","Occurrences","Indexability","Indexability Status","Canonical Link Element 1","HTTP Canonical","Meta Robots 1","X-Robots-Tag 1","rel=""next"" 1","rel=""prev"" 1","HTTP rel=""next"" 1","HTTP rel=""prev"" 1"
"https://anchoredtidesrecovery.com/","0","Non-Indexable","noindex","","","follow, noindex","","","","",""
"https://anchoredtidesrecovery.com/admissions-and-alcohol-rehab-insurance/","1","Indexable","","https://anchoredtidesrecovery.com/admissions-and-alcohol-rehab-insurance/","","follow, index, max-snippet:-1, max-video-preview:-1, max-image-preview:large","","","","",""
"https://anchoredtidesrecovery.com/contact-us/","1","Indexable","","https://anchoredtidesrecovery.com/contact-us/","","follow, index, max-snippet:-1, max-video-preview:-1, max-image-preview:large","","","","",""
"https://anchoredtidesrecovery.com/womens-addiction-treatment-center/alcohol-rehab/","1","Indexable","","https://anchoredtidesrecovery.com/womens-addiction-treatment-center/alcohol-rehab/","","follow, index, max-snippet:-1, max-video-preview:-1, max-image-preview:large","","","","",""
"https://anchoredtidesrecovery.com/addiction-recovery-blog/","1","Indexable","","https://anchoredtidesrecovery.com/addiction-recovery-blog/","","follow, index, max-snippet:-1, max-video-preview:-1, max-image-preview:large","","","","",""
"https://anchoredtidesrecovery.com/womens-addiction-treatment-center/outpatient-treatment-in-orange-county/","1","Indexable","","https://anchoredtidesrecovery.com/womens-addiction-treatment-center/outpatient-treatment-in-orange-county/","","follow, index, max-snippet:-1, max-video-preview:-1, max-image-preview:large","","","","",""
"https://anchoredtidesrecovery.com/womens-mental-health-key-disorders-and-support-options/","1","Indexable","","https://anchoredtidesrecovery.com/womens-mental-health-key-disorders-and-support-options/","","follow, index, max-snippet:-1, max-video-preview:-1, max-image-preview:large","","","","",""
"https://anchoredtidesrecovery.com/service-areas/","1","Indexable","","https://anchoredtidesrecovery.com/service-areas/","","follow, index, max-snippet:-1, max-video-preview:-1, max-image-preview:large","","","","",""
"https://anchoredtidesrecovery.com/womens-addiction-treatment-center/dual-diagnosis/","1","Indexable","","https://anchoredtidesrecovery.com/womens-addiction-treatment-center/dual-diagnosis/","","follow, index, max-snippet:-1, max-video-preview:-1, max-image-preview:large","","","","",""
"https://anchoredtidesrecovery.com/meet-the-team/","1","Indexable","","https://anchoredtidesrecovery.com/meet-the-team/","","follow, index, max-snippet:-1, max-video-preview:-1, max-image-preview:large","","","","",""
"https://anchoredtidesrecovery.com/womens-addiction-treatment-center/detoxification/","1","Indexable","","https://anchoredtidesrecovery.com/womens-addiction-treatment-center/detoxification/","","follow, index, max-snippet:-1, max-video-preview:-1, max-image-preview:large","","","","",""
"https://anchoredtidesrecovery.com/html-sitemap/","1","Indexable","","https://anchoredtidesrecovery.com/html-sitemap/","","follow, index, max-snippet:-1, max-video-preview:-1, max-image-preview:large","","","","",""
"https://anchoredtidesrecovery.com/womens-addiction-treatment-center/womens-drug-rehab/","1","Indexable","","https://anchoredtidesrecovery.com/womens-addiction-treatment-center/womens-drug-rehab/","","follow, index, max-snippet:-1, max-video-preview:-1, max-image-preview:large","","","","",""
"https://anchoredtidesrecovery.com/womens-addiction-treatment-center/veteran-and-miltary-rehabilitation-center/","1","Indexable","","https://anchoredtidesrecovery.com/womens-addiction-treatment-center/veteran-and-miltary-rehabilitation-center/","","follow, index, max-snippet:-1, max-video-preview:-1, max-image-preview:large","","","","",""
"https://anchoredtidesrecovery.com/womens-addiction-treatment-center/womens-intensive-outpatient-orange-county/","1","Indexable","","https://anchoredtidesrecovery.com/womens-addiction-treatment-center/womens-intensive-outpatient-orange-county/","","follow, index, max-snippet:-1, max-video-preview:-1, max-image-preview:large","","","","",""
"https://anchoredtidesrecovery.com/womens-addiction-treatment-center/substance-abuse/","1","Indexable","","https://anchoredtidesrecovery.com/womens-addiction-treatment-center/substance-abuse/","","follow, index, max-snippet:-1, max-video-preview:-1, max-image-preview:large","","","","",""
"https://anchoredtidesrecovery.com/womens-addiction-treatment-center/","1","Indexable","","https://anchoredtidesrecovery.com/womens-addiction-treatment-center/","","follow, index, max-snippet:-1, max-video-preview:-1, max-image-preview:large","","","","",""
"https://anchoredtidesrecovery.com/what-is-a-substance-abuse-program-for-women/","1","Indexable","","https://anchoredtidesrecovery.com/what-is-a-substance-abuse-program-for-women/","","follow, index, max-snippet:-1, max-video-preview:-1, max-image-preview:large","","","","",""
"https://anchoredtidesrecovery.com/womens-addiction-treatment-center/womens-partial-hospitalization-program/","1","Indexable","","https://anchoredtidesrecovery.com/womens-addiction-treatment-center/womens-partial-hospitalization-program/","","follow, index, max-snippet:-1, max-video-preview:-1, max-image-preview:large","","","","",""
"https://anchoredtidesrecovery.com/recovery-resources/","1","Indexable","","https://anchoredtidesrecovery.com/recovery-resources/","","follow, index, max-snippet:-1, max-video-preview:-1, max-image-preview:large","","","","",""
"https://anchoredtidesrecovery.com/about-anchored-tides/","1","Indexable","","https://anchoredtidesrecovery.com/about-anchored-tides/","","follow, index, max-snippet:-1, max-video-preview:-1, max-image-preview:large","","","","",""
"https://anchoredtidesrecovery.com/trauma-informed-care-for-women/","1","Indexable","","https://anchoredtidesrecovery.com/trauma-informed-care-for-women/","","follow, index, max-snippet:-1, max-video-preview:-1, max-image-preview:large","","","","",""
"https://anchoredtidesrecovery.com/womens-addiction-treatment-center/eating-disorder-treatment/","1","Indexable","","https://anchoredtidesrecovery.com/womens-addiction-treatment-center/eating-disorder-treatment/","","follow, index, max-snippet:-1, max-video-preview:-1, max-image-preview:large","","","","",""
"https://anchoredtidesrecovery.com/privacy-policy/","1","Indexable","","https://anchoredtidesrecovery.com/privacy-policy/","","follow, index, max-snippet:-1, max-video-preview:-1, max-image-preview:large","","","","",""
"https://anchoredtidesrecovery.com/tour-our-rehab-facility/","1","Indexable","","https://anchoredtidesrecovery.com/tour-our-rehab-facility/","","follow, index, max-snippet:-1, max-video-preview:-1, max-image-preview:large","","","","",""
"https://anchoredtidesrecovery.com/aetna-information/","1","Indexable","","https://anchoredtidesrecovery.com/aetna-information/","","follow, index, max-snippet:-1, max-video-preview:-1, max-image-preview:large","","","","",""
"https://anchoredtidesrecovery.com/cigna-information/","1","Indexable","","https://anchoredtidesrecovery.com/cigna-information/","","follow, index, max-snippet:-1, max-video-preview:-1, max-image-preview:large","","","","",""
"https://anchoredtidesrecovery.com/healthscope-information/","1","Indexable","","https://anchoredtidesrecovery.com/healthscope-information/","","follow, index, max-snippet:-1, max-video-preview:-1, max-image-preview:large","","","","",""
"https://anchoredtidesrecovery.com/bcbs-information/","1","Indexable","","https://anchoredtidesrecovery.com/bcbs-information/","","follow, index, max-snippet:-1, max-video-preview:-1, max-image-preview:large","","","","",""
"https://anchoredtidesrecovery.com/geha/","1","Indexable","","https://anchoredtidesrecovery.com/geha/","","follow, index, max-snippet:-1, max-video-preview:-1, max-image-preview:large","","","","",""
"https://anchoredtidesrecovery.com/meritain-health/","1","Indexable","","https://anchoredtidesrecovery.com/meritain-health/","","follow, index, max-snippet:-1, max-video-preview:-1, max-image-preview:large","","","","",""
"https://anchoredtidesrecovery.com/intensive-outpatient-iop-vs-outpatient-programs-op-for-substance-abuse-treatment/","1","Indexable","","https://anchoredtidesrecovery.com/intensive-outpatient-iop-vs-outpatient-programs-op-for-substance-abuse-treatment/","","follow, index, max-snippet:-1, max-video-preview:-1, max-image-preview:large","","","","",""
"https://anchoredtidesrecovery.com/childhood-trauma-and-addiction-codependent-issues/","1","Indexable","","https://anchoredtidesrecovery.com/childhood-trauma-and-addiction-codependent-issues/","","follow, index, max-snippet:-1, max-video-preview:-1, max-image-preview:large","","","","",""
"https://anchoredtidesrecovery.com/category/mental-health-disorders/","1","Indexable","","https://anchoredtidesrecovery.com/category/mental-health-disorders/","","follow, index, max-snippet:-1, max-video-preview:-1, max-image-preview:large","","https://anchoredtidesrecovery.com/category/mental-health-disorders/page/2/","","",""
"https://anchoredtidesrecovery.com/2024/03/16/","0","Non-Indexable","noindex","","","follow, noindex","","","","",""
"https://anchoredtidesrecovery.com/what-is-a-high-tolerance/","1","Indexable","","https://anchoredtidesrecovery.com/what-is-a-high-tolerance/","","follow, index, max-snippet:-1, max-video-preview:-1, max-image-preview:large","","","","",""
"https://anchoredtidesrecovery.com/coexisting-eating-disorders-and-addiction/","1","Indexable","","https://anchoredtidesrecovery.com/coexisting-eating-disorders-and-addiction/","","follow, index, max-snippet:-1, max-video-preview:-1, max-image-preview:large","","","","",""
"https://anchoredtidesrecovery.com/what-is-the-fear-of-eating-in-front-of-others/","1","Indexable","","https://anchoredtidesrecovery.com/what-is-the-fear-of-eating-in-front-of-others/","","follow, index, max-snippet:-1, max-video-preview:-1, max-image-preview:large","","","","",""
"https://anchoredtidesrecovery.com/women-with-addiction/","1","Indexable","","https://anchoredtidesrecovery.com/women-with-addiction/","","follow, index, max-snippet:-1, max-video-preview:-1, max-image-preview:large","","","","",""
"https://anchoredtidesrecovery.com/service-areas/newport-beach/","1","Indexable","","https://anchoredtidesrecovery.com/service-areas/newport-beach/","","follow, index, max-snippet:-1, max-video-preview:-1, max-image-preview:large","","","","",""
"https://anchoredtidesrecovery.com/treatment-for-co-occuring-disorders/","1","Indexable","","https://anchoredtidesrecovery.com/treatment-for-co-occuring-disorders/","","follow, index, max-snippet:-1, max-video-preview:-1, max-image-preview:large","","","","",""
"https://anchoredtidesrecovery.com/service-areas/orange-county/","1","Indexable","","https://anchoredtidesrecovery.com/service-areas/orange-county/","","follow, index, max-snippet:-1, max-video-preview:-1, max-image-preview:large","","","","",""
"https://anchoredtidesrecovery.com/evidence-based-therapy/","1","Indexable","","https://anchoredtidesrecovery.com/evidence-based-therapy/","","follow, index, max-snippet:-1, max-video-preview:-1, max-image-preview:large","","","","",""
"https://anchoredtidesrecovery.com/beach-treatment/","1","Indexable","","https://anchoredtidesrecovery.com/beach-treatment/","","follow, index, max-snippet:-1, max-video-preview:-1, max-image-preview:large","","","","",""
"https://anchoredtidesrecovery.com/weight-loss-pills-and-addiction/","1","Indexable","","https://anchoredtidesrecovery.com/weight-loss-pills-and-addiction/","","follow, index, max-snippet:-1, max-video-preview:-1, max-image-preview:large","","","","",""
"https://anchoredtidesrecovery.com/5-drug-detox-withdrawal-symptoms/","1","Indexable","","https://anchoredtidesrecovery.com/5-drug-detox-withdrawal-symptoms/","","follow, index, max-snippet:-1, max-video-preview:-1, max-image-preview:large","","","","",""
"https://anchoredtidesrecovery.com/female-only-treatment-facility/","1","Indexable","","https://anchoredtidesrecovery.com/female-only-treatment-facility/","","follow, index, max-snippet:-1, max-video-preview:-1, max-image-preview:large","","","","",""
"https://anchoredtidesrecovery.com/womens-rehab-addressing-the-fears/","1","Indexable","","https://anchoredtidesrecovery.com/womens-rehab-addressing-the-fears/","","follow, index, max-snippet:-1, max-video-preview:-1, max-image-preview:large","","","","",""
"https://anchoredtidesrecovery.com/how-long-does-tramadol-stay-in-your-system/","1","Indexable","","https://anchoredtidesrecovery.com/how-long-does-tramadol-stay-in-your-system/","","follow, index, max-snippet:-1, max-video-preview:-1, max-image-preview:large","","","","",""
"https://anchoredtidesrecovery.com/exercise-and-addiction-the-good-and-the-bad/","1","Indexable","","https://anchoredtidesrecovery.com/exercise-and-addiction-the-good-and-the-bad/","","follow, index, max-snippet:-1, max-video-preview:-1, max-image-preview:large","","","","",""
"https://anchoredtidesrecovery.com/the-relationship-between-adhd-and-substance-abuse/","1","Indexable","","https://anchoredtidesrecovery.com/the-relationship-between-adhd-and-substance-abuse/","","follow, index, max-snippet:-1, max-video-preview:-1, max-image-preview:large","","","","",""
"https://anchoredtidesrecovery.com/how-long-does-marijuana-stay-in-your-system/","1","Indexable","","https://anchoredtidesrecovery.com/how-long-does-marijuana-stay-in-your-system/","","follow, index, max-snippet:-1, max-video-preview:-1, max-image-preview:large","","","","",""
"https://anchoredtidesrecovery.com/how-a-strong-independent-woman-takes-a-stand-against-social-discourses/","1","Indexable","","https://anchoredtidesrecovery.com/how-a-strong-independent-woman-takes-a-stand-against-social-discourses/","","follow, index, max-snippet:-1, max-video-preview:-1, max-image-preview:large","","","","",""
"https://anchoredtidesrecovery.com/umr-information/","1","Indexable","","https://anchoredtidesrecovery.com/umr-information/","","follow, index, max-snippet:-1, max-video-preview:-1, max-image-preview:large","","","","",""
"https://anchoredtidesrecovery.com/php-vs-iop/","1","Indexable","","https://anchoredtidesrecovery.com/php-vs-iop/","","follow, index, max-snippet:-1, max-video-preview:-1, max-image-preview:large","","","","",""
"https://anchoredtidesrecovery.com/how-to-help-someone-with-addiction/","1","Indexable","","https://anchoredtidesrecovery.com/how-to-help-someone-with-addiction/","","follow, index, max-snippet:-1, max-video-preview:-1, max-image-preview:large","","","","",""
"https://anchoredtidesrecovery.com/blue-xanax-bars/","1","Indexable","","https://anchoredtidesrecovery.com/blue-xanax-bars/","","follow, index, max-snippet:-1, max-video-preview:-1, max-image-preview:large","","","","",""
"https://anchoredtidesrecovery.com/externalizing-questions-in-addiction/","1","Indexable","","https://anchoredtidesrecovery.com/externalizing-questions-in-addiction/","","follow, index, max-snippet:-1, max-video-preview:-1, max-image-preview:large","","","","",""
"https://anchoredtidesrecovery.com/how-to-deal-with-burnout-and-depression/","1","Indexable","","https://anchoredtidesrecovery.com/how-to-deal-with-burnout-and-depression/","","follow, index, max-snippet:-1, max-video-preview:-1, max-image-preview:large","","","","",""
"https://anchoredtidesrecovery.com/becoming-a-sober-mom-the-recovery-guide/","1","Indexable","","https://anchoredtidesrecovery.com/becoming-a-sober-mom-the-recovery-guide/","","follow, index, max-snippet:-1, max-video-preview:-1, max-image-preview:large","","","","",""
"https://anchoredtidesrecovery.com/the-impact-of-heroin-addiction-on-mothers-and-children/","1","Indexable","","https://anchoredtidesrecovery.com/the-impact-of-heroin-addiction-on-mothers-and-children/","","follow, index, max-snippet:-1, max-video-preview:-1, max-image-preview:large","","","","",""
"https://anchoredtidesrecovery.com/an-in-depth-look-at-services-offered-by-anchored-tides-recovery-center/","1","Indexable","","https://anchoredtidesrecovery.com/an-in-depth-look-at-services-offered-by-anchored-tides-recovery-center/","","follow, index, max-snippet:-1, max-video-preview:-1, max-image-preview:large","","","","",""
"https://anchoredtidesrecovery.com/pride-month-celebrating-pride-while-sober/","1","Indexable","","https://anchoredtidesrecovery.com/pride-month-celebrating-pride-while-sober/","","follow, index, max-snippet:-1, max-video-preview:-1, max-image-preview:large","","","","",""
"https://anchoredtidesrecovery.com/navigating-the-challenges-of-addiction-recovery/","1","Indexable","","https://anchoredtidesrecovery.com/navigating-the-challenges-of-addiction-recovery/","","follow, index, max-snippet:-1, max-video-preview:-1, max-image-preview:large","","","","",""
"https://anchoredtidesrecovery.com/can-you-have-an-exercise-addiction/","1","Indexable","","https://anchoredtidesrecovery.com/can-you-have-an-exercise-addiction/","","follow, index, max-snippet:-1, max-video-preview:-1, max-image-preview:large","","","","",""
"https://anchoredtidesrecovery.com/wellness-tips-for-women-in-early-recovery/","1","Indexable","","https://anchoredtidesrecovery.com/wellness-tips-for-women-in-early-recovery/","","follow, index, max-snippet:-1, max-video-preview:-1, max-image-preview:large","","","","",""
"https://anchoredtidesrecovery.com/travel-to-huntington-beach-for-addiction-treatment/","1","Indexable","","https://anchoredtidesrecovery.com/travel-to-huntington-beach-for-addiction-treatment/","","follow, index, max-snippet:-1, max-video-preview:-1, max-image-preview:large","","","","",""
"https://anchoredtidesrecovery.com/understanding-the-signs-of-addiction-denial-and-how-to-overcome-them/","1","Indexable","","https://anchoredtidesrecovery.com/understanding-the-signs-of-addiction-denial-and-how-to-overcome-them/","","follow, index, max-snippet:-1, max-video-preview:-1, max-image-preview:large","","","","",""
"https://anchoredtidesrecovery.com/creating-independence-women-in-sobriety/","1","Indexable","","https://anchoredtidesrecovery.com/creating-independence-women-in-sobriety/","","follow, index, max-snippet:-1, max-video-preview:-1, max-image-preview:large","","","","",""
"https://anchoredtidesrecovery.com/am-i-becoming-an-alcoholic-signs-to-watch-out-for/","1","Indexable","","https://anchoredtidesrecovery.com/am-i-becoming-an-alcoholic-signs-to-watch-out-for/","","follow, index, max-snippet:-1, max-video-preview:-1, max-image-preview:large","","","","",""
"https://anchoredtidesrecovery.com/building-support-system-in-sobriety/","1","Indexable","","https://anchoredtidesrecovery.com/building-support-system-in-sobriety/","","follow, index, max-snippet:-1, max-video-preview:-1, max-image-preview:large","","","","",""
"https://anchoredtidesrecovery.com/is-drug-addiction-a-moral-failing/","1","Indexable","","https://anchoredtidesrecovery.com/is-drug-addiction-a-moral-failing/","","follow, index, max-snippet:-1, max-video-preview:-1, max-image-preview:large","","","","",""
"https://anchoredtidesrecovery.com/surf-therapy-program-anchored-tides-recovery/","1","Indexable","","https://anchoredtidesrecovery.com/surf-therapy-program-anchored-tides-recovery/","","follow, index, max-snippet:-1, max-video-preview:-1, max-image-preview:large","","","","",""
"https://anchoredtidesrecovery.com/how-to-support-a-loved-one/","1","Indexable","","https://anchoredtidesrecovery.com/how-to-support-a-loved-one/","","follow, index, max-snippet:-1, max-video-preview:-1, max-image-preview:large","","","","",""
"https://anchoredtidesrecovery.com/why-is-heroin-so-addictive/","1","Indexable","","https://anchoredtidesrecovery.com/why-is-heroin-so-addictive/","","follow, index, max-snippet:-1, max-video-preview:-1, max-image-preview:large","","","","",""
"https://anchoredtidesrecovery.com/screen-addiction-and-substance-abuse/","1","Indexable","","https://anchoredtidesrecovery.com/screen-addiction-and-substance-abuse/","","follow, index, max-snippet:-1, max-video-preview:-1, max-image-preview:large","","","","",""
"https://anchoredtidesrecovery.com/alcohol-rehab-cost/","1","Indexable","","https://anchoredtidesrecovery.com/alcohol-rehab-cost/","","follow, index, max-snippet:-1, max-video-preview:-1, max-image-preview:large","","","","",""
"https://anchoredtidesrecovery.com/how-to-fix-codependent-relationship-in-addiction-recovery/","1","Indexable","","https://anchoredtidesrecovery.com/how-to-fix-codependent-relationship-in-addiction-recovery/","","follow, index, max-snippet:-1, max-video-preview:-1, max-image-preview:large","","","","",""
"https://anchoredtidesrecovery.com/understanding-the-spike-in-drug-and-alcohol-use-during-the-holidays/","1","Indexable","","https://anchoredtidesrecovery.com/understanding-the-spike-in-drug-and-alcohol-use-during-the-holidays/","","follow, index, max-snippet:-1, max-video-preview:-1, max-image-preview:large","","","","",""
"https://anchoredtidesrecovery.com/how-to-talk-to-my-partner-about-being-in-recovery/","1","Indexable","","https://anchoredtidesrecovery.com/how-to-talk-to-my-partner-about-being-in-recovery/","","follow, index, max-snippet:-1, max-video-preview:-1, max-image-preview:large","","","","",""
"https://anchoredtidesrecovery.com/the-holidays-effect-on-mental-health/","1","Indexable","","https://anchoredtidesrecovery.com/the-holidays-effect-on-mental-health/","","follow, index, max-snippet:-1, max-video-preview:-1, max-image-preview:large","","","","",""
"https://anchoredtidesrecovery.com/best-drug-rehab-in-huntington-beach-anchored-tides-recovery/","1","Indexable","","https://anchoredtidesrecovery.com/best-drug-rehab-in-huntington-beach-anchored-tides-recovery/","","follow, index, max-snippet:-1, max-video-preview:-1, max-image-preview:large","","","","",""
"https://anchoredtidesrecovery.com/what-never-leaving-your-hometown-does-to-your-brain/","1","Indexable","","https://anchoredtidesrecovery.com/what-never-leaving-your-hometown-does-to-your-brain/","","follow, index, max-snippet:-1, max-video-preview:-1, max-image-preview:large","","","","",""
"https://anchoredtidesrecovery.com/ptsd-symptoms-in-addiction-for-women-understanding-the-intersection/","1","Indexable","","https://anchoredtidesrecovery.com/ptsd-symptoms-in-addiction-for-women-understanding-the-intersection/","","follow, index, max-snippet:-1, max-video-preview:-1, max-image-preview:large","","","","",""
"https://anchoredtidesrecovery.com/common-triggers-for-relapsing-on-drugs-and-alcohol/","1","Indexable","","https://anchoredtidesrecovery.com/common-triggers-for-relapsing-on-drugs-and-alcohol/","","follow, index, max-snippet:-1, max-video-preview:-1, max-image-preview:large","","","","",""
"https://anchoredtidesrecovery.com/5-tips-for-overcoming-drug-cravings/","1","Indexable","","https://anchoredtidesrecovery.com/5-tips-for-overcoming-drug-cravings/","","follow, index, max-snippet:-1, max-video-preview:-1, max-image-preview:large","","","","",""
"https://anchoredtidesrecovery.com/the-role-of-nutrition-in-recovery/","1","Indexable","","https://anchoredtidesrecovery.com/the-role-of-nutrition-in-recovery/","","follow, index, max-snippet:-1, max-video-preview:-1, max-image-preview:large","","","","",""
"https://anchoredtidesrecovery.com/how-long-does-cocaine-stay-in-your-system/","1","Indexable","","https://anchoredtidesrecovery.com/how-long-does-cocaine-stay-in-your-system/","","follow, index, max-snippet:-1, max-video-preview:-1, max-image-preview:large","","","","",""
"https://anchoredtidesrecovery.com/how-eating-disorders-and-substance-use-overlap-in-women/","1","Indexable","","https://anchoredtidesrecovery.com/how-eating-disorders-and-substance-use-overlap-in-women/","","follow, index, max-snippet:-1, max-video-preview:-1, max-image-preview:large","","","","",""
"https://anchoredtidesrecovery.com/legal-drugs-are-still-drugs-a-hard-pill-to-swallow/","1","Indexable","","https://anchoredtidesrecovery.com/legal-drugs-are-still-drugs-a-hard-pill-to-swallow/","","follow, index, max-snippet:-1, max-video-preview:-1, max-image-preview:large","","","","",""
"https://anchoredtidesrecovery.com/marijuana-dui-california/","1","Indexable","","https://anchoredtidesrecovery.com/marijuana-dui-california/","","follow, index, max-snippet:-1, max-video-preview:-1, max-image-preview:large","","","","",""
"https://anchoredtidesrecovery.com/what-is-reiki-therapy/","1","Indexable","","https://anchoredtidesrecovery.com/what-is-reiki-therapy/","","follow, index, max-snippet:-1, max-video-preview:-1, max-image-preview:large","","","","",""
"https://anchoredtidesrecovery.com/liminal-space-learning-to-transition/","1","Indexable","","https://anchoredtidesrecovery.com/liminal-space-learning-to-transition/","","follow, index, max-snippet:-1, max-video-preview:-1, max-image-preview:large","","","","",""
"https://anchoredtidesrecovery.com/understanding-relapse/","1","Indexable","","https://anchoredtidesrecovery.com/understanding-relapse/","","follow, index, max-snippet:-1, max-video-preview:-1, max-image-preview:large","","","","",""
"https://anchoredtidesrecovery.com/faqs/","1","Indexable","","https://anchoredtidesrecovery.com/faqs/","","follow, index, max-snippet:-1, max-video-preview:-1, max-image-preview:large","","","","",""
"https://anchoredtidesrecovery.com/knowing-when-its-time-to-plan-a-drug-and-alcohol-intervention/","1","Indexable","","https://anchoredtidesrecovery.com/knowing-when-its-time-to-plan-a-drug-and-alcohol-intervention/","","follow, index, max-snippet:-1, max-video-preview:-1, max-image-preview:large","","","","",""
"https://anchoredtidesrecovery.com/5-steps-to-leave-an-abusive-relationship/","1","Indexable","","https://anchoredtidesrecovery.com/5-steps-to-leave-an-abusive-relationship/","","follow, index, max-snippet:-1, max-video-preview:-1, max-image-preview:large","","","","",""
"https://anchoredtidesrecovery.com/all-you-need-to-know-about-gender-specific-rehab/","1","Indexable","","https://anchoredtidesrecovery.com/all-you-need-to-know-about-gender-specific-rehab/","","follow, index, max-snippet:-1, max-video-preview:-1, max-image-preview:large","","","","",""
"https://anchoredtidesrecovery.com/thc-detox-at-anchored-tides-recovery/","1","Indexable","","https://anchoredtidesrecovery.com/thc-detox-at-anchored-tides-recovery/","","follow, index, max-snippet:-1, max-video-preview:-1, max-image-preview:large","","","","",""
"https://anchoredtidesrecovery.com/meditation-for-stress-reduction/","1","Indexable","","https://anchoredtidesrecovery.com/meditation-for-stress-reduction/","","follow, index, max-snippet:-1, max-video-preview:-1, max-image-preview:large","","","","",""
"https://anchoredtidesrecovery.com/how-a-womens-only-addiction-treatment-center-can-help-you/","1","Indexable","","https://anchoredtidesrecovery.com/how-a-womens-only-addiction-treatment-center-can-help-you/","","follow, index, max-snippet:-1, max-video-preview:-1, max-image-preview:large","","","","",""
"https://anchoredtidesrecovery.com/treatment-for-behavioral-addictions/","1","Indexable","","https://anchoredtidesrecovery.com/treatment-for-behavioral-addictions/","","follow, index, max-snippet:-1, max-video-preview:-1, max-image-preview:large","","","","",""
"https://anchoredtidesrecovery.com/the-risks-of-lsd/","1","Indexable","","https://anchoredtidesrecovery.com/the-risks-of-lsd/","","follow, index, max-snippet:-1, max-video-preview:-1, max-image-preview:large","","","","",""
"https://anchoredtidesrecovery.com/mothers-with-a-prescription-drug-addiction/","1","Indexable","","https://anchoredtidesrecovery.com/mothers-with-a-prescription-drug-addiction/","","follow, index, max-snippet:-1, max-video-preview:-1, max-image-preview:large","","","","",""
"https://anchoredtidesrecovery.com/fentanyl-faqs/","1","Indexable","","https://anchoredtidesrecovery.com/fentanyl-faqs/","","follow, index, max-snippet:-1, max-video-preview:-1, max-image-preview:large","","","","",""
"https://anchoredtidesrecovery.com/domestic-abuse-substance-abuse-for-women/","1","Indexable","","https://anchoredtidesrecovery.com/domestic-abuse-substance-abuse-for-women/","","follow, index, max-snippet:-1, max-video-preview:-1, max-image-preview:large","","","","",""
"https://anchoredtidesrecovery.com/journaling-and-expressive-writing/","1","Indexable","","https://anchoredtidesrecovery.com/journaling-and-expressive-writing/","","follow, index, max-snippet:-1, max-video-preview:-1, max-image-preview:large","","","","",""
"https://anchoredtidesrecovery.com/signs-of-alcohol-addiction-does-my-loved-one-need-help/","1","Indexable","","https://anchoredtidesrecovery.com/signs-of-alcohol-addiction-does-my-loved-one-need-help/","","follow, index, max-snippet:-1, max-video-preview:-1, max-image-preview:large","","","","",""
"https://anchoredtidesrecovery.com/tips-on-finding-a-job-after-rehab/","1","Indexable","","https://anchoredtidesrecovery.com/tips-on-finding-a-job-after-rehab/","","follow, index, max-snippet:-1, max-video-preview:-1, max-image-preview:large","","","","",""
"https://anchoredtidesrecovery.com/what-mental-illnesses-is-most-common-in-women/","1","Indexable","","https://anchoredtidesrecovery.com/what-mental-illnesses-is-most-common-in-women/","","follow, index, max-snippet:-1, max-video-preview:-1, max-image-preview:large","","","","",""
"https://anchoredtidesrecovery.com/relapse-definition-part-of-the-addiction-cycle/","1","Indexable","","https://anchoredtidesrecovery.com/relapse-definition-part-of-the-addiction-cycle/","","follow, index, max-snippet:-1, max-video-preview:-1, max-image-preview:large","","","","",""
"https://anchoredtidesrecovery.com/holiday-stress-management-tips-for-young-adults/","1","Indexable","","https://anchoredtidesrecovery.com/holiday-stress-management-tips-for-young-adults/","","follow, index, max-snippet:-1, max-video-preview:-1, max-image-preview:large","","","","",""
"https://anchoredtidesrecovery.com/americas-war-on-drugs-did-it-work/","1","Indexable","","https://anchoredtidesrecovery.com/americas-war-on-drugs-did-it-work/","","follow, index, max-snippet:-1, max-video-preview:-1, max-image-preview:large","","","","",""
"https://anchoredtidesrecovery.com/the-importance-of-exercise-and-self-care/","1","Indexable","","https://anchoredtidesrecovery.com/the-importance-of-exercise-and-self-care/","","follow, index, max-snippet:-1, max-video-preview:-1, max-image-preview:large","","","","",""
"https://anchoredtidesrecovery.com/benefits-of-having-a-social-worker-in/","1","Indexable","","https://anchoredtidesrecovery.com/benefits-of-having-a-social-worker-in/","","follow, index, max-snippet:-1, max-video-preview:-1, max-image-preview:large","","","","",""
"https://anchoredtidesrecovery.com/anxiety-at-work/","1","Indexable","","https://anchoredtidesrecovery.com/anxiety-at-work/","","follow, index, max-snippet:-1, max-video-preview:-1, max-image-preview:large","","","","",""
"https://anchoredtidesrecovery.com/substance-abuse-among-women/","1","Indexable","","https://anchoredtidesrecovery.com/substance-abuse-among-women/","","follow, index, max-snippet:-1, max-video-preview:-1, max-image-preview:large","","","","",""
"https://anchoredtidesrecovery.com/power-of-gender-specific-needs/","1","Indexable","","https://anchoredtidesrecovery.com/power-of-gender-specific-needs/","","follow, index, max-snippet:-1, max-video-preview:-1, max-image-preview:large","","","","",""
"https://anchoredtidesrecovery.com/category/alcohol-use-disorder/","1","Indexable","","https://anchoredtidesrecovery.com/category/alcohol-use-disorder/","","follow, index, max-snippet:-1, max-video-preview:-1, max-image-preview:large","","https://anchoredtidesrecovery.com/category/alcohol-use-disorder/page/2/","","",""
"https://anchoredtidesrecovery.com/intensive-outpatient-programs-in-orange-county/","1","Indexable","","https://anchoredtidesrecovery.com/intensive-outpatient-programs-in-orange-county/","","follow, index, max-snippet:-1, max-video-preview:-1, max-image-preview:large","","","","",""
"https://anchoredtidesrecovery.com/relationship-ptsd-symptoms-in-women/","1","Indexable","","https://anchoredtidesrecovery.com/relationship-ptsd-symptoms-in-women/","","follow, index, max-snippet:-1, max-video-preview:-1, max-image-preview:large","","","","",""
"https://anchoredtidesrecovery.com/suicidal-ideation/","1","Indexable","","https://anchoredtidesrecovery.com/suicidal-ideation/","","follow, index, max-snippet:-1, max-video-preview:-1, max-image-preview:large","","","","",""
"https://anchoredtidesrecovery.com/support-systems-for-long-term-recovery/","1","Indexable","","https://anchoredtidesrecovery.com/support-systems-for-long-term-recovery/","","follow, index, max-snippet:-1, max-video-preview:-1, max-image-preview:large","","","","",""
"https://anchoredtidesrecovery.com/breaking-the-habit/","1","Indexable","","https://anchoredtidesrecovery.com/breaking-the-habit/","","follow, index, max-snippet:-1, max-video-preview:-1, max-image-preview:large","","","","",""
"https://anchoredtidesrecovery.com/coronavirus-disease-covid-19-awareness-and-prevention/","1","Indexable","","https://anchoredtidesrecovery.com/coronavirus-disease-covid-19-awareness-and-prevention/","","follow, index, max-snippet:-1, max-video-preview:-1, max-image-preview:large","","","","",""
"https://anchoredtidesrecovery.com/womens-addiction-treatment-center/therapies-and-modalities/","1","Indexable","","https://anchoredtidesrecovery.com/womens-addiction-treatment-center/therapies-and-modalities/","","follow, index, max-snippet:-1, max-video-preview:-1, max-image-preview:large","","","","",""
"https://anchoredtidesrecovery.com/planning-a-sober-girls-get-together/","1","Indexable","","https://anchoredtidesrecovery.com/planning-a-sober-girls-get-together/","","follow, index, max-snippet:-1, max-video-preview:-1, max-image-preview:large","","","","",""
"https://anchoredtidesrecovery.com/relapse-prevention-for-women/","1","Indexable","","https://anchoredtidesrecovery.com/relapse-prevention-for-women/","","follow, index, max-snippet:-1, max-video-preview:-1, max-image-preview:large","","","","",""
"https://anchoredtidesrecovery.com/all-you-need-to-know-about-weed-addiction/","1","Indexable","","https://anchoredtidesrecovery.com/all-you-need-to-know-about-weed-addiction/","","follow, index, max-snippet:-1, max-video-preview:-1, max-image-preview:large","","","","",""
"https://anchoredtidesrecovery.com/how-to-approach-a-loved-one-about-addiction/","1","Indexable","","https://anchoredtidesrecovery.com/how-to-approach-a-loved-one-about-addiction/","","follow, index, max-snippet:-1, max-video-preview:-1, max-image-preview:large","","","","",""
"https://anchoredtidesrecovery.com/how-to-identify-toxic-positivity/","1","Indexable","","https://anchoredtidesrecovery.com/how-to-identify-toxic-positivity/","","follow, index, max-snippet:-1, max-video-preview:-1, max-image-preview:large","","","","",""
"https://anchoredtidesrecovery.com/therapy-options/","1","Indexable","","https://anchoredtidesrecovery.com/therapy-options/","","follow, index, max-snippet:-1, max-video-preview:-1, max-image-preview:large","","","","",""
"https://anchoredtidesrecovery.com/how-to-navigate-addiction-recovery-during-the-holiday-season/","1","Indexable","","https://anchoredtidesrecovery.com/how-to-navigate-addiction-recovery-during-the-holiday-season/","","follow, index, max-snippet:-1, max-video-preview:-1, max-image-preview:large","","","","",""
"https://anchoredtidesrecovery.com/does-being-in-recovery-have-to-be-a-life-sentence/","1","Indexable","","https://anchoredtidesrecovery.com/does-being-in-recovery-have-to-be-a-life-sentence/","","follow, index, max-snippet:-1, max-video-preview:-1, max-image-preview:large","","","","",""
"https://anchoredtidesrecovery.com/dealing-with-setbacks-in-recovery/","1","Indexable","","https://anchoredtidesrecovery.com/dealing-with-setbacks-in-recovery/","","follow, index, max-snippet:-1, max-video-preview:-1, max-image-preview:large","","","","",""
"https://anchoredtidesrecovery.com/category/intensive-outpatient-program/","1","Indexable","","https://anchoredtidesrecovery.com/category/intensive-outpatient-program/","","follow, index, max-snippet:-1, max-video-preview:-1, max-image-preview:large","","","","",""
"https://anchoredtidesrecovery.com/category/levels-of-care/","1","Indexable","","https://anchoredtidesrecovery.com/category/levels-of-care/","","follow, index, max-snippet:-1, max-video-preview:-1, max-image-preview:large","","https://anchoredtidesrecovery.com/category/levels-of-care/page/2/","","",""
"https://anchoredtidesrecovery.com/the-relationship-between-personality-traits-and-addiction/","1","Indexable","","https://anchoredtidesrecovery.com/the-relationship-between-personality-traits-and-addiction/","","follow, index, max-snippet:-1, max-video-preview:-1, max-image-preview:large","","","","",""
"https://anchoredtidesrecovery.com/relapse-triggers-and-what-you-should-look-out-for/","1","Indexable","","https://anchoredtidesrecovery.com/relapse-triggers-and-what-you-should-look-out-for/","","follow, index, max-snippet:-1, max-video-preview:-1, max-image-preview:large","","","","",""
"https://anchoredtidesrecovery.com/outpatient-treatment-long-term-success/","1","Indexable","","https://anchoredtidesrecovery.com/outpatient-treatment-long-term-success/","","follow, index, max-snippet:-1, max-video-preview:-1, max-image-preview:large","","","","",""
"https://anchoredtidesrecovery.com/how-to-talk-to-your-family-about-mat/","1","Indexable","","https://anchoredtidesrecovery.com/how-to-talk-to-your-family-about-mat/","","follow, index, max-snippet:-1, max-video-preview:-1, max-image-preview:large","","","","",""
"https://anchoredtidesrecovery.com/holistic-approach-to-addiction-treatment/","1","Indexable","","https://anchoredtidesrecovery.com/holistic-approach-to-addiction-treatment/","","follow, index, max-snippet:-1, max-video-preview:-1, max-image-preview:large","","","","",""
"https://anchoredtidesrecovery.com/benefits-of-female-only-treatment/","1","Indexable","","https://anchoredtidesrecovery.com/benefits-of-female-only-treatment/","","follow, index, max-snippet:-1, max-video-preview:-1, max-image-preview:large","","","","",""
"https://anchoredtidesrecovery.com/the-silence-of-a-clients-death/","1","Indexable","","https://anchoredtidesrecovery.com/the-silence-of-a-clients-death/","","follow, index, max-snippet:-1, max-video-preview:-1, max-image-preview:large","","","","",""
"https://anchoredtidesrecovery.com/how-to-stop-alcohol-cravings/","1","Indexable","","https://anchoredtidesrecovery.com/how-to-stop-alcohol-cravings/","","follow, index, max-snippet:-1, max-video-preview:-1, max-image-preview:large","","","","",""
"https://anchoredtidesrecovery.com/the-reality-of-dating-an-addict/","1","Indexable","","https://anchoredtidesrecovery.com/the-reality-of-dating-an-addict/","","follow, index, max-snippet:-1, max-video-preview:-1, max-image-preview:large","","","","",""
"https://anchoredtidesrecovery.com/is-drug-addiction-genetic/","1","Indexable","","https://anchoredtidesrecovery.com/is-drug-addiction-genetic/","","follow, index, max-snippet:-1, max-video-preview:-1, max-image-preview:large","","","","",""
"https://anchoredtidesrecovery.com/after-care-with-supportive-housing/","1","Indexable","","https://anchoredtidesrecovery.com/after-care-with-supportive-housing/","","follow, index, max-snippet:-1, max-video-preview:-1, max-image-preview:large","","","","",""
"https://anchoredtidesrecovery.com/outpatient-treatment/","1","Indexable","","https://anchoredtidesrecovery.com/outpatient-treatment/","","follow, index, max-snippet:-1, max-video-preview:-1, max-image-preview:large","","","","",""
"https://anchoredtidesrecovery.com/a-guide-to-being-a-better-parent-in-recovery/","1","Indexable","","https://anchoredtidesrecovery.com/a-guide-to-being-a-better-parent-in-recovery/","","follow, index, max-snippet:-1, max-video-preview:-1, max-image-preview:large","","","","",""
"https://anchoredtidesrecovery.com/how-long-does-marijuana-stay-in-your-system-2/","1","Indexable","","https://anchoredtidesrecovery.com/how-long-does-marijuana-stay-in-your-system-2/","","follow, index, max-snippet:-1, max-video-preview:-1, max-image-preview:large","","","","",""
"https://anchoredtidesrecovery.com/maintaining-sobriety/","1","Indexable","","https://anchoredtidesrecovery.com/maintaining-sobriety/","","follow, index, max-snippet:-1, max-video-preview:-1, max-image-preview:large","","","","",""
"https://anchoredtidesrecovery.com/dialectical-behavior-therapy-and-you/","1","Indexable","","https://anchoredtidesrecovery.com/dialectical-behavior-therapy-and-you/","","follow, index, max-snippet:-1, max-video-preview:-1, max-image-preview:large","","","","",""
"https://anchoredtidesrecovery.com/coaching-options/","1","Indexable","","https://anchoredtidesrecovery.com/coaching-options/","","follow, index, max-snippet:-1, max-video-preview:-1, max-image-preview:large","","","","",""
"https://anchoredtidesrecovery.com/non-12-step-treatment-in-huntington-beach-ca/","1","Indexable","","https://anchoredtidesrecovery.com/non-12-step-treatment-in-huntington-beach-ca/","","follow, index, max-snippet:-1, max-video-preview:-1, max-image-preview:large","","","","",""
"https://anchoredtidesrecovery.com/stigmas-of-mental-health-and-addiction/","1","Indexable","","https://anchoredtidesrecovery.com/stigmas-of-mental-health-and-addiction/","","follow, index, max-snippet:-1, max-video-preview:-1, max-image-preview:large","","","","",""
"https://anchoredtidesrecovery.com/category/relapse-recovery-maintenance/","1","Indexable","","https://anchoredtidesrecovery.com/category/relapse-recovery-maintenance/","","follow, index, max-snippet:-1, max-video-preview:-1, max-image-preview:large","","https://anchoredtidesrecovery.com/category/relapse-recovery-maintenance/page/2/","","",""
"https://anchoredtidesrecovery.com/creating-your-success-story-opting-for-alcohol-or-drug-treatment/","1","Indexable","","https://anchoredtidesrecovery.com/creating-your-success-story-opting-for-alcohol-or-drug-treatment/","","follow, index, max-snippet:-1, max-video-preview:-1, max-image-preview:large","","","","",""
"https://anchoredtidesrecovery.com/following-the-principle-of-love-languages/","1","Indexable","","https://anchoredtidesrecovery.com/following-the-principle-of-love-languages/","","follow, index, max-snippet:-1, max-video-preview:-1, max-image-preview:large","","","","",""
"https://anchoredtidesrecovery.com/a-huntington-beach-california-womens-only-outpatient-program/","1","Indexable","","https://anchoredtidesrecovery.com/a-huntington-beach-california-womens-only-outpatient-program/","","follow, index, max-snippet:-1, max-video-preview:-1, max-image-preview:large","","","","",""
"https://anchoredtidesrecovery.com/united-healthcare-information/","1","Indexable","","https://anchoredtidesrecovery.com/united-healthcare-information/","","follow, index, max-snippet:-1, max-video-preview:-1, max-image-preview:large","","","","",""
"https://anchoredtidesrecovery.com/embracing-a-life-beyond-addiction/","1","Indexable","","https://anchoredtidesrecovery.com/embracing-a-life-beyond-addiction/","","follow, index, max-snippet:-1, max-video-preview:-1, max-image-preview:large","","","","",""
"https://anchoredtidesrecovery.com/what-makes-womens-addiction-treatment-unique/","1","Indexable","","https://anchoredtidesrecovery.com/what-makes-womens-addiction-treatment-unique/","","follow, index, max-snippet:-1, max-video-preview:-1, max-image-preview:large","","","","",""
"https://anchoredtidesrecovery.com/women-and-addiction-understanding-the-connection-and-overcoming-stigma/","1","Indexable","","https://anchoredtidesrecovery.com/women-and-addiction-understanding-the-connection-and-overcoming-stigma/","","follow, index, max-snippet:-1, max-video-preview:-1, max-image-preview:large","","","","",""
"https://anchoredtidesrecovery.com/older-women-and-alcohol-use/","1","Indexable","","https://anchoredtidesrecovery.com/older-women-and-alcohol-use/","","follow, index, max-snippet:-1, max-video-preview:-1, max-image-preview:large","","","","",""
"https://anchoredtidesrecovery.com/understanding-emotional-sobriety/","1","Indexable","","https://anchoredtidesrecovery.com/understanding-emotional-sobriety/","","follow, index, max-snippet:-1, max-video-preview:-1, max-image-preview:large","","","","",""
"https://anchoredtidesrecovery.com/overcoming-shame-and-guilt/","1","Indexable","","https://anchoredtidesrecovery.com/overcoming-shame-and-guilt/","","follow, index, max-snippet:-1, max-video-preview:-1, max-image-preview:large","","","","",""
"https://anchoredtidesrecovery.com/what-are-the-different-types-of-addiction/","1","Indexable","","https://anchoredtidesrecovery.com/what-are-the-different-types-of-addiction/","","follow, index, max-snippet:-1, max-video-preview:-1, max-image-preview:large","","","","",""
"https://anchoredtidesrecovery.com/is-gender-specific-treatment-actually-gender-specific/","1","Indexable","","https://anchoredtidesrecovery.com/is-gender-specific-treatment-actually-gender-specific/","","follow, index, max-snippet:-1, max-video-preview:-1, max-image-preview:large","","","","",""
"https://anchoredtidesrecovery.com/dont-be-intimidated-by-the-people-who-will-save-you/","1","Indexable","","https://anchoredtidesrecovery.com/dont-be-intimidated-by-the-people-who-will-save-you/","","follow, index, max-snippet:-1, max-video-preview:-1, max-image-preview:large","","","","",""
"https://anchoredtidesrecovery.com/how-to-stop-comparing-yourself-to-others/","1","Indexable","","https://anchoredtidesrecovery.com/how-to-stop-comparing-yourself-to-others/","","follow, index, max-snippet:-1, max-video-preview:-1, max-image-preview:large","","","","",""
"https://anchoredtidesrecovery.com/fun-sober-nights-with-friends/","1","Indexable","","https://anchoredtidesrecovery.com/fun-sober-nights-with-friends/","","follow, index, max-snippet:-1, max-video-preview:-1, max-image-preview:large","","","","",""
"https://anchoredtidesrecovery.com/what-is-addiction/","1","Indexable","","https://anchoredtidesrecovery.com/what-is-addiction/","","follow, index, max-snippet:-1, max-video-preview:-1, max-image-preview:large","","","","",""
"https://anchoredtidesrecovery.com/how-to-confide-in-your-partner-about-your-addiction/","1","Indexable","","https://anchoredtidesrecovery.com/how-to-confide-in-your-partner-about-your-addiction/","","follow, index, max-snippet:-1, max-video-preview:-1, max-image-preview:large","","","","",""
"https://anchoredtidesrecovery.com/xanax-addiction-treatment-near-me/","1","Indexable","","https://anchoredtidesrecovery.com/xanax-addiction-treatment-near-me/","","follow, index, max-snippet:-1, max-video-preview:-1, max-image-preview:large","","","","",""
"https://anchoredtidesrecovery.com/womens-relapse-triggers-during-winter/","1","Indexable","","https://anchoredtidesrecovery.com/womens-relapse-triggers-during-winter/","","follow, index, max-snippet:-1, max-video-preview:-1, max-image-preview:large","","","","",""
"https://anchoredtidesrecovery.com/addiction-during-pregnancy-and-inpatient-rehab-for-women/","1","Indexable","","https://anchoredtidesrecovery.com/addiction-during-pregnancy-and-inpatient-rehab-for-women/","","follow, index, max-snippet:-1, max-video-preview:-1, max-image-preview:large","","","","",""
"https://anchoredtidesrecovery.com/al-anon/","1","Indexable","","https://anchoredtidesrecovery.com/al-anon/","","follow, index, max-snippet:-1, max-video-preview:-1, max-image-preview:large","","","","",""
"https://anchoredtidesrecovery.com/how-long-does-ativan-stay-in-your-system/","1","Indexable","","https://anchoredtidesrecovery.com/how-long-does-ativan-stay-in-your-system/","","follow, index, max-snippet:-1, max-video-preview:-1, max-image-preview:large","","","","",""
"https://anchoredtidesrecovery.com/technology-and-substance-abuse/","1","Indexable","","https://anchoredtidesrecovery.com/technology-and-substance-abuse/","","follow, index, max-snippet:-1, max-video-preview:-1, max-image-preview:large","","","","",""
"https://anchoredtidesrecovery.com/outpatient-drug-rehab-for-women/","1","Indexable","","https://anchoredtidesrecovery.com/outpatient-drug-rehab-for-women/","","follow, index, max-snippet:-1, max-video-preview:-1, max-image-preview:large","","","","",""
"https://anchoredtidesrecovery.com/meditation-in-addiction-recovery/","1","Indexable","","https://anchoredtidesrecovery.com/meditation-in-addiction-recovery/","","follow, index, max-snippet:-1, max-video-preview:-1, max-image-preview:large","","","","",""
"https://anchoredtidesrecovery.com/mindfulness-meditation/","1","Indexable","","https://anchoredtidesrecovery.com/mindfulness-meditation/","","follow, index, max-snippet:-1, max-video-preview:-1, max-image-preview:large","","","","",""
"https://anchoredtidesrecovery.com/body-dysmorphia-and-anorexia/","1","Indexable","","https://anchoredtidesrecovery.com/body-dysmorphia-and-anorexia/","","follow, index, max-snippet:-1, max-video-preview:-1, max-image-preview:large","","","","",""
"https://anchoredtidesrecovery.com/what-its-like-being-a-late-bloomer-in-alcoholism/","1","Indexable","","https://anchoredtidesrecovery.com/what-its-like-being-a-late-bloomer-in-alcoholism/","","follow, index, max-snippet:-1, max-video-preview:-1, max-image-preview:large","","","","",""
"https://anchoredtidesrecovery.com/therapy-in-rehab/","1","Indexable","","https://anchoredtidesrecovery.com/therapy-in-rehab/","","follow, index, max-snippet:-1, max-video-preview:-1, max-image-preview:large","","","","",""
"https://anchoredtidesrecovery.com/types-of-therapy-for-addiction-treatment/","1","Indexable","","https://anchoredtidesrecovery.com/types-of-therapy-for-addiction-treatment/","","follow, index, max-snippet:-1, max-video-preview:-1, max-image-preview:large","","","","",""
"https://anchoredtidesrecovery.com/trauma-disorders/","1","Indexable","","https://anchoredtidesrecovery.com/trauma-disorders/","","follow, index, max-snippet:-1, max-video-preview:-1, max-image-preview:large","","","","",""
"https://anchoredtidesrecovery.com/parenting-someone-with-a-cocaine-addiction/","1","Indexable","","https://anchoredtidesrecovery.com/parenting-someone-with-a-cocaine-addiction/","","follow, index, max-snippet:-1, max-video-preview:-1, max-image-preview:large","","","","",""
"https://anchoredtidesrecovery.com/alcoholism-gender-and-the-rate-of-addiction-in-women/","1","Indexable","","https://anchoredtidesrecovery.com/alcoholism-gender-and-the-rate-of-addiction-in-women/","","follow, index, max-snippet:-1, max-video-preview:-1, max-image-preview:large","","","","",""
"https://anchoredtidesrecovery.com/how-the-covid-19-lockdown-changed-addiction-treatment/","1","Indexable","","https://anchoredtidesrecovery.com/how-the-covid-19-lockdown-changed-addiction-treatment/","","follow, index, max-snippet:-1, max-video-preview:-1, max-image-preview:large","","","","",""
"https://anchoredtidesrecovery.com/narcotics-anonymous-12-steps/","1","Indexable","","https://anchoredtidesrecovery.com/narcotics-anonymous-12-steps/","","follow, index, max-snippet:-1, max-video-preview:-1, max-image-preview:large","","","","",""
"https://anchoredtidesrecovery.com/why-women-relapse-and-binge/","1","Indexable","","https://anchoredtidesrecovery.com/why-women-relapse-and-binge/","","follow, index, max-snippet:-1, max-video-preview:-1, max-image-preview:large","","","","",""
"https://anchoredtidesrecovery.com/breaking-down-the-12-step-program/","1","Indexable","","https://anchoredtidesrecovery.com/breaking-down-the-12-step-program/","","follow, index, max-snippet:-1, max-video-preview:-1, max-image-preview:large","","","","",""
"https://anchoredtidesrecovery.com/ongoing-support-in-recovery/","1","Indexable","","https://anchoredtidesrecovery.com/ongoing-support-in-recovery/","","follow, index, max-snippet:-1, max-video-preview:-1, max-image-preview:large","","","","",""
"https://anchoredtidesrecovery.com/heated-yoga-for-depression/","1","Indexable","","https://anchoredtidesrecovery.com/heated-yoga-for-depression/","","follow, index, max-snippet:-1, max-video-preview:-1, max-image-preview:large","","","","",""
"https://anchoredtidesrecovery.com/opioid-overdose-causes-signs-and-precautions/","1","Indexable","","https://anchoredtidesrecovery.com/opioid-overdose-causes-signs-and-precautions/","","follow, index, max-snippet:-1, max-video-preview:-1, max-image-preview:large","","","","",""
"https://anchoredtidesrecovery.com/building-emotional-intelligence/","1","Indexable","","https://anchoredtidesrecovery.com/building-emotional-intelligence/","","follow, index, max-snippet:-1, max-video-preview:-1, max-image-preview:large","","","","",""
"https://anchoredtidesrecovery.com/quitting-nicotine-the-next-step-to-a-healthy-life/","1","Indexable","","https://anchoredtidesrecovery.com/quitting-nicotine-the-next-step-to-a-healthy-life/","","follow, index, max-snippet:-1, max-video-preview:-1, max-image-preview:large","","","","",""
"https://anchoredtidesrecovery.com/women-drugs-commonly-abused-prescription-drugs/","1","Indexable","","https://anchoredtidesrecovery.com/women-drugs-commonly-abused-prescription-drugs/","","follow, index, max-snippet:-1, max-video-preview:-1, max-image-preview:large","","","","",""
"https://anchoredtidesrecovery.com/finding-a-work-life-balance/","1","Indexable","","https://anchoredtidesrecovery.com/finding-a-work-life-balance/","","follow, index, max-snippet:-1, max-video-preview:-1, max-image-preview:large","","","","",""
"https://anchoredtidesrecovery.com/alcohol-addiction-recovery-women/","1","Indexable","","https://anchoredtidesrecovery.com/alcohol-addiction-recovery-women/","","follow, index, max-snippet:-1, max-video-preview:-1, max-image-preview:large","","","","",""
"https://anchoredtidesrecovery.com/xanax-addiction/","1","Indexable","","https://anchoredtidesrecovery.com/xanax-addiction/","","follow, index, max-snippet:-1, max-video-preview:-1, max-image-preview:large","","","","",""
"https://anchoredtidesrecovery.com/creating-an-alternative-identity-to-being-an-addict/","1","Indexable","","https://anchoredtidesrecovery.com/creating-an-alternative-identity-to-being-an-addict/","","follow, index, max-snippet:-1, max-video-preview:-1, max-image-preview:large","","","","",""
"https://anchoredtidesrecovery.com/developing-a-support-system/","1","Indexable","","https://anchoredtidesrecovery.com/developing-a-support-system/","","follow, index, max-snippet:-1, max-video-preview:-1, max-image-preview:large","","","","",""
"https://anchoredtidesrecovery.com/how-food-affects-your-mood/","1","Indexable","","https://anchoredtidesrecovery.com/how-food-affects-your-mood/","","follow, index, max-snippet:-1, max-video-preview:-1, max-image-preview:large","","","","",""
"https://anchoredtidesrecovery.com/how-to-help-your-daughter-with-drug-addiction/","1","Indexable","","https://anchoredtidesrecovery.com/how-to-help-your-daughter-with-drug-addiction/","","follow, index, max-snippet:-1, max-video-preview:-1, max-image-preview:large","","","","",""
"https://anchoredtidesrecovery.com/the-link-between-sexual-abuse-and-addiction/","1","Indexable","","https://anchoredtidesrecovery.com/the-link-between-sexual-abuse-and-addiction/","","follow, index, max-snippet:-1, max-video-preview:-1, max-image-preview:large","","","","",""
"https://anchoredtidesrecovery.com/southern-california-drug-rehab/","1","Indexable","","https://anchoredtidesrecovery.com/southern-california-drug-rehab/","","follow, index, max-snippet:-1, max-video-preview:-1, max-image-preview:large","","","","",""
"https://anchoredtidesrecovery.com/differences-in-gender-specific-treatment/","1","Indexable","","https://anchoredtidesrecovery.com/differences-in-gender-specific-treatment/","","follow, index, max-snippet:-1, max-video-preview:-1, max-image-preview:large","","","","",""
"https://anchoredtidesrecovery.com/womens-addiction-treatment-center/therapies-and-modalities/cognitive-behavioral-therapy-cbt/","1","Indexable","","https://anchoredtidesrecovery.com/womens-addiction-treatment-center/therapies-and-modalities/cognitive-behavioral-therapy-cbt/","","follow, index, max-snippet:-1, max-video-preview:-1, max-image-preview:large","","","","",""
"https://anchoredtidesrecovery.com/is-heroin-addiction-a-disease/","1","Indexable","","https://anchoredtidesrecovery.com/is-heroin-addiction-a-disease/","","follow, index, max-snippet:-1, max-video-preview:-1, max-image-preview:large","","","","",""
"https://anchoredtidesrecovery.com/creating-a-new-self-image-in-recovery/","1","Indexable","","https://anchoredtidesrecovery.com/creating-a-new-self-image-in-recovery/","","follow, index, max-snippet:-1, max-video-preview:-1, max-image-preview:large","","","","",""
"https://anchoredtidesrecovery.com/finding-purpose-in-recovery/","1","Indexable","","https://anchoredtidesrecovery.com/finding-purpose-in-recovery/","","follow, index, max-snippet:-1, max-video-preview:-1, max-image-preview:large","","","","",""
"https://anchoredtidesrecovery.com/what-to-expect-in-rehab/","1","Indexable","","https://anchoredtidesrecovery.com/what-to-expect-in-rehab/","","follow, index, max-snippet:-1, max-video-preview:-1, max-image-preview:large","","","","",""
"https://anchoredtidesrecovery.com/what-is-a-spiritual-awakening-in-recovery/","1","Indexable","","https://anchoredtidesrecovery.com/what-is-a-spiritual-awakening-in-recovery/","","follow, index, max-snippet:-1, max-video-preview:-1, max-image-preview:large","","","","",""
"https://anchoredtidesrecovery.com/spirituality-and-sobriety/","1","Indexable","","https://anchoredtidesrecovery.com/spirituality-and-sobriety/","","follow, index, max-snippet:-1, max-video-preview:-1, max-image-preview:large","","","","",""
"https://anchoredtidesrecovery.com/service-areas/costa-mesa/","1","Indexable","","https://anchoredtidesrecovery.com/service-areas/costa-mesa/","","follow, index, max-snippet:-1, max-video-preview:-1, max-image-preview:large","","","","",""
"https://anchoredtidesrecovery.com/opioid-relapse-in-women/","1","Indexable","","https://anchoredtidesrecovery.com/opioid-relapse-in-women/","","follow, index, max-snippet:-1, max-video-preview:-1, max-image-preview:large","","","","",""
"https://anchoredtidesrecovery.com/does-having-an-addictive-personality-lead-to-addiction/","1","Indexable","","https://anchoredtidesrecovery.com/does-having-an-addictive-personality-lead-to-addiction/","","follow, index, max-snippet:-1, max-video-preview:-1, max-image-preview:large","","","","",""
"https://anchoredtidesrecovery.com/alternatives-to-alcohol-to-relax/","1","Indexable","","https://anchoredtidesrecovery.com/alternatives-to-alcohol-to-relax/","","follow, index, max-snippet:-1, max-video-preview:-1, max-image-preview:large","","","","",""
"https://anchoredtidesrecovery.com/living-with-chronic-pain/","1","Indexable","","https://anchoredtidesrecovery.com/living-with-chronic-pain/","","follow, index, max-snippet:-1, max-video-preview:-1, max-image-preview:large","","","","",""
"https://anchoredtidesrecovery.com/signs-a-loved-one-is-struggling-with-alcoholism-or-addiction/","1","Indexable","","https://anchoredtidesrecovery.com/signs-a-loved-one-is-struggling-with-alcoholism-or-addiction/","","follow, index, max-snippet:-1, max-video-preview:-1, max-image-preview:large","","","","",""
"https://anchoredtidesrecovery.com/how-drug-addiction-ruined-my-life/","1","Indexable","","https://anchoredtidesrecovery.com/how-drug-addiction-ruined-my-life/","","follow, index, max-snippet:-1, max-video-preview:-1, max-image-preview:large","","","","",""
"https://anchoredtidesrecovery.com/dbt-in-recovery/","1","Indexable","","https://anchoredtidesrecovery.com/dbt-in-recovery/","","follow, index, max-snippet:-1, max-video-preview:-1, max-image-preview:large","","","","",""
"https://anchoredtidesrecovery.com/why-women-relapse-during-the-fall/","1","Indexable","","https://anchoredtidesrecovery.com/why-women-relapse-during-the-fall/","","follow, index, max-snippet:-1, max-video-preview:-1, max-image-preview:large","","","","",""
"https://anchoredtidesrecovery.com/fetal-alcohol-syndrome-diagnosis-epidemiology-prevention-and-treatment/","1","Indexable","","https://anchoredtidesrecovery.com/fetal-alcohol-syndrome-diagnosis-epidemiology-prevention-and-treatment/","","follow, index, max-snippet:-1, max-video-preview:-1, max-image-preview:large","","","","",""
"https://anchoredtidesrecovery.com/empowerment-and-growth-celebrating-womens-strengths-and-achievements-in-recovery/","1","Indexable","","https://anchoredtidesrecovery.com/empowerment-and-growth-celebrating-womens-strengths-and-achievements-in-recovery/","","follow, index, max-snippet:-1, max-video-preview:-1, max-image-preview:large","","","","",""
"https://anchoredtidesrecovery.com/how-to-find-the-right-rehab-center-for-you/","1","Indexable","","https://anchoredtidesrecovery.com/how-to-find-the-right-rehab-center-for-you/","","follow, index, max-snippet:-1, max-video-preview:-1, max-image-preview:large","","","","",""
"https://anchoredtidesrecovery.com/is-outpatient-rehab-effective-for-women/","1","Indexable","","https://anchoredtidesrecovery.com/is-outpatient-rehab-effective-for-women/","","follow, index, max-snippet:-1, max-video-preview:-1, max-image-preview:large","","","","",""
"https://anchoredtidesrecovery.com/substance-abuse-co-dependency/","1","Indexable","","https://anchoredtidesrecovery.com/substance-abuse-co-dependency/","","follow, index, max-snippet:-1, max-video-preview:-1, max-image-preview:large","","","","",""
"https://anchoredtidesrecovery.com/5-influential-women/","1","Indexable","","https://anchoredtidesrecovery.com/5-influential-women/","","follow, index, max-snippet:-1, max-video-preview:-1, max-image-preview:large","","","","",""
"https://anchoredtidesrecovery.com/understanding-dual-diagnosis-treatment-for-women/","1","Indexable","","https://anchoredtidesrecovery.com/understanding-dual-diagnosis-treatment-for-women/","","follow, index, max-snippet:-1, max-video-preview:-1, max-image-preview:large","","","","",""
"https://anchoredtidesrecovery.com/importance-of-social-support-groups/","1","Indexable","","https://anchoredtidesrecovery.com/importance-of-social-support-groups/","","follow, index, max-snippet:-1, max-video-preview:-1, max-image-preview:large","","","","",""
"https://anchoredtidesrecovery.com/understanding-addiction-taking-care-of-your-mental-health-when-a-loved-one-is-battling-addiction/","1","Indexable","","https://anchoredtidesrecovery.com/understanding-addiction-taking-care-of-your-mental-health-when-a-loved-one-is-battling-addiction/","","follow, index, max-snippet:-1, max-video-preview:-1, max-image-preview:large","","","","",""
"https://anchoredtidesrecovery.com/am-i-an-alcoholic-can-you-be-an-alcoholic-and-not-drink-every-day/","1","Indexable","","https://anchoredtidesrecovery.com/am-i-an-alcoholic-can-you-be-an-alcoholic-and-not-drink-every-day/","","follow, index, max-snippet:-1, max-video-preview:-1, max-image-preview:large","","","","",""
"https://anchoredtidesrecovery.com/female-musicians-beat-addiction/","1","Indexable","","https://anchoredtidesrecovery.com/female-musicians-beat-addiction/","","follow, index, max-snippet:-1, max-video-preview:-1, max-image-preview:large","","","","",""
"https://anchoredtidesrecovery.com/maintaining-long-term-sobriety/","1","Indexable","","https://anchoredtidesrecovery.com/maintaining-long-term-sobriety/","","follow, index, max-snippet:-1, max-video-preview:-1, max-image-preview:large","","","","",""
"https://anchoredtidesrecovery.com/cocaine-addiction-in-women/","1","Indexable","","https://anchoredtidesrecovery.com/cocaine-addiction-in-women/","","follow, index, max-snippet:-1, max-video-preview:-1, max-image-preview:large","","","","",""
"https://anchoredtidesrecovery.com/the-guide-to-eating-disorders-in-women/","1","Indexable","","https://anchoredtidesrecovery.com/the-guide-to-eating-disorders-in-women/","","follow, index, max-snippet:-1, max-video-preview:-1, max-image-preview:large","","","","",""
"https://anchoredtidesrecovery.com/veteran-mental-health/","1","Indexable","","https://anchoredtidesrecovery.com/veteran-mental-health/","","follow, index, max-snippet:-1, max-video-preview:-1, max-image-preview:large","","","","",""
"https://anchoredtidesrecovery.com/are-you-looking-for-a-rehab-treatment-center-in-huntington-beach-ca/","1","Indexable","","https://anchoredtidesrecovery.com/are-you-looking-for-a-rehab-treatment-center-in-huntington-beach-ca/","","follow, index, max-snippet:-1, max-video-preview:-1, max-image-preview:large","","","","",""
"https://anchoredtidesrecovery.com/addiction-and-employment-get-help-dont-get-fired/","1","Indexable","","https://anchoredtidesrecovery.com/addiction-and-employment-get-help-dont-get-fired/","","follow, index, max-snippet:-1, max-video-preview:-1, max-image-preview:large","","","","",""
"https://anchoredtidesrecovery.com/what-is-oppositional-defiant-disorder-odd/","1","Indexable","","https://anchoredtidesrecovery.com/what-is-oppositional-defiant-disorder-odd/","","follow, index, max-snippet:-1, max-video-preview:-1, max-image-preview:large","","","","",""
"https://anchoredtidesrecovery.com/a-guide-to-success-planning-an-intervention/","1","Indexable","","https://anchoredtidesrecovery.com/a-guide-to-success-planning-an-intervention/","","follow, index, max-snippet:-1, max-video-preview:-1, max-image-preview:large","","","","",""
"https://anchoredtidesrecovery.com/life-beyond-addiction/","1","Indexable","","https://anchoredtidesrecovery.com/life-beyond-addiction/","","follow, index, max-snippet:-1, max-video-preview:-1, max-image-preview:large","","","","",""
"https://anchoredtidesrecovery.com/individualized-treatment-plans/","1","Indexable","","https://anchoredtidesrecovery.com/individualized-treatment-plans/","","follow, index, max-snippet:-1, max-video-preview:-1, max-image-preview:large","","","","",""
"https://anchoredtidesrecovery.com/what-are-the-best-crystals-for-anxiety-and-stress/","1","Indexable","","https://anchoredtidesrecovery.com/what-are-the-best-crystals-for-anxiety-and-stress/","","follow, index, max-snippet:-1, max-video-preview:-1, max-image-preview:large","","","","",""
"https://anchoredtidesrecovery.com/why-cant-i-control-my-drinking-after-just-one-drink/","1","Indexable","","https://anchoredtidesrecovery.com/why-cant-i-control-my-drinking-after-just-one-drink/","","follow, index, max-snippet:-1, max-video-preview:-1, max-image-preview:large","","","","",""
"https://anchoredtidesrecovery.com/trauma-informed-therapy-long-term-sobriety/","1","Indexable","","https://anchoredtidesrecovery.com/trauma-informed-therapy-long-term-sobriety/","","follow, index, max-snippet:-1, max-video-preview:-1, max-image-preview:large","","","","",""
"https://anchoredtidesrecovery.com/anchored-tides-supports-rock-to-recovery-benefit/","1","Indexable","","https://anchoredtidesrecovery.com/anchored-tides-supports-rock-to-recovery-benefit/","","follow, index, max-snippet:-1, max-video-preview:-1, max-image-preview:large","","","","",""
"https://anchoredtidesrecovery.com/spirituality-for-women-in-recovery/","1","Indexable","","https://anchoredtidesrecovery.com/spirituality-for-women-in-recovery/","","follow, index, max-snippet:-1, max-video-preview:-1, max-image-preview:large","","","","",""
"https://anchoredtidesrecovery.com/why-young-women-self-silence-and-its-impact-on-mental-health/","1","Indexable","","https://anchoredtidesrecovery.com/why-young-women-self-silence-and-its-impact-on-mental-health/","","follow, index, max-snippet:-1, max-video-preview:-1, max-image-preview:large","","","","",""
"https://anchoredtidesrecovery.com/holistic-ways-for-women-to-manage-pain-in-recovery/","1","Indexable","","https://anchoredtidesrecovery.com/holistic-ways-for-women-to-manage-pain-in-recovery/","","follow, index, max-snippet:-1, max-video-preview:-1, max-image-preview:large","","","","",""
"https://anchoredtidesrecovery.com/life-skills-early-recovery-title/","1","Indexable","","https://anchoredtidesrecovery.com/life-skills-early-recovery-title/","","follow, index, max-snippet:-1, max-video-preview:-1, max-image-preview:large","","","","",""
"https://anchoredtidesrecovery.com/life-in-recovery/","1","Indexable","","https://anchoredtidesrecovery.com/life-in-recovery/","","follow, index, max-snippet:-1, max-video-preview:-1, max-image-preview:large","","","","",""
"https://anchoredtidesrecovery.com/alcohol-and-postpartum-depression/","1","Indexable","","https://anchoredtidesrecovery.com/alcohol-and-postpartum-depression/","","follow, index, max-snippet:-1, max-video-preview:-1, max-image-preview:large","","","","",""
"https://anchoredtidesrecovery.com/outdoor-therapy-for-women-in-recovery/","1","Indexable","","https://anchoredtidesrecovery.com/outdoor-therapy-for-women-in-recovery/","","follow, index, max-snippet:-1, max-video-preview:-1, max-image-preview:large","","","","",""
"https://anchoredtidesrecovery.com/partial-hospitalization-for-you/","1","Indexable","","https://anchoredtidesrecovery.com/partial-hospitalization-for-you/","","follow, index, max-snippet:-1, max-video-preview:-1, max-image-preview:large","","","","",""
"https://anchoredtidesrecovery.com/category/partial-hospitalization-program/","1","Indexable","","https://anchoredtidesrecovery.com/category/partial-hospitalization-program/","","follow, index, max-snippet:-1, max-video-preview:-1, max-image-preview:large","","","","",""
"https://anchoredtidesrecovery.com/common-opioid-drugs-what-you-need-to-know/","1","Indexable","","https://anchoredtidesrecovery.com/common-opioid-drugs-what-you-need-to-know/","","follow, index, max-snippet:-1, max-video-preview:-1, max-image-preview:large","","","","",""
"https://anchoredtidesrecovery.com/the-rise-of-nicotine-addiction/","1","Indexable","","https://anchoredtidesrecovery.com/the-rise-of-nicotine-addiction/","","follow, index, max-snippet:-1, max-video-preview:-1, max-image-preview:large","","","","",""
"https://anchoredtidesrecovery.com/how-long-does-alcohol-stay-in-your-system/","1","Indexable","","https://anchoredtidesrecovery.com/how-long-does-alcohol-stay-in-your-system/","","follow, index, max-snippet:-1, max-video-preview:-1, max-image-preview:large","","","","",""
"https://anchoredtidesrecovery.com/sober-living-for-women-in-huntington-beach/","1","Indexable","","https://anchoredtidesrecovery.com/sober-living-for-women-in-huntington-beach/","","follow, index, max-snippet:-1, max-video-preview:-1, max-image-preview:large","","","","",""
"https://anchoredtidesrecovery.com/mdma-ptsd-recovering-from-trauma/","1","Indexable","","https://anchoredtidesrecovery.com/mdma-ptsd-recovering-from-trauma/","","follow, index, max-snippet:-1, max-video-preview:-1, max-image-preview:large","","","","",""
"https://anchoredtidesrecovery.com/downgrading-from-hard-drugs/","1","Indexable","","https://anchoredtidesrecovery.com/downgrading-from-hard-drugs/","","follow, index, max-snippet:-1, max-video-preview:-1, max-image-preview:large","","","","",""
"https://anchoredtidesrecovery.com/understanding-the-duration-of-molly-in-your-urine/","1","Indexable","","https://anchoredtidesrecovery.com/understanding-the-duration-of-molly-in-your-urine/","","follow, index, max-snippet:-1, max-video-preview:-1, max-image-preview:large","","","","",""
"https://anchoredtidesrecovery.com/sober-october/","1","Indexable","","https://anchoredtidesrecovery.com/sober-october/","","follow, index, max-snippet:-1, max-video-preview:-1, max-image-preview:large","","","","",""
"https://anchoredtidesrecovery.com/careers-that-go-well-with-being-in-recovery/","1","Indexable","","https://anchoredtidesrecovery.com/careers-that-go-well-with-being-in-recovery/","","follow, index, max-snippet:-1, max-video-preview:-1, max-image-preview:large","","","","",""
"https://anchoredtidesrecovery.com/overcoming-cravings-one-day-at-a-time/","1","Indexable","","https://anchoredtidesrecovery.com/overcoming-cravings-one-day-at-a-time/","","follow, index, max-snippet:-1, max-video-preview:-1, max-image-preview:large","","","","",""
"https://anchoredtidesrecovery.com/the-best-dual-diagnosis-treatment-centers-for-women/","1","Indexable","","https://anchoredtidesrecovery.com/the-best-dual-diagnosis-treatment-centers-for-women/","","follow, index, max-snippet:-1, max-video-preview:-1, max-image-preview:large","","","","",""
"https://anchoredtidesrecovery.com/self-awareness-mastery-of-emotional-intelligence/","1","Indexable","","https://anchoredtidesrecovery.com/self-awareness-mastery-of-emotional-intelligence/","","follow, index, max-snippet:-1, max-video-preview:-1, max-image-preview:large","","","","",""
"https://anchoredtidesrecovery.com/5-questions-to-ask-when-dealing-with-trauma-and-rehab/","1","Indexable","","https://anchoredtidesrecovery.com/5-questions-to-ask-when-dealing-with-trauma-and-rehab/","","follow, index, max-snippet:-1, max-video-preview:-1, max-image-preview:large","","","","",""
"https://anchoredtidesrecovery.com/building-resilience/","1","Indexable","","https://anchoredtidesrecovery.com/building-resilience/","","follow, index, max-snippet:-1, max-video-preview:-1, max-image-preview:large","","","","",""
"https://anchoredtidesrecovery.com/easy-self-care-and-self-love-tips-for-an-addict/","1","Indexable","","https://anchoredtidesrecovery.com/easy-self-care-and-self-love-tips-for-an-addict/","","follow, index, max-snippet:-1, max-video-preview:-1, max-image-preview:large","","","","",""
"https://anchoredtidesrecovery.com/adderalls-long-term-dependency-and-its-correlation-with-eating-disorders/","1","Indexable","","https://anchoredtidesrecovery.com/adderalls-long-term-dependency-and-its-correlation-with-eating-disorders/","","follow, index, max-snippet:-1, max-video-preview:-1, max-image-preview:large","","","","",""
"https://anchoredtidesrecovery.com/the-importance-of-self-forgiveness-in-recovery/","1","Indexable","","https://anchoredtidesrecovery.com/the-importance-of-self-forgiveness-in-recovery/","","follow, index, max-snippet:-1, max-video-preview:-1, max-image-preview:large","","","","",""
"https://anchoredtidesrecovery.com/most-addictive-prescription-drugs/","1","Indexable","","https://anchoredtidesrecovery.com/most-addictive-prescription-drugs/","","follow, index, max-snippet:-1, max-video-preview:-1, max-image-preview:large","","","","",""
"https://anchoredtidesrecovery.com/postpartum-depression/","1","Indexable","","https://anchoredtidesrecovery.com/postpartum-depression/","","follow, index, max-snippet:-1, max-video-preview:-1, max-image-preview:large","","","","",""
"https://anchoredtidesrecovery.com/signs-of-heroin-use-in-teens-and-young-adults/","1","Indexable","","https://anchoredtidesrecovery.com/signs-of-heroin-use-in-teens-and-young-adults/","","follow, index, max-snippet:-1, max-video-preview:-1, max-image-preview:large","","","","",""
"https://anchoredtidesrecovery.com/will-insurance-cover-my-treatment/","1","Indexable","","https://anchoredtidesrecovery.com/will-insurance-cover-my-treatment/","","follow, index, max-snippet:-1, max-video-preview:-1, max-image-preview:large","","","","",""
"https://anchoredtidesrecovery.com/holistic-treatments-for-anxiety/","1","Indexable","","https://anchoredtidesrecovery.com/holistic-treatments-for-anxiety/","","follow, index, max-snippet:-1, max-video-preview:-1, max-image-preview:large","","","","",""
"https://anchoredtidesrecovery.com/video-gallery/","1","Indexable","","https://anchoredtidesrecovery.com/video-gallery/","","follow, index, max-snippet:-1, max-video-preview:-1, max-image-preview:large","","","","",""
"https://anchoredtidesrecovery.com/coping-with-relapse/","1","Indexable","","https://anchoredtidesrecovery.com/coping-with-relapse/","","follow, index, max-snippet:-1, max-video-preview:-1, max-image-preview:large","","","","",""
"https://anchoredtidesrecovery.com/fun-in-early-sobriety/","1","Indexable","","https://anchoredtidesrecovery.com/fun-in-early-sobriety/","","follow, index, max-snippet:-1, max-video-preview:-1, max-image-preview:large","","","","",""
"https://anchoredtidesrecovery.com/what-is-disordered-eating/","1","Indexable","","https://anchoredtidesrecovery.com/what-is-disordered-eating/","","follow, index, max-snippet:-1, max-video-preview:-1, max-image-preview:large","","","","",""
"https://anchoredtidesrecovery.com/category/therapies-modalities/","1","Indexable","","https://anchoredtidesrecovery.com/category/therapies-modalities/","","follow, index, max-snippet:-1, max-video-preview:-1, max-image-preview:large","","","","",""
"https://anchoredtidesrecovery.com/family-support-resources/","1","Indexable","","https://anchoredtidesrecovery.com/family-support-resources/","","follow, index, max-snippet:-1, max-video-preview:-1, max-image-preview:large","","","","",""
"https://anchoredtidesrecovery.com/why-come-to-huntington-beach-to-get-sober/","1","Indexable","","https://anchoredtidesrecovery.com/why-come-to-huntington-beach-to-get-sober/","","follow, index, max-snippet:-1, max-video-preview:-1, max-image-preview:large","","","","",""
"https://anchoredtidesrecovery.com/journaling-in-recovery/","1","Indexable","","https://anchoredtidesrecovery.com/journaling-in-recovery/","","follow, index, max-snippet:-1, max-video-preview:-1, max-image-preview:large","","","","",""
"https://anchoredtidesrecovery.com/the-dangers-of-prescription-pills/","1","Indexable","","https://anchoredtidesrecovery.com/the-dangers-of-prescription-pills/","","follow, index, max-snippet:-1, max-video-preview:-1, max-image-preview:large","","","","",""
"https://anchoredtidesrecovery.com/benefits-of-group-therapy/","1","Indexable","","https://anchoredtidesrecovery.com/benefits-of-group-therapy/","","follow, index, max-snippet:-1, max-video-preview:-1, max-image-preview:large","","","","",""
"https://anchoredtidesrecovery.com/anchored-tides-recovery-is-in-net-with-cigna/","1","Indexable","","https://anchoredtidesrecovery.com/anchored-tides-recovery-is-in-net-with-cigna/","","follow, index, max-snippet:-1, max-video-preview:-1, max-image-preview:large","","","","",""
"https://anchoredtidesrecovery.com/womens-rehabilitation-center/","1","Indexable","","https://anchoredtidesrecovery.com/womens-rehabilitation-center/","","follow, index, max-snippet:-1, max-video-preview:-1, max-image-preview:large","","","","",""
"https://anchoredtidesrecovery.com/the-impact-of-oppression-on-womens-mental-health/","1","Indexable","","https://anchoredtidesrecovery.com/the-impact-of-oppression-on-womens-mental-health/","","follow, index, max-snippet:-1, max-video-preview:-1, max-image-preview:large","","","","",""
"https://anchoredtidesrecovery.com/future-scenarios-pathways-to-meet-your-goals/","1","Indexable","","https://anchoredtidesrecovery.com/future-scenarios-pathways-to-meet-your-goals/","","follow, index, max-snippet:-1, max-video-preview:-1, max-image-preview:large","","","","",""
"https://anchoredtidesrecovery.com/managing-triggers/","1","Indexable","","https://anchoredtidesrecovery.com/managing-triggers/","","follow, index, max-snippet:-1, max-video-preview:-1, max-image-preview:large","","","","",""
"https://anchoredtidesrecovery.com/staying-on-track/","1","Indexable","","https://anchoredtidesrecovery.com/staying-on-track/","","follow, index, max-snippet:-1, max-video-preview:-1, max-image-preview:large","","","","",""
"https://anchoredtidesrecovery.com/what-is-a-php-program-for-substance-abuse/","1","Indexable","","https://anchoredtidesrecovery.com/what-is-a-php-program-for-substance-abuse/","","follow, index, max-snippet:-1, max-video-preview:-1, max-image-preview:large","","","","",""
"https://anchoredtidesrecovery.com/understanding-the-risks-of-mixing-tramadol-and-alcohol/","1","Indexable","","https://anchoredtidesrecovery.com/understanding-the-risks-of-mixing-tramadol-and-alcohol/","","follow, index, max-snippet:-1, max-video-preview:-1, max-image-preview:large","","","","",""
"https://anchoredtidesrecovery.com/subutex-and-suboxone/","1","Indexable","","https://anchoredtidesrecovery.com/subutex-and-suboxone/","","follow, index, max-snippet:-1, max-video-preview:-1, max-image-preview:large","","","","",""
"https://anchoredtidesrecovery.com/weight-loss-from-drug-use/","1","Indexable","","https://anchoredtidesrecovery.com/weight-loss-from-drug-use/","","follow, index, max-snippet:-1, max-video-preview:-1, max-image-preview:large","","","","",""
"https://anchoredtidesrecovery.com/addiction-and-self-harm/","1","Indexable","","https://anchoredtidesrecovery.com/addiction-and-self-harm/","","follow, index, max-snippet:-1, max-video-preview:-1, max-image-preview:large","","","","",""
"https://anchoredtidesrecovery.com/recognizing-high-functioning-alcoholic-signs-in-loved-ones/","1","Indexable","","https://anchoredtidesrecovery.com/recognizing-high-functioning-alcoholic-signs-in-loved-ones/","","follow, index, max-snippet:-1, max-video-preview:-1, max-image-preview:large","","","","",""
"https://anchoredtidesrecovery.com/how-long-have-drugs-been-around/","1","Indexable","","https://anchoredtidesrecovery.com/how-long-have-drugs-been-around/","","follow, index, max-snippet:-1, max-video-preview:-1, max-image-preview:large","","","","",""
"https://anchoredtidesrecovery.com/is-it-still-addiction-if-the-drug-is-legal-exploring-the-impact-of-legal-substances-on-womens-health/","1","Indexable","","https://anchoredtidesrecovery.com/is-it-still-addiction-if-the-drug-is-legal-exploring-the-impact-of-legal-substances-on-womens-health/","","follow, index, max-snippet:-1, max-video-preview:-1, max-image-preview:large","","","","",""
"https://anchoredtidesrecovery.com/benefits-of-a-womens-only-addiction-treatment-center/","1","Indexable","","https://anchoredtidesrecovery.com/benefits-of-a-womens-only-addiction-treatment-center/","","follow, index, max-snippet:-1, max-video-preview:-1, max-image-preview:large","","","","",""
"https://anchoredtidesrecovery.com/mental-health-awareness-month/","1","Indexable","","https://anchoredtidesrecovery.com/mental-health-awareness-month/","","follow, index, max-snippet:-1, max-video-preview:-1, max-image-preview:large","","","","",""
"https://anchoredtidesrecovery.com/exploring-the-pros-and-cons-of-seeking-addiction-treatment/","1","Indexable","","https://anchoredtidesrecovery.com/exploring-the-pros-and-cons-of-seeking-addiction-treatment/","","follow, index, max-snippet:-1, max-video-preview:-1, max-image-preview:large","","","","",""
"https://anchoredtidesrecovery.com/the-problem-with-cannabis-commercialization-in-california/","1","Indexable","","https://anchoredtidesrecovery.com/the-problem-with-cannabis-commercialization-in-california/","","follow, index, max-snippet:-1, max-video-preview:-1, max-image-preview:large","","","","",""
"https://anchoredtidesrecovery.com/resilience-you-are-strong-not-broken/","1","Indexable","","https://anchoredtidesrecovery.com/resilience-you-are-strong-not-broken/","","follow, index, max-snippet:-1, max-video-preview:-1, max-image-preview:large","","","","",""
"https://anchoredtidesrecovery.com/sending-a-loved-one-to-treatment/","1","Indexable","","https://anchoredtidesrecovery.com/sending-a-loved-one-to-treatment/","","follow, index, max-snippet:-1, max-video-preview:-1, max-image-preview:large","","","","",""
"https://anchoredtidesrecovery.com/addiction-recovery/","1","Indexable","","https://anchoredtidesrecovery.com/addiction-recovery/","","follow, index, max-snippet:-1, max-video-preview:-1, max-image-preview:large","","","","",""
"https://anchoredtidesrecovery.com/finding-an-iop-in-orange-county-ca/","1","Indexable","","https://anchoredtidesrecovery.com/finding-an-iop-in-orange-county-ca/","","follow, index, max-snippet:-1, max-video-preview:-1, max-image-preview:large","","","","",""
"https://anchoredtidesrecovery.com/helping-a-loved-one-with-addiction/","1","Indexable","","https://anchoredtidesrecovery.com/helping-a-loved-one-with-addiction/","","follow, index, max-snippet:-1, max-video-preview:-1, max-image-preview:large","","","","",""
"https://anchoredtidesrecovery.com/physical-and-mental-long-term-side-effects-of-covid-19/","1","Indexable","","https://anchoredtidesrecovery.com/physical-and-mental-long-term-side-effects-of-covid-19/","","follow, index, max-snippet:-1, max-video-preview:-1, max-image-preview:large","","","","",""
"https://anchoredtidesrecovery.com/what-is-transfer-addiction/","1","Indexable","","https://anchoredtidesrecovery.com/what-is-transfer-addiction/","","follow, index, max-snippet:-1, max-video-preview:-1, max-image-preview:large","","","","",""
"https://anchoredtidesrecovery.com/fentanyl-addiction-faqs/","1","Indexable","","https://anchoredtidesrecovery.com/fentanyl-addiction-faqs/","","follow, index, max-snippet:-1, max-video-preview:-1, max-image-preview:large","","","","",""
"https://anchoredtidesrecovery.com/how-to-talk-to-an-addict-about-going-to-rehab/","1","Indexable","","https://anchoredtidesrecovery.com/how-to-talk-to-an-addict-about-going-to-rehab/","","follow, index, max-snippet:-1, max-video-preview:-1, max-image-preview:large","","","","",""
"https://anchoredtidesrecovery.com/drug-detox/","1","Indexable","","https://anchoredtidesrecovery.com/drug-detox/","","follow, index, max-snippet:-1, max-video-preview:-1, max-image-preview:large","","","","",""
"https://anchoredtidesrecovery.com/ptsd-symptoms-in-women/","1","Indexable","","https://anchoredtidesrecovery.com/ptsd-symptoms-in-women/","","follow, index, max-snippet:-1, max-video-preview:-1, max-image-preview:large","","","","",""
"https://anchoredtidesrecovery.com/law-enforcement-and-addiction-recovery/","1","Indexable","","https://anchoredtidesrecovery.com/law-enforcement-and-addiction-recovery/","","follow, index, max-snippet:-1, max-video-preview:-1, max-image-preview:large","","","","",""
"https://anchoredtidesrecovery.com/signs-of-love-addiction/","1","Indexable","","https://anchoredtidesrecovery.com/signs-of-love-addiction/","","follow, index, max-snippet:-1, max-video-preview:-1, max-image-preview:large","","","","",""
"https://anchoredtidesrecovery.com/gateway-drugs/","1","Indexable","","https://anchoredtidesrecovery.com/gateway-drugs/","","follow, index, max-snippet:-1, max-video-preview:-1, max-image-preview:large","","","","",""
"https://anchoredtidesrecovery.com/staying-sober-alcohol-addiction-in-women/","1","Indexable","","https://anchoredtidesrecovery.com/staying-sober-alcohol-addiction-in-women/","","follow, index, max-snippet:-1, max-video-preview:-1, max-image-preview:large","","","","",""
"https://anchoredtidesrecovery.com/how-ptsd-and-addiction-are-linked/","1","Indexable","","https://anchoredtidesrecovery.com/how-ptsd-and-addiction-are-linked/","","follow, index, max-snippet:-1, max-video-preview:-1, max-image-preview:large","","","","",""
"https://anchoredtidesrecovery.com/creating-an-effective-plan-for-overcoming-addiction/","1","Indexable","","https://anchoredtidesrecovery.com/creating-an-effective-plan-for-overcoming-addiction/","","follow, index, max-snippet:-1, max-video-preview:-1, max-image-preview:large","","","","",""
"https://anchoredtidesrecovery.com/can-having-an-emotional-support-animal-help-with-recovery/","1","Indexable","","https://anchoredtidesrecovery.com/can-having-an-emotional-support-animal-help-with-recovery/","","follow, index, max-snippet:-1, max-video-preview:-1, max-image-preview:large","","","","",""
"https://anchoredtidesrecovery.com/how-to-quit-alcohol/","1","Indexable","","https://anchoredtidesrecovery.com/how-to-quit-alcohol/","","follow, index, max-snippet:-1, max-video-preview:-1, max-image-preview:large","","","","",""
"https://anchoredtidesrecovery.com/lets-quit-abusing-drug-users/","1","Indexable","","https://anchoredtidesrecovery.com/lets-quit-abusing-drug-users/","","follow, index, max-snippet:-1, max-video-preview:-1, max-image-preview:large","","","","",""
"https://anchoredtidesrecovery.com/cognitive-behavioral-therapy-cbt-vs-dialectical-behavior-therapy-dbt/","1","Indexable","","https://anchoredtidesrecovery.com/cognitive-behavioral-therapy-cbt-vs-dialectical-behavior-therapy-dbt/","","follow, index, max-snippet:-1, max-video-preview:-1, max-image-preview:large","","","","",""
"https://anchoredtidesrecovery.com/back-to-school-stress-and-recovery/","1","Indexable","","https://anchoredtidesrecovery.com/back-to-school-stress-and-recovery/","","follow, index, max-snippet:-1, max-video-preview:-1, max-image-preview:large","","","","",""
"https://anchoredtidesrecovery.com/overcoming-denial/","1","Indexable","","https://anchoredtidesrecovery.com/overcoming-denial/","","follow, index, max-snippet:-1, max-video-preview:-1, max-image-preview:large","","","","",""
"https://anchoredtidesrecovery.com/dual-diagnosis-and-treating-problems-at-the-root/","1","Indexable","","https://anchoredtidesrecovery.com/dual-diagnosis-and-treating-problems-at-the-root/","","follow, index, max-snippet:-1, max-video-preview:-1, max-image-preview:large","","","","",""
"https://anchoredtidesrecovery.com/choosing-an-aftercare-facility-questions-to-ask/","1","Indexable","","https://anchoredtidesrecovery.com/choosing-an-aftercare-facility-questions-to-ask/","","follow, index, max-snippet:-1, max-video-preview:-1, max-image-preview:large","","","","",""
"https://anchoredtidesrecovery.com/womens-addiction-treatment-why-its-necessary/","1","Indexable","","https://anchoredtidesrecovery.com/womens-addiction-treatment-why-its-necessary/","","follow, index, max-snippet:-1, max-video-preview:-1, max-image-preview:large","","","","",""
"https://anchoredtidesrecovery.com/teenage-addictions/","1","Indexable","","https://anchoredtidesrecovery.com/teenage-addictions/","","follow, index, max-snippet:-1, max-video-preview:-1, max-image-preview:large","","","","",""
"https://anchoredtidesrecovery.com/methadone-faqs/","1","Indexable","","https://anchoredtidesrecovery.com/methadone-faqs/","","follow, index, max-snippet:-1, max-video-preview:-1, max-image-preview:large","","","","",""
"https://anchoredtidesrecovery.com/support-options/","1","Indexable","","https://anchoredtidesrecovery.com/support-options/","","follow, index, max-snippet:-1, max-video-preview:-1, max-image-preview:large","","","","",""
"https://anchoredtidesrecovery.com/8-steps-to-a-happy-life/","1","Indexable","","https://anchoredtidesrecovery.com/8-steps-to-a-happy-life/","","follow, index, max-snippet:-1, max-video-preview:-1, max-image-preview:large","","","","",""
"https://anchoredtidesrecovery.com/medication-assisted-treatment/","1","Indexable","","https://anchoredtidesrecovery.com/medication-assisted-treatment/","","follow, index, max-snippet:-1, max-video-preview:-1, max-image-preview:large","","","","",""
"https://anchoredtidesrecovery.com/drug-addiction-in-elderly-women/","1","Indexable","","https://anchoredtidesrecovery.com/drug-addiction-in-elderly-women/","","follow, index, max-snippet:-1, max-video-preview:-1, max-image-preview:large","","","","",""
"https://anchoredtidesrecovery.com/is-social-media-a-drug/","1","Indexable","","https://anchoredtidesrecovery.com/is-social-media-a-drug/","","follow, index, max-snippet:-1, max-video-preview:-1, max-image-preview:large","","","","",""
"https://anchoredtidesrecovery.com/preparing-your-children-for-when-you-go-to-drug-addiction-rehab/","1","Indexable","","https://anchoredtidesrecovery.com/preparing-your-children-for-when-you-go-to-drug-addiction-rehab/","","follow, index, max-snippet:-1, max-video-preview:-1, max-image-preview:large","","","","",""
"https://anchoredtidesrecovery.com/how-to-heal-the-brain-after-drug-use/","1","Indexable","","https://anchoredtidesrecovery.com/how-to-heal-the-brain-after-drug-use/","","follow, index, max-snippet:-1, max-video-preview:-1, max-image-preview:large","","","","",""
"https://anchoredtidesrecovery.com/moderation-in-drugs-a-dangerous-road-or-logical-harm-reduction/","1","Indexable","","https://anchoredtidesrecovery.com/moderation-in-drugs-a-dangerous-road-or-logical-harm-reduction/","","follow, index, max-snippet:-1, max-video-preview:-1, max-image-preview:large","","","","",""
"https://anchoredtidesrecovery.com/celebrating-womens-history-month/","1","Indexable","","https://anchoredtidesrecovery.com/celebrating-womens-history-month/","","follow, index, max-snippet:-1, max-video-preview:-1, max-image-preview:large","","","","",""
"https://anchoredtidesrecovery.com/relationships-in-therapy-finding-romance-in-treatment/","1","Indexable","","https://anchoredtidesrecovery.com/relationships-in-therapy-finding-romance-in-treatment/","","follow, index, max-snippet:-1, max-video-preview:-1, max-image-preview:large","","","","",""
"https://anchoredtidesrecovery.com/women-only-addiction-treatment-in-huntington-beach/","1","Indexable","","https://anchoredtidesrecovery.com/women-only-addiction-treatment-in-huntington-beach/","","follow, index, max-snippet:-1, max-video-preview:-1, max-image-preview:large","","","","",""
"https://anchoredtidesrecovery.com/is-my-binge-drinking-becoming-a-problem/","1","Indexable","","https://anchoredtidesrecovery.com/is-my-binge-drinking-becoming-a-problem/","","follow, index, max-snippet:-1, max-video-preview:-1, max-image-preview:large","","","","",""
"https://anchoredtidesrecovery.com/category/addiction-treatment/","0","Non-Indexable","noindex","","","follow, noindex","","","","",""
"https://anchoredtidesrecovery.com/2020/09/16/","0","Non-Indexable","noindex","","","follow, noindex","","","","",""
"https://anchoredtidesrecovery.com/2020/05/06/","0","Non-Indexable","noindex","","","follow, noindex","","","","",""
"https://anchoredtidesrecovery.com/2021/11/12/","0","Non-Indexable","noindex","","","follow, noindex","","","","",""
"https://anchoredtidesrecovery.com/2021/07/09/","0","Non-Indexable","noindex","","","follow, noindex","","","","",""
"https://anchoredtidesrecovery.com/2020/12/22/","0","Non-Indexable","noindex","","","follow, noindex","","","","",""
"https://anchoredtidesrecovery.com/2026/02/26/","0","Non-Indexable","noindex","","","follow, noindex","","","","",""
"https://anchoredtidesrecovery.com/2023/12/07/","0","Non-Indexable","noindex","","","follow, noindex","","","","",""
"https://anchoredtidesrecovery.com/2022/02/01/","0","Non-Indexable","noindex","","","follow, noindex","","","","",""
"https://anchoredtidesrecovery.com/2022/03/25/","0","Non-Indexable","noindex","","","follow, noindex","","","","",""
"https://anchoredtidesrecovery.com/2021/08/20/","0","Non-Indexable","noindex","","","follow, noindex","","","","",""
"https://anchoredtidesrecovery.com/2021/03/19/","0","Non-Indexable","noindex","","","follow, noindex","","","","",""
"https://anchoredtidesrecovery.com/2026/01/13/","0","Non-Indexable","noindex","","","follow, noindex","","","","",""
"https://anchoredtidesrecovery.com/2024/06/19/","0","Non-Indexable","noindex","","","follow, noindex","","","","",""
"https://anchoredtidesrecovery.com/2025/12/22/","0","Non-Indexable","noindex","","","follow, noindex","","","","",""
"https://anchoredtidesrecovery.com/2021/05/17/","0","Non-Indexable","noindex","","","follow, noindex","","","","",""
"https://anchoredtidesrecovery.com/2021/09/17/","0","Non-Indexable","noindex","","","follow, noindex","","","","",""
"https://anchoredtidesrecovery.com/2020/11/18/","0","Non-Indexable","noindex","","","follow, noindex","","","","",""
"https://anchoredtidesrecovery.com/2021/10/29/","0","Non-Indexable","noindex","","","follow, noindex","","","","",""
"https://anchoredtidesrecovery.com/2020/11/19/","0","Non-Indexable","noindex","","","follow, noindex","","","","",""
"https://anchoredtidesrecovery.com/2022/02/15/","0","Non-Indexable","noindex","","","follow, noindex","","","","",""
"https://anchoredtidesrecovery.com/2021/01/12/","0","Non-Indexable","noindex","","","follow, noindex","","","","",""
"https://anchoredtidesrecovery.com/2024/02/16/","0","Non-Indexable","noindex","","","follow, noindex","","","","",""
"https://anchoredtidesrecovery.com/2023/09/15/","0","Non-Indexable","noindex","","","follow, noindex","","","","",""
"https://anchoredtidesrecovery.com/2024/01/26/","0","Non-Indexable","noindex","","","follow, noindex","","","","",""
"https://anchoredtidesrecovery.com/2021/12/28/","0","Non-Indexable","noindex","","","follow, noindex","","","","",""
"https://anchoredtidesrecovery.com/2021/03/26/","0","Non-Indexable","noindex","","","follow, noindex","","","","",""
"https://anchoredtidesrecovery.com/2021/06/07/","0","Non-Indexable","noindex","","","follow, noindex","","","","",""
"https://anchoredtidesrecovery.com/2021/12/14/","0","Non-Indexable","noindex","","","follow, noindex","","","","",""
"https://anchoredtidesrecovery.com/category/recovery/","0","Non-Indexable","noindex","","","follow, noindex","","","","",""
"https://anchoredtidesrecovery.com/2021/05/21/","0","Non-Indexable","noindex","","","follow, noindex","","","","",""
"https://anchoredtidesrecovery.com/2021/11/05/","0","Non-Indexable","noindex","","","follow, noindex","","","","",""
"https://anchoredtidesrecovery.com/2021/06/25/","0","Non-Indexable","noindex","","","follow, noindex","","","","",""
"https://anchoredtidesrecovery.com/2021/08/24/","0","Non-Indexable","noindex","","","follow, noindex","","","","",""
"https://anchoredtidesrecovery.com/2021/05/31/","0","Non-Indexable","noindex","","","follow, noindex","","","","",""
"https://anchoredtidesrecovery.com/2021/05/10/","0","Non-Indexable","noindex","","","follow, noindex","","","","",""
"https://anchoredtidesrecovery.com/2025/06/13/","0","Non-Indexable","noindex","","","follow, noindex","","","","",""
"https://anchoredtidesrecovery.com/2024/10/28/","0","Non-Indexable","noindex","","","follow, noindex","","","","",""
"https://anchoredtidesrecovery.com/2024/02/06/","0","Non-Indexable","noindex","","","follow, noindex","","","","",""
"https://anchoredtidesrecovery.com/2022/04/01/","0","Non-Indexable","noindex","","","follow, noindex","","","","",""
"https://anchoredtidesrecovery.com/2025/05/12/","0","Non-Indexable","noindex","","","follow, noindex","","","","",""
"https://anchoredtidesrecovery.com/2020/06/18/","0","Non-Indexable","noindex","","","follow, noindex","","","","",""
"https://anchoredtidesrecovery.com/2021/03/12/","0","Non-Indexable","noindex","","","follow, noindex","","","","",""
"https://anchoredtidesrecovery.com/2021/06/29/","0","Non-Indexable","noindex","","","follow, noindex","","","","",""
"https://anchoredtidesrecovery.com/2021/06/22/","0","Non-Indexable","noindex","","","follow, noindex","","","","",""
"https://anchoredtidesrecovery.com/2022/02/11/","0","Non-Indexable","noindex","","","follow, noindex","","","","",""
"https://anchoredtidesrecovery.com/2020/10/13/","0","Non-Indexable","noindex","","","follow, noindex","","","","",""
"https://anchoredtidesrecovery.com/2020/03/24/","0","Non-Indexable","noindex","","","follow, noindex","","","","",""
"https://anchoredtidesrecovery.com/2024/09/16/","0","Non-Indexable","noindex","","","follow, noindex","","","","",""
"https://anchoredtidesrecovery.com/2021/08/10/","0","Non-Indexable","noindex","","","follow, noindex","","","","",""
"https://anchoredtidesrecovery.com/2020/09/09/","0","Non-Indexable","noindex","","","follow, noindex","","","","",""
"https://anchoredtidesrecovery.com/2024/12/03/","0","Non-Indexable","noindex","","","follow, noindex","","","","",""
"https://anchoredtidesrecovery.com/2020/10/19/","0","Non-Indexable","noindex","","","follow, noindex","","","","",""
"https://anchoredtidesrecovery.com/2020/10/23/","0","Non-Indexable","noindex","","","follow, noindex","","","","",""
"https://anchoredtidesrecovery.com/2021/09/14/","0","Non-Indexable","noindex","","","follow, noindex","","","","",""
"https://anchoredtidesrecovery.com/2024/08/28/","0","Non-Indexable","noindex","","","follow, noindex","","","","",""
"https://anchoredtidesrecovery.com/2025/11/21/","0","Non-Indexable","noindex","","","follow, noindex","","","","",""
"https://anchoredtidesrecovery.com/2021/08/06/","0","Non-Indexable","noindex","","","follow, noindex","","","","",""
"https://anchoredtidesrecovery.com/2026/01/22/","0","Non-Indexable","noindex","","","follow, noindex","","","","",""
"https://anchoredtidesrecovery.com/2021/10/15/","0","Non-Indexable","noindex","","","follow, noindex","","","","",""
"https://anchoredtidesrecovery.com/2021/12/31/","0","Non-Indexable","noindex","","","follow, noindex","","","","",""
"https://anchoredtidesrecovery.com/2021/09/07/","0","Non-Indexable","noindex","","","follow, noindex","","","","",""
"https://anchoredtidesrecovery.com/2025/09/15/","0","Non-Indexable","noindex","","","follow, noindex","","","","",""
"https://anchoredtidesrecovery.com/2020/07/20/","0","Non-Indexable","noindex","","","follow, noindex","","","","",""
"https://anchoredtidesrecovery.com/2025/12/31/","0","Non-Indexable","noindex","","","follow, noindex","","","","",""
"https://anchoredtidesrecovery.com/2020/02/21/","0","Non-Indexable","noindex","","","follow, noindex","","","","",""
"https://anchoredtidesrecovery.com/2021/03/23/","0","Non-Indexable","noindex","","","follow, noindex","","","","",""
"https://anchoredtidesrecovery.com/2025/01/06/","0","Non-Indexable","noindex","","","follow, noindex","","","","",""
"https://anchoredtidesrecovery.com/2021/09/21/","0","Non-Indexable","noindex","","","follow, noindex","","","","",""
"https://anchoredtidesrecovery.com/2025/09/08/","0","Non-Indexable","noindex","","","follow, noindex","","","","",""
"https://anchoredtidesrecovery.com/2021/11/16/","0","Non-Indexable","noindex","","","follow, noindex","","","","",""
"https://anchoredtidesrecovery.com/category/substance-use-disorders/","0","Non-Indexable","noindex","","","follow, noindex","","","","",""
"https://anchoredtidesrecovery.com/category/addiction/","0","Non-Indexable","noindex","","","follow, noindex","","","","",""
"https://anchoredtidesrecovery.com/2021/05/07/","0","Non-Indexable","noindex","","","follow, noindex","","","","",""
"https://anchoredtidesrecovery.com/2024/07/17/","0","Non-Indexable","noindex","","","follow, noindex","","","","",""
"https://anchoredtidesrecovery.com/2021/10/22/","0","Non-Indexable","noindex","","","follow, noindex","","","","",""
"https://anchoredtidesrecovery.com/2020/02/17/","0","Non-Indexable","noindex","","","follow, noindex","","","","",""
"https://anchoredtidesrecovery.com/2025/05/23/","0","Non-Indexable","noindex","","","follow, noindex","","","","",""
"https://anchoredtidesrecovery.com/2024/10/25/","0","Non-Indexable","noindex","","","follow, noindex","","","","",""
"https://anchoredtidesrecovery.com/2021/02/18/","0","Non-Indexable","noindex","","","follow, noindex","","","","",""
"https://anchoredtidesrecovery.com/2024/11/14/","0","Non-Indexable","noindex","","","follow, noindex","","","","",""
"https://anchoredtidesrecovery.com/2025/02/17/","0","Non-Indexable","noindex","","","follow, noindex","","","","",""
"https://anchoredtidesrecovery.com/2022/01/11/","0","Non-Indexable","noindex","","","follow, noindex","","","","",""
"https://anchoredtidesrecovery.com/2021/12/07/","0","Non-Indexable","noindex","","","follow, noindex","","","","",""
"https://anchoredtidesrecovery.com/2021/07/13/","0","Non-Indexable","noindex","","","follow, noindex","","","","",""
"https://anchoredtidesrecovery.com/2020/02/07/","0","Non-Indexable","noindex","","","follow, noindex","","","","",""
"https://anchoredtidesrecovery.com/2025/03/25/","0","Non-Indexable","noindex","","","follow, noindex","","","","",""
"https://anchoredtidesrecovery.com/2021/12/17/","0","Non-Indexable","noindex","","","follow, noindex","","","","",""
"https://anchoredtidesrecovery.com/2022/04/05/","0","Non-Indexable","noindex","","","follow, noindex","","","","",""
"https://anchoredtidesrecovery.com/2020/03/17/","0","Non-Indexable","noindex","","","follow, noindex","","","","",""
"https://anchoredtidesrecovery.com/2020/06/23/","0","Non-Indexable","noindex","","","follow, noindex","","","","",""
"https://anchoredtidesrecovery.com/2025/11/04/","0","Non-Indexable","noindex","","","follow, noindex","","","","",""
"https://anchoredtidesrecovery.com/2021/03/29/","0","Non-Indexable","noindex","","","follow, noindex","","","","",""
"https://anchoredtidesrecovery.com/2021/11/26/","0","Non-Indexable","noindex","","","follow, noindex","","","","",""
"https://anchoredtidesrecovery.com/2024/12/17/","0","Non-Indexable","noindex","","","follow, noindex","","","","",""
"https://anchoredtidesrecovery.com/2021/07/27/","0","Non-Indexable","noindex","","","follow, noindex","","","","",""
"https://anchoredtidesrecovery.com/2021/07/30/","0","Non-Indexable","noindex","","","follow, noindex","","","","",""
"https://anchoredtidesrecovery.com/2020/05/13/","0","Non-Indexable","noindex","","","follow, noindex","","","","",""
"https://anchoredtidesrecovery.com/2020/04/22/","0","Non-Indexable","noindex","","","follow, noindex","","","","",""
"https://anchoredtidesrecovery.com/2026/01/29/","0","Non-Indexable","noindex","","","follow, noindex","","","","",""
"https://anchoredtidesrecovery.com/2019/11/25/","0","Non-Indexable","noindex","","","follow, noindex","","","","",""
"https://anchoredtidesrecovery.com/2022/03/08/","0","Non-Indexable","noindex","","","follow, noindex","","","","",""
"https://anchoredtidesrecovery.com/2021/09/10/","0","Non-Indexable","noindex","","","follow, noindex","","","","",""
"https://anchoredtidesrecovery.com/2021/11/09/","0","Non-Indexable","noindex","","","follow, noindex","","","","",""
"https://anchoredtidesrecovery.com/2023/10/05/","0","Non-Indexable","noindex","","","follow, noindex","","","","",""
"https://anchoredtidesrecovery.com/2021/05/14/","0","Non-Indexable","noindex","","","follow, noindex","","","","",""
"https://anchoredtidesrecovery.com/2022/01/04/","0","Non-Indexable","noindex","","","follow, noindex","","","","",""
"https://anchoredtidesrecovery.com/2021/04/26/","0","Non-Indexable","noindex","","","follow, noindex","","","","",""
"https://anchoredtidesrecovery.com/2021/05/28/","0","Non-Indexable","noindex","","","follow, noindex","","","","",""
"https://anchoredtidesrecovery.com/2025/02/07/","0","Non-Indexable","noindex","","","follow, noindex","","","","",""
"https://anchoredtidesrecovery.com/2026/01/09/","0","Non-Indexable","noindex","","","follow, noindex","","","","",""
"https://anchoredtidesrecovery.com/2021/12/24/","0","Non-Indexable","noindex","","","follow, noindex","","","","",""
"https://anchoredtidesrecovery.com/2021/10/01/","0","Non-Indexable","noindex","","","follow, noindex","","","","",""
"https://anchoredtidesrecovery.com/2021/07/02/","0","Non-Indexable","noindex","","","follow, noindex","","","","",""
"https://anchoredtidesrecovery.com/2022/02/04/","0","Non-Indexable","noindex","","","follow, noindex","","","","",""
"https://anchoredtidesrecovery.com/2020/08/14/","0","Non-Indexable","noindex","","","follow, noindex","","","","",""
"https://anchoredtidesrecovery.com/2021/01/15/","0","Non-Indexable","noindex","","","follow, noindex","","","","",""
"https://anchoredtidesrecovery.com/2025/12/15/","0","Non-Indexable","noindex","","","follow, noindex","","","","",""
"https://anchoredtidesrecovery.com/2021/04/30/","0","Non-Indexable","noindex","","","follow, noindex","","","","",""
"https://anchoredtidesrecovery.com/2024/02/19/","0","Non-Indexable","noindex","","","follow, noindex","","","","",""
"https://anchoredtidesrecovery.com/2024/01/19/","0","Non-Indexable","noindex","","","follow, noindex","","","","",""
"https://anchoredtidesrecovery.com/2021/12/21/","0","Non-Indexable","noindex","","","follow, noindex","","","","",""
"https://anchoredtidesrecovery.com/2020/03/12/","0","Non-Indexable","noindex","","","follow, noindex","","","","",""
"https://anchoredtidesrecovery.com/2024/06/03/","0","Non-Indexable","noindex","","","follow, noindex","","","","",""
"https://anchoredtidesrecovery.com/2021/07/06/","0","Non-Indexable","noindex","","","follow, noindex","","","","",""
"https://anchoredtidesrecovery.com/2024/01/22/","0","Non-Indexable","noindex","","","follow, noindex","","","","",""
"https://anchoredtidesrecovery.com/2022/02/22/","0","Non-Indexable","noindex","","","follow, noindex","","","","",""
"https://anchoredtidesrecovery.com/2021/05/03/","0","Non-Indexable","noindex","","","follow, noindex","","","","",""
"https://anchoredtidesrecovery.com/2021/05/24/","0","Non-Indexable","noindex","","","follow, noindex","","","","",""
"https://anchoredtidesrecovery.com/2025/10/06/","0","Non-Indexable","noindex","","","follow, noindex","","","","",""
"https://anchoredtidesrecovery.com/2021/10/12/","0","Non-Indexable","noindex","","","follow, noindex","","","","",""
"https://anchoredtidesrecovery.com/2024/07/22/","0","Non-Indexable","noindex","","","follow, noindex","","","","",""
"https://anchoredtidesrecovery.com/2024/12/09/","0","Non-Indexable","noindex","","","follow, noindex","","","","",""
"https://anchoredtidesrecovery.com/2023/11/28/","0","Non-Indexable","noindex","","","follow, noindex","","","","",""
"https://anchoredtidesrecovery.com/2021/04/09/","0","Non-Indexable","noindex","","","follow, noindex","","","","",""
"https://anchoredtidesrecovery.com/2021/08/31/","0","Non-Indexable","noindex","","","follow, noindex","","","","",""
"https://anchoredtidesrecovery.com/2020/09/22/","0","Non-Indexable","noindex","","","follow, noindex","","","","",""
"https://anchoredtidesrecovery.com/2025/09/04/","0","Non-Indexable","noindex","","","follow, noindex","","","","",""
"https://anchoredtidesrecovery.com/2024/09/10/","0","Non-Indexable","noindex","","","follow, noindex","","","","",""
"https://anchoredtidesrecovery.com/2025/04/28/","0","Non-Indexable","noindex","","","follow, noindex","","","","",""
"https://anchoredtidesrecovery.com/2025/04/11/","0","Non-Indexable","noindex","","","follow, noindex","","","","",""
"https://anchoredtidesrecovery.com/2021/06/11/","0","Non-Indexable","noindex","","","follow, noindex","","","","",""
"https://anchoredtidesrecovery.com/2021/08/13/","0","Non-Indexable","noindex","","","follow, noindex","","","","",""
"https://anchoredtidesrecovery.com/2021/03/16/","0","Non-Indexable","noindex","","","follow, noindex","","","","",""
"https://anchoredtidesrecovery.com/2022/02/18/","0","Non-Indexable","noindex","","","follow, noindex","","","","",""
"https://anchoredtidesrecovery.com/2025/12/08/","0","Non-Indexable","noindex","","","follow, noindex","","","","",""
"https://anchoredtidesrecovery.com/2019/07/24/","0","Non-Indexable","noindex","","","follow, noindex","","","","",""
"https://anchoredtidesrecovery.com/2024/02/14/","0","Non-Indexable","noindex","","","follow, noindex","","","","",""
"https://anchoredtidesrecovery.com/2020/05/21/","0","Non-Indexable","noindex","","","follow, noindex","","","","",""
"https://anchoredtidesrecovery.com/2024/01/17/","0","Non-Indexable","noindex","","","follow, noindex","","","","",""
"https://anchoredtidesrecovery.com/2021/10/19/","0","Non-Indexable","noindex","","","follow, noindex","","","","",""
"https://anchoredtidesrecovery.com/2021/10/08/","0","Non-Indexable","noindex","","","follow, noindex","","","","",""
"https://anchoredtidesrecovery.com/2024/02/13/","0","Non-Indexable","noindex","","","follow, noindex","","","","",""
"https://anchoredtidesrecovery.com/2021/08/17/","0","Non-Indexable","noindex","","","follow, noindex","","","","",""
"https://anchoredtidesrecovery.com/2021/11/23/","0","Non-Indexable","noindex","","","follow, noindex","","","","",""
"https://anchoredtidesrecovery.com/2021/02/16/","0","Non-Indexable","noindex","","","follow, noindex","","","","",""
"https://anchoredtidesrecovery.com/2021/08/03/","0","Non-Indexable","noindex","","","follow, noindex","","","","",""
"https://anchoredtidesrecovery.com/2021/04/12/","0","Non-Indexable","noindex","","","follow, noindex","","","","",""
"https://anchoredtidesrecovery.com/2022/04/08/","0","Non-Indexable","noindex","","","follow, noindex","","","","",""
"https://anchoredtidesrecovery.com/2024/02/15/","0","Non-Indexable","noindex","","","follow, noindex","","","","",""
"https://anchoredtidesrecovery.com/2021/09/28/","0","Non-Indexable","noindex","","","follow, noindex","","","","",""
"https://anchoredtidesrecovery.com/2020/12/15/","0","Non-Indexable","noindex","","","follow, noindex","","","","",""
"https://anchoredtidesrecovery.com/2024/01/24/","0","Non-Indexable","noindex","","","follow, noindex","","","","",""
"https://anchoredtidesrecovery.com/2021/06/04/","0","Non-Indexable","noindex","","","follow, noindex","","","","",""
"https://anchoredtidesrecovery.com/2021/07/16/","0","Non-Indexable","noindex","","","follow, noindex","","","","",""
"https://anchoredtidesrecovery.com/2021/10/05/","0","Non-Indexable","noindex","","","follow, noindex","","","","",""
"https://anchoredtidesrecovery.com/2021/04/02/","0","Non-Indexable","noindex","","","follow, noindex","","","","",""
"https://anchoredtidesrecovery.com/2022/01/25/","0","Non-Indexable","noindex","","","follow, noindex","","","","",""
"https://anchoredtidesrecovery.com/2022/03/11/","0","Non-Indexable","noindex","","","follow, noindex","","","","",""
"https://anchoredtidesrecovery.com/2021/06/18/","0","Non-Indexable","noindex","","","follow, noindex","","","","",""
"https://anchoredtidesrecovery.com/2022/01/15/","0","Non-Indexable","noindex","","","follow, noindex","","","","",""
"https://anchoredtidesrecovery.com/2020/03/05/","0","Non-Indexable","noindex","","","follow, noindex","","","","",""
"https://anchoredtidesrecovery.com/2021/10/26/","0","Non-Indexable","noindex","","","follow, noindex","","","","",""
"https://anchoredtidesrecovery.com/2022/03/01/","0","Non-Indexable","noindex","","","follow, noindex","","","","",""
"https://anchoredtidesrecovery.com/2025/08/18/","0","Non-Indexable","noindex","","","follow, noindex","","","","",""
"https://anchoredtidesrecovery.com/2021/12/10/","0","Non-Indexable","noindex","","","follow, noindex","","","","",""
"https://anchoredtidesrecovery.com/2026/02/13/","0","Non-Indexable","noindex","","","follow, noindex","","","","",""
"https://anchoredtidesrecovery.com/2021/07/23/","0","Non-Indexable","noindex","","","follow, noindex","","","","",""
"https://anchoredtidesrecovery.com/2020/07/09/","0","Non-Indexable","noindex","","","follow, noindex","","","","",""
"https://anchoredtidesrecovery.com/2022/02/25/","0","Non-Indexable","noindex","","","follow, noindex","","","","",""
"https://anchoredtidesrecovery.com/2022/03/04/","0","Non-Indexable","noindex","","","follow, noindex","","","","",""
"https://anchoredtidesrecovery.com/2021/09/03/","0","Non-Indexable","noindex","","","follow, noindex","","","","",""
"https://anchoredtidesrecovery.com/2022/02/08/","0","Non-Indexable","noindex","","","follow, noindex","","","","",""
"https://anchoredtidesrecovery.com/2021/01/20/","0","Non-Indexable","noindex","","","follow, noindex","","","","",""
"https://anchoredtidesrecovery.com/2024/01/31/","0","Non-Indexable","noindex","","","follow, noindex","","","","",""
"https://anchoredtidesrecovery.com/2022/01/07/","0","Non-Indexable","noindex","","","follow, noindex","","","","",""
"https://anchoredtidesrecovery.com/2021/02/12/","0","Non-Indexable","noindex","","","follow, noindex","","","","",""
"https://anchoredtidesrecovery.com/2021/11/30/","0","Non-Indexable","noindex","","","follow, noindex","","","","",""
"https://anchoredtidesrecovery.com/2022/03/15/","0","Non-Indexable","noindex","","","follow, noindex","","","","",""
"https://anchoredtidesrecovery.com/2024/05/07/","0","Non-Indexable","noindex","","","follow, noindex","","","","",""
"https://anchoredtidesrecovery.com/2024/01/29/","0","Non-Indexable","noindex","","","follow, noindex","","","","",""
"https://anchoredtidesrecovery.com/2022/01/18/","0","Non-Indexable","noindex","","","follow, noindex","","","","",""
"https://anchoredtidesrecovery.com/2022/03/18/","0","Non-Indexable","noindex","","","follow, noindex","","","","",""
"https://anchoredtidesrecovery.com/2022/01/22/","0","Non-Indexable","noindex","","","follow, noindex","","","","",""
"https://anchoredtidesrecovery.com/2022/03/22/","0","Non-Indexable","noindex","","","follow, noindex","","","","",""
"https://anchoredtidesrecovery.com/2024/02/12/","0","Non-Indexable","noindex","","","follow, noindex","","","","",""
"https://anchoredtidesrecovery.com/2021/11/02/","0","Non-Indexable","noindex","","","follow, noindex","","","","",""
"https://anchoredtidesrecovery.com/2022/01/28/","0","Non-Indexable","noindex","","","follow, noindex","","","","",""
"https://anchoredtidesrecovery.com/2022/06/28/","0","Non-Indexable","noindex","","","follow, noindex","","","","",""
"https://anchoredtidesrecovery.com/2020/06/12/","0","Non-Indexable","noindex","","","follow, noindex","","","","",""
