"Address","Content Type","Size (bytes)","IMG Inlinks","Indexability","Indexability Status","Dimensions"
"https://irishealing.com/wp-content/uploads/2023/01/IRIS_optimized.webp","image/webp","4718","473","Indexable","",""
"https://irishealing.com/wp-content/uploads/2024/01/iris2.png","image/png","268451","2","Indexable","",""
"https://irishealing.com/wp-content/uploads/2022/12/image-43-1-1.webp","image/webp","1428","473","Indexable","",""
"https://irishealing.com/wp-content/uploads/2026/02/medical-supervised-alcohol-detox-support-1024x559.jpg","image/jpeg","70556","1","Indexable","",""
"https://irishealing.com/wp-content/uploads/2026/02/supportive-care-alcohol-withdrawal-recovery-1024x559.jpg","image/jpeg","64405","1","Indexable","",""
"https://irishealing.com/wp-content/uploads/2022/12/jcaho_seal.webp","image/webp","7050","473","Indexable","",""
"https://irishealing.com/wp-content/uploads/2024/08/AdobeStock_356882834-min-1024x683.jpeg","image/jpeg","95070","1","Indexable","",""
"https://irishealing.com/wp-content/uploads/2024/08/jcaho_seal-1.png","image/png","7299","473","Indexable","",""
"https://irishealing.com/wp-content/uploads/2026/02/safe-medical-consultation-tapering.png","image/png","1082073","2","Indexable","",""
"https://irishealing.com/wp-content/uploads/2023/01/newsweek-optimized.webp","image/webp","7170","473","Indexable","",""
"https://irishealing.com/wp-content/uploads/2024/02/irisnew-1.png","image/png","417820","2","Indexable","",""
"https://irishealing.com/wp-content/uploads/2022/12/4794370.png","image/png","10415","473","Indexable","",""
"https://irishealing.com/wp-content/uploads/2022/12/psychology-today-logo.png","image/png","12680","473","Indexable","",""
"https://irishealing.com/wp-content/uploads/2024/01/IRIS_Clear-1024x683-1.webp","image/webp","58266","473","Indexable","",""
"https://irishealing.com/wp-content/themes/boliin/assets/images/logo-mobile.png","image/png","8778","473","Indexable","",""
"https://irishealing.com/wp-content/uploads/2025/07/iStock-538509937.jpg","image/jpeg","2396934","9","Indexable","",""
"https://irishealing.com/wp-content/plugins/boliin-themer/elementor/assets/images/logo-small-white.png","image/png","1223","9","Indexable","",""
"https://irishealing.com/wp-content/uploads/2024/08/tour-banner.webp","image/webp","146836","2","Indexable","",""
"https://irishealing.com/wp-content/uploads/2024/08/irishealing.png","image/png","50276","120","Indexable","",""
"https://irishealing.com/wp-content/uploads/2024/08/AdobeStock_451805494-min-scaled.jpeg","image/jpeg","364890","10","Indexable","",""
"https://irishealing.com/wp-content/uploads/2024/08/tour-5-1024x569.png","image/png","805087","5","Indexable","",""
"https://irishealing.com/wp-content/uploads/2024/08/tour-4-1024x564.png","image/png","962911","5","Indexable","",""
"https://irishealing.com/wp-content/uploads/2024/08/tour-3-1024x578.png","image/png","571905","5","Indexable","",""
"https://irishealing.com/wp-content/uploads/2024/08/Mental-Health-Treatment-Centers-2.jpg","image/jpeg","186499","1","Indexable","",""
"https://irishealing.com/wp-content/uploads/2024/08/tour-1-1024x573.png","image/png","512119","5","Indexable","",""
"https://irishealing.com/wp-content/uploads/2024/08/tour-2-1024x562.png","image/png","575074","5","Indexable","",""
"https://irishealing.com/wp-content/plugins/boliin-themer/elementor/assets/images/image-1.jpg","image/jpeg","67929","2","Indexable","",""
"https://irishealing.com/wp-content/uploads/2024/08/tour-5-1-175x175.png","image/png","59311","11","Indexable","",""
"https://irishealing.com/wp-content/uploads/2024/08/tour-13-175x175.png","image/png","36009","2","Indexable","",""
"https://irishealing.com/wp-content/uploads/2024/08/Tour-7-01-175x175.jpg","image/jpeg","9102","11","Indexable","",""
"https://irishealing.com/wp-content/uploads/2024/08/tour-3-1-175x175.png","image/png","61128","11","Indexable","",""
"https://irishealing.com/wp-content/uploads/2024/08/tour-2-1-175x175.png","image/png","34948","11","Indexable","",""
"https://irishealing.com/wp-content/uploads/2024/08/tour-12-175x175.png","image/png","38493","11","Indexable","",""
"https://irishealing.com/wp-content/uploads/2024/08/Screenshot-2024-06-04-at-7.56.21-AM-797x1024-1.png","image/png","834079","3","Indexable","",""
"https://irishealing.com/wp-content/uploads/2024/08/tour-11-175x175.png","image/png","54806","11","Indexable","",""
"https://irishealing.com/wp-content/uploads/2024/08/Tour-8-175x175.jpg","image/jpeg","7608","11","Indexable","",""
"https://irishealing.com/wp-content/uploads/2024/08/tour-10-175x175.png","image/png","44470","11","Indexable","",""
"https://irishealing.com/wp-content/uploads/2024/08/Tour-4-01-175x175.jpg","image/jpeg","9428","11","Indexable","",""
"https://irishealing.com/wp-content/uploads/2024/08/tour-9-175x175.png","image/png","53156","11","Indexable","",""
"https://irishealing.com/wp-content/uploads/2024/08/Addiction-Treatment-Centers-in-Los-Angeles-for-Drugs-Alcohol-175x175.jpg","image/jpeg","10441","2","Indexable","",""
"https://irishealing.com/wp-content/uploads/2024/08/tour-1-1-175x175.png","image/png","38218","11","Indexable","",""
"https://irishealing.com/wp-content/uploads/2024/08/tour-4-1-175x175.png","image/png","29371","11","Indexable","",""
"https://irishealing.com/wp-content/uploads/2024/08/tour-15-175x175.png","image/png","41300","2","Indexable","",""
"https://irishealing.com/wp-content/uploads/2024/08/tour-14-175x175.png","image/png","38681","2","Indexable","",""
"https://irishealing.com/wp-content/uploads/2024/08/tour-16-175x175.png","image/png","37580","2","Indexable","",""
"https://irishealing.com/wp-content/uploads/2024/08/Music-Therapy-1-1.jpg","image/jpeg","81324","2","Indexable","",""
"https://irishealing.com/wp-content/uploads/2024/08/tour-6-175x175.png","image/png","51760","11","Indexable","",""
"https://irishealing.com/wp-content/uploads/2024/08/tour-7-175x175.png","image/png","62902","11","Indexable","",""
"https://irishealing.com/wp-content/uploads/2024/08/PSYCHOTHERAPY.jpg","image/jpeg","52170","1","Indexable","",""
"https://irishealing.com/wp-content/uploads/2024/08/tour-8-175x175.png","image/png","47541","11","Indexable","",""
"https://irishealing.com/wp-content/uploads/2024/08/DBT.jpg","image/jpeg","71914","1","Indexable","",""
"https://irishealing.com/wp-content/uploads/2024/08/AdobeStock_335196278-min-scaled.jpeg","image/jpeg","350527","1","Indexable","",""
"https://irishealing.com/wp-content/uploads/2024/08/health-net.png","image/png","4036","2","Indexable","",""
"https://irishealing.com/wp-content/uploads/2024/08/mhn-1.png","image/png","10776","2","Indexable","",""
"https://irishealing.com/wp-content/uploads/2024/08/jcaho_seal.png","image/png","7299","3","Indexable","",""
"https://irishealing.com/wp-content/uploads/2024/08/multi-plan.png","image/png","2502","2","Indexable","",""
"https://irishealing.com/wp-content/uploads/2024/08/first-health-1.png","image/png","7911","2","Indexable","",""
"https://irishealing.com/wp-content/uploads/2024/08/4794370.png","image/png","10412","3","Indexable","",""
"https://irishealing.com/wp-content/uploads/2024/08/anthem-1.png","image/png","7350","2","Indexable","",""
"https://irishealing.com/wp-content/uploads/2024/08/com-psych.png","image/png","3574","2","Indexable","",""
"https://irishealing.com/wp-content/uploads/2026/02/supportive-care-alcohol-withdrawal-recovery.jpg","image/jpeg","44218","1","Indexable","",""
"https://irishealing.com/wp-content/uploads/2024/08/Spiritual-Counseling-1.jpg","image/jpeg","515553","1","Indexable","",""
"https://irishealing.com/wp-content/uploads/2024/08/Nutritional-Therapy-4-1024x636.webp","image/webp","53586","1","Indexable","",""
"https://irishealing.com/wp-content/uploads/2024/08/Nutritional-Therapy-3.png","image/png","890496","1","Indexable","",""
"https://irishealing.com/wp-content/uploads/2024/08/Nutritional-Therapy-2.jpg","image/jpeg","89575","1","Indexable","",""
"https://irishealing.com/wp-content/uploads/2025/08/Untitled-design-4.webp","image/webp","119178","1","Indexable","",""
"https://irishealing.com/wp-content/uploads/2024/08/Medication-Assisted-Treatment-4.png","image/png","333420","1","Indexable","",""
"https://irishealing.com/wp-content/uploads/2024/08/Medication-Assisted-Treatment-5.jpg","image/jpeg","94327","1","Indexable","",""
"https://irishealing.com/wp-content/uploads/2024/08/Depression-Treatment-in-Los-Angeles-1.png","image/png","183891","1","Indexable","",""
"https://irishealing.com/wp-content/uploads/2024/08/Depression-Treatment-in-Los-Angeles-3.png","image/png","122228","1","Indexable","",""
"https://irishealing.com/wp-content/uploads/2024/08/Depression-Treatment-in-Los-Angeles-5.png","image/png","144910","1","Indexable","",""
"https://irishealing.com/wp-content/uploads/2024/08/Dr.-Neda-Javaherian-MD.webp","image/webp","3810","2","Indexable","",""
"https://irishealing.com/wp-content/uploads/2024/08/Depression-Treatment-in-Los-Angeles-8-1024x697.jpg","image/jpeg","67618","2","Indexable","",""
"https://irishealing.com/wp-content/uploads/2024/08/Depression-Treatment-in-Los-Angeles-4.png","image/png","184269","1","Indexable","",""
"https://irishealing.com/wp-content/uploads/2024/08/tour-10.png","image/png","2729114","0","Indexable","",""
"https://irishealing.com/wp-content/uploads/2024/08/tour-28.png","image/png","1018320","0","Indexable","",""
"https://irishealing.com/wp-content/uploads/2024/08/tour-15.png","image/png","1455444","0","Indexable","",""
"https://irishealing.com/wp-content/uploads/2024/08/tour-8.png","image/png","2270313","0","Indexable","",""
"https://irishealing.com/wp-content/uploads/2024/08/tour-4-1.png","image/png","1345636","0","Indexable","",""
"https://irishealing.com/wp-content/uploads/2024/08/tour-1-1.png","image/png","1784151","0","Indexable","",""
"https://irishealing.com/wp-content/uploads/2024/08/tour-19.png","image/png","1472361","0","Indexable","",""
"https://irishealing.com/wp-content/uploads/2024/08/tour-22.png","image/png","2528365","0","Indexable","",""
"https://irishealing.com/wp-content/uploads/2024/08/tour-27.png","image/png","2820147","0","Indexable","",""
"https://irishealing.com/wp-content/uploads/2024/08/tour-2-1.png","image/png","1606400","0","Indexable","",""
"https://irishealing.com/wp-content/uploads/2024/08/tour-14.png","image/png","1564089","0","Indexable","",""
"https://irishealing.com/wp-content/uploads/2024/08/tour-7.png","image/png","3751123","0","Indexable","",""
"https://irishealing.com/wp-content/uploads/2024/08/tour-23.webp","image/webp","12398","0","Indexable","",""
"https://irishealing.com/wp-content/uploads/2024/08/tour-18.png","image/png","1571679","0","Indexable","",""
"https://irishealing.com/wp-content/uploads/2024/08/tour-21.png","image/png","2698909","0","Indexable","",""
"https://irishealing.com/wp-content/uploads/2024/08/tour-12.png","image/png","1447394","0","Indexable","",""
"https://irishealing.com/wp-content/uploads/2024/08/tour-13.png","image/png","1499324","0","Indexable","",""
"https://irishealing.com/wp-content/uploads/2024/08/tour-6.png","image/png","3179787","0","Indexable","",""
"https://irishealing.com/wp-content/uploads/2024/08/tour-17.png","image/png","1904942","0","Indexable","",""
"https://irishealing.com/wp-content/uploads/2024/08/tour-5-1.png","image/png","3069041","0","Indexable","",""
"https://irishealing.com/wp-content/uploads/2024/08/tour-30.png","image/png","878406","0","Indexable","",""
"https://irishealing.com/wp-content/uploads/2024/08/tour-24.jpg","image/jpeg","280202","0","Indexable","",""
"https://irishealing.com/wp-content/uploads/2024/08/tour-3-1.png","image/png","3128607","0","Indexable","",""
"https://irishealing.com/wp-content/uploads/2024/08/tour-9.png","image/png","2703932","0","Indexable","",""
"https://irishealing.com/wp-content/uploads/2024/08/tour-16.png","image/png","1485138","0","Indexable","",""
"https://irishealing.com/wp-content/uploads/2024/08/tour-25.png","image/png","2704694","0","Indexable","",""
"https://irishealing.com/wp-content/uploads/2024/08/tour-11.png","image/png","2897003","0","Indexable","",""
"https://irishealing.com/wp-content/uploads/2024/08/tour-20.png","image/png","2577076","0","Indexable","",""
"https://irishealing.com/wp-content/uploads/2024/08/tour-29.png","image/png","1723208","0","Indexable","",""
"https://irishealing.com/wp-content/uploads/2026/01/Someone-working-while-attending-an-outpatient-meeting-500x360.png","image/png","81746","2","Indexable","",""
"https://irishealing.com/wp-content/uploads/2026/02/alcohol-recovery-paws-healing-process-500x360.png","image/png","180368","2","Indexable","",""
"https://irishealing.com/wp-content/uploads/2026/02/supportive-care-alcohol-withdrawal-recovery-500x360.jpg","image/jpeg","25741","2","Indexable","",""
"https://irishealing.com/wp-content/uploads/2026/01/mental-health-journey-500x360.jpg","image/jpeg","32601","2","Indexable","",""
"https://irishealing.com/wp-content/uploads/2026/01/thinking-about-the-halt-acronym-500x360.png","image/png","213153","2","Indexable","",""
"https://irishealing.com/wp-content/uploads/2024/08/Program-5-01-01-500x360.jpg","image/jpeg","22831","2","Indexable","",""
"https://irishealing.com/wp-content/uploads/2026/01/mental-health-relapse-500x360.jpg","image/jpeg","26398","2","Indexable","",""
"https://irishealing.com/wp-content/uploads/2026/01/talking-to-therapist-500x360.jpg","image/jpeg","21532","2","Indexable","",""
"https://irishealing.com/wp-content/uploads/2025/12/person-working-in-office-500x360.png","image/png","76141","2","Indexable","",""
"https://irishealing.com/wp-content/uploads/2026/02/medical-supervised-alcohol-detox-support-500x360.jpg","image/jpeg","27300","2","Indexable","",""
"https://irishealing.com/wp-content/uploads/2026/01/IOP-treatment-with-two-women-500x360.png","image/png","225158","2","Indexable","",""
"https://irishealing.com/wp-content/uploads/2026/02/safe-medical-consultation-tapering-500x360.png","image/png","193542","2","Indexable","",""
"https://irishealing.com/wp-content/uploads/2024/08/banner-bottom.webp","image/webp","138284","2","Indexable","",""
"https://irishealing.com/wp-content/uploads/2024/08/TMS-Therapy-7.webp","image/webp","119756","1","Indexable","",""
"https://irishealing.com/wp-content/uploads/2024/08/TMS-Therapy-8-01-scaled.jpg","image/jpeg","431507","1","Indexable","",""
"https://irishealing.com/wp-content/uploads/2024/08/AdobeStock_213605228-min-1-scaled.jpeg","image/jpeg","390980","1","Indexable","",""
"https://irishealing.com/wp-content/uploads/2024/08/Sound-Bath-Meditation.jpeg","image/jpeg","307234","1","Indexable","",""
"https://irishealing.com/wp-content/uploads/2024/08/Program-0-01-scaled.jpg","image/jpeg","284802","1","Indexable","",""
"https://irishealing.com/wp-content/uploads/2024/08/Program-3-01.jpg","image/jpeg","237968","1","Indexable","",""
"https://irishealing.com/wp-content/uploads/2024/08/Program-5-01.jpg","image/jpeg","476995","1","Indexable","",""
"https://irishealing.com/wp-content/uploads/2024/08/Program-8.jpg","image/jpeg","233876","1","Indexable","",""
"https://irishealing.com/wp-content/uploads/2024/08/verify-insurance-5-01.jpg","image/jpeg","294164","1","Indexable","",""
"https://irishealing.com/wp-content/uploads/2024/08/verify-insurance-7-01.jpg","image/jpeg","125512","1","Indexable","",""
"https://irishealing.com/wp-content/uploads/2024/08/Tour-4-01-600x540.jpg","image/jpeg","75171","2","Indexable","",""
"https://irishealing.com/wp-content/uploads/2024/08/Art-Therapy-1.jpg","image/jpeg","1048786","1","Indexable","",""
"https://irishealing.com/wp-content/uploads/2024/08/AdobeStock_228946093-min-scaled.jpeg","image/jpeg","291733","1","Indexable","",""
"https://irishealing.com/wp-content/uploads/2026/02/safe-medical-consultation-tapering-175x175.png","image/png","32595","12","Indexable","",""
"https://irishealing.com/wp-content/uploads/2026/02/medical-supervised-alcohol-detox-support-175x175.jpg","image/jpeg","6983","12","Indexable","",""
"https://irishealing.com/wp-content/plugins/boliin-themer/elementor/assets/images/icon-heading.png","image/png","827","13","Indexable","",""
"https://irishealing.com/wp-content/uploads/2026/02/supportive-care-alcohol-withdrawal-recovery-175x175.jpg","image/jpeg","6563","12","Indexable","",""
"https://irishealing.com/wp-content/uploads/2025/05/Woodland-Hills-1.webp","image/webp","75470","1","Indexable","",""
"https://irishealing.com/wp-content/uploads/2021/04/AdobeStock_250064219-min-scaled.jpeg","image/jpeg","376238","2","Indexable","",""
"https://irishealing.com/wp-content/uploads/elementor/thumbs/Neurofeedback-7-rbthjuv2ncmuhwbv5r56ug28szlr3eisj9w5byjeu0.jpg","image/jpeg","47604","1","Indexable","",""
"https://irishealing.com/wp-content/uploads/2024/08/neurofeedback-therapy.gif","image/gif","102000","1","Indexable","",""
"https://irishealing.com/wp-content/uploads/2024/08/banner-bottom-mobile-1.jpg","image/jpeg","37893","1","Indexable","",""
"https://irishealing.com/wp-content/uploads/2025/07/iStock-2149639057.jpg","image/jpeg","190524","1","Indexable","",""
"https://irishealing.com/wp-content/uploads/2024/08/Anxiety-Treatment-in-Los-Angeles-2.png","image/png","165064","1","Indexable","",""
"https://irishealing.com/wp-content/uploads/2024/08/Anxiety-Treatment-in-Los-Angeles-4.png","image/png","1904557","1","Indexable","",""
"https://irishealing.com/wp-content/uploads/2024/08/Packing-List-6.png","image/png","425296","1","Indexable","",""
"https://irishealing.com/wp-content/uploads/2024/08/Packing-List-5.png","image/png","195119","1","Indexable","",""
"https://irishealing.com/wp-content/uploads/2024/08/Packing-List-2.png","image/png","419073","1","Indexable","",""
"https://irishealing.com/wp-content/uploads/2024/08/Packing-List-3.png","image/png","82674","1","Indexable","",""
"https://irishealing.com/wp-content/uploads/2024/08/zyro-image-3-1024x325-1-600x325.png","image/png","114561","1","Indexable","",""
"https://irishealing.com/wp-content/uploads/2024/08/upmc.png","image/png","1484","1","Indexable","",""
"https://irishealing.com/wp-content/uploads/2024/08/thumbnail-768x517-1.webp","image/webp","81172","1","Indexable","",""
"https://irishealing.com/wp-content/uploads/2024/08/verify-insurance-tms-5-01.jpg","image/jpeg","234460","1","Indexable","",""
"https://irishealing.com/wp-content/uploads/2024/08/first-health.png","image/png","1922","1","Indexable","",""
"https://irishealing.com/wp-content/uploads/2024/08/verify-insurance-tms-4-01.jpg","image/jpeg","146530","1","Indexable","",""
"https://irishealing.com/wp-content/uploads/2024/08/healthnet.png","image/png","1284","1","Indexable","",""
"https://irishealing.com/wp-content/uploads/2024/08/beacon.png","image/png","1908","1","Indexable","",""
"https://irishealing.com/wp-content/uploads/2024/08/multiplan.png","image/png","1236","1","Indexable","",""
"https://irishealing.com/wp-content/uploads/2024/08/bbb-768x768-1.webp","image/webp","7240","1","Indexable","",""
"https://irishealing.com/wp-content/uploads/2024/08/img217.webp","image/webp","5598","1","Indexable","",""
"https://irishealing.com/wp-content/uploads/2024/08/anthem.png","image/png","1790","1","Indexable","",""
"https://irishealing.com/wp-content/uploads/2024/08/compsych.png","image/png","1140","1","Indexable","",""
"https://irishealing.com/wp-content/uploads/2024/08/cigna.png","image/png","1896","1","Indexable","",""
"https://irishealing.com/wp-content/uploads/2024/08/humana.png","image/png","1022","1","Indexable","",""
"https://irishealing.com/wp-content/uploads/2024/08/aetna-1.png","image/png","897","1","Indexable","",""
"https://irishealing.com/wp-content/uploads/2024/08/download-removebg-preview.png","image/png","27403","1","Indexable","",""
"https://irishealing.com/wp-content/uploads/2024/08/mhn.png","image/png","10776","1","Indexable","",""
"https://irishealing.com/wp-content/uploads/2024/08/image-768x427-1.webp","image/webp","3314","1","Indexable","",""
"https://irishealing.com/wp-content/uploads/2024/08/Program-5-01-01.jpg","image/jpeg","234787","2","Indexable","",""
"https://irishealing.com/wp-content/uploads/2024/08/jd2_6098-1-1-768x512-1.webp","image/webp","43028","1","Indexable","",""
"https://irishealing.com/wp-content/uploads/2024/08/LIFE-CHANGING-REHAB.jpeg","image/jpeg","94645","3","Indexable","",""
"https://irishealing.com/wp-content/uploads/2024/08/LIFE-CHANGING-REHAB-IN-LOS-ANGELES.png","image/png","412938","3","Indexable","",""
"https://irishealing.com/wp-content/uploads/2024/08/Spiritual-Rehabilitation-Retreat-in-Woodland-Hills.jpg","image/jpeg","73927","1","Indexable","",""
"https://irishealing.com/wp-content/uploads/2024/08/IRIS-HEALING-IN-THE-NEWs.jpg","image/jpeg","29725","2","Indexable","",""
"https://irishealing.com/wp-content/uploads/2024/08/IRIS-HEALING®-IN-THE-NEWS.jpeg","image/jpeg","58305","3","Indexable","",""
"https://irishealing.com/wp-content/uploads/2024/08/Sarah-Sabag.webp","image/webp","10204","2","Indexable","",""
"https://irishealing.com/wp-content/uploads/2024/08/Irina-Kapustina.webp","image/webp","7036","2","Indexable","",""
"https://irishealing.com/wp-content/uploads/2024/08/Samantha-Funk.webp","image/webp","5826","2","Indexable","",""
"https://irishealing.com/wp-content/uploads/2024/08/Janine-Fox.webp","image/webp","11414","2","Indexable","",""
"https://irishealing.com/wp-content/uploads/2024/08/Alex-Michaels.webp","image/webp","8560","2","Indexable","",""
"https://irishealing.com/wp-content/uploads/2024/08/Bethany-Aukerman.webp","image/webp","5842","2","Indexable","",""
"https://irishealing.com/wp-content/uploads/2024/08/Beata-Lundeen.webp","image/webp","11900","2","Indexable","",""
"https://irishealing.com/wp-content/uploads/2024/08/Dr.-Damaris-Galarza.webp","image/webp","2554","3","Indexable","",""
"https://irishealing.com/wp-content/uploads/2024/08/Jennifer-Kane.webp","image/webp","6680","2","Indexable","",""
"https://irishealing.com/wp-content/uploads/2024/08/Luda-Kay-LVN.webp","image/webp","5364","2","Indexable","",""
"https://irishealing.com/wp-content/uploads/2024/08/Marcos-Guillen.webp","image/webp","8908","2","Indexable","",""
"https://irishealing.com/wp-content/uploads/2024/08/Elena-Kapustina-PsyD.webp","image/webp","9162","2","Indexable","",""
"https://irishealing.com/wp-content/uploads/2024/08/Dylan-Scheeler.webp","image/webp","8592","2","Indexable","",""
"https://irishealing.com/wp-content/uploads/2024/08/Joe-Marino.webp","image/webp","8942","2","Indexable","",""
"https://irishealing.com/wp-content/uploads/2024/08/Scott-Sanders.webp","image/webp","7430","2","Indexable","",""
"https://irishealing.com/wp-content/uploads/2024/08/Susan-Pleis.webp","image/webp","11884","2","Indexable","",""
"https://irishealing.com/wp-content/uploads/2024/08/Hypnotherapy-1.jpg","image/jpeg","711684","1","Indexable","",""
"https://irishealing.com/wp-content/uploads/2024/08/opioid-rehab-los-angeles-1-768x512-1-e1723469588780.jpg","image/jpeg","42502","1","Indexable","",""
"https://irishealing.com/wp-content/uploads/2024/08/jd2_6098-1.webp","image/webp","26166","1","Indexable","",""
"https://irishealing.com/wp-content/uploads/2024/08/yoga-therapy-2.jpg","image/jpeg","60154","1","Indexable","",""
"https://irishealing.com/wp-content/uploads/2024/08/yoga-therapy-1.webp","image/webp","216046","1","Indexable","",""
"https://irishealing.com/wp-content/uploads/2026/02/medical-supervised-alcohol-detox-support.jpg","image/jpeg","58676","1","Indexable","",""
"https://irishealing.com/wp-content/uploads/2024/08/iStock-1204453650-300x200-1.webp","image/webp","7396","3","Indexable","",""
"https://irishealing.com/wp-content/uploads/2024/08/AdobeStock_57937690-1-min-scaled-1-500x360.jpeg","image/jpeg","23058","2","Indexable","",""
"https://irishealing.com/wp-content/uploads/2024/08/detox-retreat-in-Los-Angeles-e1568242592143-500x360.jpg","image/jpeg","36748","2","Indexable","",""
"https://irishealing.com/wp-content/uploads/2024/08/wet-brain-syndrome-wernicke-korsakoff-syndrome-500x360.jpg","image/jpeg","23600","2","Indexable","",""
"https://irishealing.com/wp-content/uploads/2024/08/april-is-alcohol-awareness-month-500x360.jpg","image/jpeg","28033","2","Indexable","",""
"https://irishealing.com/wp-content/uploads/2024/08/Alcohol-Abuse-and-Physical-Dependence-to-Alcohol--500x360.jpg","image/jpeg","27532","2","Indexable","",""
"https://irishealing.com/wp-content/uploads/2024/08/iStock-506478880-300x200-1.webp","image/webp","6418","3","Indexable","",""
"https://irishealing.com/wp-content/uploads/2024/08/AdobeStock_207556012-1-min-scaled-1-500x360.jpeg","image/jpeg","24422","2","Indexable","",""
"https://irishealing.com/wp-content/uploads/2024/08/The-Hallmarks-of-Physical-Dependence-on-Alcohol-500x360.jpg","image/jpeg","26007","2","Indexable","",""
"https://irishealing.com/wp-content/uploads/2026/02/alcohol-recovery-paws-healing-process.png","image/png","1138025","1","Indexable","",""
"https://irishealing.com/wp-content/uploads/2024/08/japanese-gardens-iris-healing-retreat-768x1024-1-500x360.webp","image/webp","59166","2","Indexable","",""
"https://irishealing.com/wp-content/uploads/2024/08/iStock-1158890183-300x200-1.webp","image/webp","7926","3","Indexable","",""
"https://irishealing.com/wp-content/uploads/2024/10/is-alcoholism-a-disability-500x360.webp","image/webp","11992","2","Indexable","",""
"https://irishealing.com/wp-content/uploads/2024/10/alcohol-belly-men-500x360.webp","image/webp","10536","2","Indexable","",""
"https://irishealing.com/wp-content/uploads/2024/08/ch_jfhi_mhr-300x158-1.webp","image/webp","4000","3","Indexable","",""
"https://irishealing.com/wp-content/uploads/2024/08/AdobeStock_226382495-min-scaled-1-500x360.jpeg","image/jpeg","21800","2","Indexable","",""
"https://irishealing.com/wp-content/uploads/2024/06/Los-Angeles-Substance-Abuse-Statistics--500x360.jpeg","image/jpeg","18214","2","Indexable","",""
"https://irishealing.com/wp-content/uploads/2024/10/is-naproxen-addictive-500x360.webp","image/webp","7996","2","Indexable","",""
"https://irishealing.com/wp-content/uploads/2024/08/iris.ao_-300x200-1-1.webp","image/webp","7108","3","Indexable","",""
"https://irishealing.com/wp-content/uploads/2024/08/Screenshot-2024-06-04-at-7.56.21-AM-797x1024-1-500x360.png","image/png","232994","2","Indexable","",""
"https://irishealing.com/wp-content/uploads/2023/01/Neurofeedback-for-ADHD-500x360.jpg","image/jpeg","48817","2","Indexable","",""
"https://irishealing.com/wp-content/uploads/2026/01/Someone-working-while-attending-an-outpatient-meeting.png","image/png","1544173","1","Indexable","",""
"https://irishealing.com/wp-content/uploads/2026/01/thinking-about-the-halt-acronym.png","image/png","1265780","1","Indexable","",""
"https://irishealing.com/wp-content/uploads/2025/12/person-working-in-office.png","image/png","1366817","1","Indexable","",""
"https://irishealing.com/wp-content/uploads/2026/01/talking-to-therapist.jpg","image/jpeg","83032","1","Indexable","",""
"https://irishealing.com/wp-content/uploads/2026/01/IOP-treatment-with-two-women.png","image/png","1377576","1","Indexable","",""
"https://irishealing.com/wp-content/uploads/2026/01/mental-health-relapse.jpg","image/jpeg","238476","1","Indexable","",""
"https://irishealing.com/wp-content/uploads/2024/08/iris-1-500x360.jpg","image/jpeg","44070","2","Indexable","",""
"https://irishealing.com/wp-content/uploads/2024/08/iStock-1299770398-300x200-1.webp","image/webp","5374","3","Indexable","",""
"https://irishealing.com/wp-content/uploads/2024/08/iStock-1398008725-300x200-1.webp","image/webp","9094","3","Indexable","",""
"https://irishealing.com/wp-content/uploads/2024/08/AdobeStock_128751432-min-500x360.jpeg","image/jpeg","19863","2","Indexable","",""
"https://irishealing.com/wp-content/uploads/2024/08/ivob.jfhi_.ir_-300x200-1.webp","image/webp","5408","3","Indexable","",""
"https://irishealing.com/wp-content/uploads/2024/08/iStock-1447968466-300x200-1.webp","image/webp","6608","3","Indexable","",""
"https://irishealing.com/wp-content/uploads/2024/08/ivob.mhr_.jfhi_-300x200-1.webp","image/webp","4476","3","Indexable","",""
"https://irishealing.com/wp-content/uploads/2024/08/iStock-1473559425-300x200-1.webp","image/webp","6022","3","Indexable","",""
"https://irishealing.com/wp-content/uploads/2024/08/iStock-554392555-300x200-1.webp","image/webp","7720","3","Indexable","",""
"https://irishealing.com/wp-content/uploads/2024/08/jfhi.mhr_.rr_-300x200-1.webp","image/webp","6776","3","Indexable","",""
"https://irishealing.com/wp-content/uploads/2024/08/jfhi.mhr_.ir_-500x360.jpg","image/jpeg","24933","2","Indexable","",""
"https://irishealing.com/wp-content/uploads/2024/08/ivob.ir_-scaled-1-500x360.jpg","image/jpeg","29100","2","Indexable","",""
"https://irishealing.com/wp-content/uploads/2024/08/TMS-for-Chronic-Pain-5.webp","image/webp","198618","1","Indexable","",""
"https://irishealing.com/wp-content/uploads/2024/08/TMS-for-Chronic-Pain-7-01-scaled.jpg","image/jpeg","334759","1","Indexable","",""
"https://irishealing.com/wp-content/uploads/2024/08/TMS-for-PTSD-5-01-scaled.jpg","image/jpeg","480008","1","Indexable","",""
"https://irishealing.com/wp-content/uploads/2024/08/TMS-for-PTSD-6.jpg","image/jpeg","127562","1","Indexable","",""
"https://irishealing.com/wp-content/uploads/2024/08/iStock-1080103184-scaled-1-500x360.jpg","image/jpeg","23458","2","Indexable","",""
"https://irishealing.com/wp-content/uploads/2024/08/bipolar_img-300x200-1-1-1.webp","image/webp","5144","3","Indexable","",""
"https://irishealing.com/wp-content/uploads/2024/08/iStock-1303713829-300x200-1.webp","image/webp","6066","3","Indexable","",""
"https://irishealing.com/wp-content/uploads/2024/08/cocaine-withdrawal-symptoms-iris-healing-500x360.png","image/png","158637","2","Indexable","",""
"https://irishealing.com/wp-content/uploads/2024/08/iStock-526222909-300x200-1.webp","image/webp","4000","3","Indexable","",""
"https://irishealing.com/wp-content/uploads/2024/08/iStock-1300034012-1536x857-1-500x360.webp","image/webp","11488","2","Indexable","",""
"https://irishealing.com/wp-content/uploads/2024/08/how-to-help-an-addict-e1657181077943-500x360.jpg","image/jpeg","29507","2","Indexable","",""
"https://irishealing.com/wp-content/uploads/2024/08/iStock-1341696795-min-1-min-500x360.png","image/png","238094","2","Indexable","",""
"https://irishealing.com/wp-content/uploads/2024/08/iStock-599265432-scaled-1-500x360.jpg","image/jpeg","31963","2","Indexable","",""
"https://irishealing.com/wp-content/uploads/2024/08/Schizophrenia_img-1536x957-1-500x360.webp","image/webp","13684","2","Indexable","",""
"https://irishealing.com/wp-content/uploads/2024/08/bipolar_img-300x200-1.webp","image/webp","5144","3","Indexable","",""
"https://irishealing.com/wp-content/uploads/2024/08/iStock-1279859712-scaled-1-500x360.jpg","image/jpeg","34179","2","Indexable","",""
"https://irishealing.com/wp-content/uploads/2024/08/iStock-1191251549-scaled-1-500x360.jpg","image/jpeg","32362","2","Indexable","",""
"https://irishealing.com/wp-content/uploads/2024/08/iStock-1389444842-min-500x360.png","image/png","228777","2","Indexable","",""
"https://irishealing.com/wp-content/uploads/2024/08/1-7-1-500x360.webp","image/webp","19050","2","Indexable","",""
"https://irishealing.com/wp-content/uploads/2024/08/pexels-mart-production-7643724-scaled-1-500x360.jpg","image/jpeg","23828","2","Indexable","",""
"https://irishealing.com/wp-content/uploads/2024/08/2-7-1-500x360.webp","image/webp","20046","2","Indexable","",""
"https://irishealing.com/wp-content/uploads/2024/08/iStock-1372296514-min-1536x1024-1-500x360.webp","image/webp","21076","2","Indexable","",""
"https://irishealing.com/wp-content/uploads/2024/08/iStock-1386881254-300x200-1.webp","image/webp","4900","3","Indexable","",""
"https://irishealing.com/wp-content/uploads/2024/08/ir_-500x360.jpg","image/jpeg","25716","2","Indexable","",""
"https://irishealing.com/wp-content/uploads/2024/08/iStock-1414016764-scaled-1-500x360.jpg","image/jpeg","39951","2","Indexable","",""
"https://irishealing.com/wp-content/uploads/2024/08/iStock-1386881216-1024x683-1-500x360.webp","image/webp","26412","2","Indexable","",""
"https://irishealing.com/wp-content/uploads/2024/08/fentanyl-overdose-signs-iris-healing-500x360.jpg","image/jpeg","26942","2","Indexable","",""
"https://irishealing.com/wp-content/uploads/2024/08/iStock-1131100712-1536x1022-1-500x360.webp","image/webp","12230","2","Indexable","",""
"https://irishealing.com/wp-content/uploads/2024/08/iStock-1181137477-min-500x360.jpg","image/jpeg","23916","2","Indexable","",""
"https://irishealing.com/wp-content/uploads/2024/08/iStock-1175358282-1536x1024-1-500x360.webp","image/webp","16556","2","Indexable","",""
"https://irishealing.com/wp-content/uploads/2024/08/Withdrawal-Timeline-and-Symptoms-Hero-Image-500x360.jpg","image/jpeg","28274","2","Indexable","",""
"https://irishealing.com/wp-content/uploads/2024/08/iStock-1349504120-1-scaled-1-500x360.jpg","image/jpeg","49126","2","Indexable","",""
"https://irishealing.com/wp-content/uploads/2024/08/iStock-917744738-scaled-1-500x360.jpg","image/jpeg","25034","2","Indexable","",""
"https://irishealing.com/wp-content/uploads/2024/08/pexels-sam-lion-5710198-scaled-1-500x360.jpg","image/jpeg","28027","2","Indexable","",""
"https://irishealing.com/wp-content/uploads/2024/08/klonopin_img-500x360.jpg","image/jpeg","29938","2","Indexable","",""
"https://irishealing.com/wp-content/uploads/2024/08/pexels-buro-millennial-1438072-scaled-1-500x360.jpg","image/jpeg","44285","2","Indexable","",""
"https://irishealing.com/wp-content/uploads/2024/08/mhr.ir_-500x360.jpg","image/jpeg","40682","2","Indexable","",""
"https://irishealing.com/wp-content/uploads/2024/08/iStock-1041483394-1-1536x1024-1-500x360.webp","image/webp","21840","2","Indexable","",""
"https://irishealing.com/wp-content/uploads/2024/08/serotonin-foods-that-boost-mood-500x360.jpg","image/jpeg","42241","2","Indexable","",""
"https://irishealing.com/wp-content/uploads/2024/08/magnet-me-315vPGsAFUk-unsplash-300x200-1.webp","image/webp","8844","3","Indexable","",""
"https://irishealing.com/wp-content/uploads/2024/08/iStock-846730696-500x360.jpg","image/jpeg","31634","2","Indexable","",""
"https://irishealing.com/wp-content/uploads/2024/08/3-scaled-1-500x360.jpg","image/jpeg","27643","2","Indexable","",""
"https://irishealing.com/wp-content/uploads/2024/08/trazodone-for-sleep-iris-healing-500x360.jpg","image/jpeg","24880","2","Indexable","",""
"https://irishealing.com/wp-content/uploads/2024/08/iStock-1270403525-1-scaled-1-500x360.jpg","image/jpeg","25502","2","Indexable","",""
"https://irishealing.com/wp-content/uploads/2024/08/iris-heading-8.jpg","image/jpeg","32685","3","Indexable","",""
"https://irishealing.com/wp-content/uploads/2024/08/iStock-1290468070-min-500x360.jpg","image/jpeg","55831","2","Indexable","",""
"https://irishealing.com/wp-content/uploads/2024/08/xanax-in-your-system-iris-healing-500x360.jpg","image/jpeg","23915","2","Indexable","",""
"https://irishealing.com/wp-content/uploads/2024/08/How-to-admit-yourself-to-a-mental-hospital-e1657260485598-500x360.jpg","image/jpeg","25303","2","Indexable","",""
"https://irishealing.com/wp-content/uploads/2024/08/opioid-withdrawal-symptoms-iris-healing-500x360.jpg","image/jpeg","29631","2","Indexable","",""
"https://irishealing.com/wp-content/uploads/2024/08/pexels-aissa-bouabellou-2406238-scaled-min-500x360.jpg","image/jpeg","47940","2","Indexable","",""
"https://irishealing.com/wp-content/uploads/2024/08/iStock-1303855652-500x360.jpg","image/jpeg","29080","2","Indexable","",""
"https://irishealing.com/wp-content/uploads/2024/08/iStock-1173046912-scaled-1-500x360.jpg","image/jpeg","24263","2","Indexable","",""
"https://irishealing.com/wp-content/uploads/2024/08/iStock-1278778836-500x360.jpg","image/jpeg","22005","2","Indexable","",""
"https://irishealing.com/wp-content/uploads/2024/08/iStock-1197182193-1-300x200-1.webp","image/webp","6554","3","Indexable","",""
"https://irishealing.com/wp-content/uploads/2024/08/pexels-uriel-mont-6280633-scaled-1-500x360.jpg","image/jpeg","27897","2","Indexable","",""
"https://irishealing.com/wp-content/uploads/2024/08/how-long-does-fentanyl-stay-in-your-system-iris-healing-500x360.jpg","image/jpeg","24651","2","Indexable","",""
"https://irishealing.com/wp-content/uploads/2024/08/pexels-aissa-bouabellou-2406238-1-scaled-1-500x360.jpg","image/jpeg","51356","2","Indexable","",""
"https://irishealing.com/wp-content/uploads/2024/08/adderall_img-500x360.jpg","image/jpeg","34602","2","Indexable","",""
"https://irishealing.com/wp-content/uploads/2024/08/mental_help_img2-1-500x360.webp","image/webp","12316","2","Indexable","",""
"https://irishealing.com/wp-content/uploads/2024/08/iStock-1389444823-scaled-1-500x360.jpg","image/jpeg","33378","2","Indexable","",""
"https://irishealing.com/wp-content/uploads/2024/08/iStock-1207514066-1536x1024-1-500x360.webp","image/webp","12820","2","Indexable","",""
"https://irishealing.com/wp-content/uploads/2024/08/iStock-1369312538-1536x1024-1-500x360.webp","image/webp","30350","2","Indexable","",""
"https://irishealing.com/wp-content/uploads/2024/08/borderline-personality-disorder-vs-bipolar-scaled-e1657254919748-500x360.jpg","image/jpeg","25770","2","Indexable","",""
"https://irishealing.com/wp-content/uploads/2024/08/iStock-1302150566-1536x1024-1-500x360.webp","image/webp","13528","2","Indexable","",""
"https://irishealing.com/wp-content/uploads/2024/08/iStock-1369377336-1536x1024-1-500x360.webp","image/webp","20752","2","Indexable","",""
"https://irishealing.com/wp-content/uploads/2024/08/ADHD_img-300x200-1.webp","image/webp","5016","3","Indexable","",""
"https://irishealing.com/wp-content/uploads/2024/08/iStock-1271562640-1536x1024-1-500x360.webp","image/webp","14844","2","Indexable","",""
"https://irishealing.com/wp-content/uploads/2024/08/iStock-1311686836-scaled-1-500x360.jpg","image/jpeg","33204","2","Indexable","",""
"https://irishealing.com/wp-content/uploads/2024/08/iStock-1346852895-500x360.jpg","image/jpeg","48052","2","Indexable","",""
"https://irishealing.com/wp-content/uploads/2024/08/iStock-1146488567-1536x1024-1-500x360.webp","image/webp","15584","2","Indexable","",""
"https://irishealing.com/wp-content/uploads/2024/08/1-scaled-1-500x360.jpg","image/jpeg","26041","2","Indexable","",""
"https://irishealing.com/wp-content/uploads/2024/08/pexels-andrea-piacquadio-3860813-scaled-1-500x360.jpg","image/jpeg","25786","2","Indexable","",""
"https://irishealing.com/wp-content/uploads/2024/08/pexels-miriam-alonso-7585783-2-scaled-1-500x360.jpg","image/jpeg","40207","2","Indexable","",""
"https://irishealing.com/wp-content/uploads/2024/08/elena-kapustina-distinguished-alumni-award-500x288.jpg","image/jpeg","36132","2","Indexable","",""
"https://irishealing.com/wp-content/uploads/2024/08/Working-with-Trauma-and-the-Body-Workshop-500x360.jpg","image/jpeg","40266","2","Indexable","",""
"https://irishealing.com/wp-content/uploads/2024/08/Brainspotting-500x360.jpg","image/jpeg","45712","2","Indexable","",""
"https://irishealing.com/wp-content/uploads/2024/08/iris-anniversary-500x360.jpg","image/jpeg","65322","2","Indexable","",""
"https://irishealing.com/wp-content/uploads/2024/08/Free-Brainspotting-Group-Consultation-1-500x360.webp","image/webp","10574","2","Indexable","",""
"https://irishealing.com/wp-content/uploads/2024/08/GoldSeal_4color-1-500x360.webp","image/webp","15662","2","Indexable","",""
"https://irishealing.com/wp-content/uploads/2024/08/Reprogramming-Trauma-Workshop--500x360.jpg","image/jpeg","47163","2","Indexable","",""
"https://irishealing.com/wp-content/uploads/2024/08/Compassion-Fatigue-Prevention-Training-Resiliency-of-the-Wound-500x360.jpg","image/jpeg","25192","2","Indexable","",""
"https://irishealing.com/wp-content/uploads/2024/08/featured-keys-to-recovery-magazine-1-500x360.webp","image/webp","13542","2","Indexable","",""
"https://irishealing.com/wp-content/uploads/2024/08/mental-health-treatment-500x315.png","image/png","129097","2","Indexable","",""
"https://irishealing.com/wp-content/uploads/2024/08/pexels-andrea-piacquadio-733872-scaled-1-500x360.jpg","image/jpeg","24875","2","Indexable","",""
"https://irishealing.com/wp-content/uploads/2024/08/pexels-fauxels-3184634-scaled-1-500x360.jpg","image/jpeg","29462","2","Indexable","",""
"https://irishealing.com/wp-content/uploads/2024/08/pexels-ekaterina-bolovtsova-4051134-300x200-1.webp","image/webp","13186","3","Indexable","",""
"https://irishealing.com/wp-content/uploads/2024/08/nathan-anderson-FHiJWoBodrs-unsplash-scaled-1-500x360.jpg","image/jpeg","30942","2","Indexable","",""
"https://irishealing.com/wp-content/uploads/2024/08/pexels-george-milton-6953947-1536x1024-1-500x360.webp","image/webp","18450","2","Indexable","",""
"https://irishealing.com/wp-content/uploads/2024/08/pexels-andrea-piacquadio-927022-1-300x200-1.webp","image/webp","9366","3","Indexable","",""
"https://irishealing.com/wp-content/uploads/2024/08/iStock-874205566-500x360.jpg","image/jpeg","44947","2","Indexable","",""
"https://irishealing.com/wp-content/uploads/2024/08/pexels-andrea-piacquadio-712513-scaled-1-500x360.jpg","image/jpeg","22088","2","Indexable","",""
"https://irishealing.com/wp-content/uploads/2024/08/iStock-599898694-500x360.jpg","image/jpeg","22467","2","Indexable","",""
"https://irishealing.com/wp-content/uploads/2024/08/effective-alcohol-detox-programs-500x360.jpg","image/jpeg","22688","2","Indexable","",""
"https://irishealing.com/wp-content/uploads/2024/08/addiction-eating-mental-healing-500x360.jpg","image/jpeg","61509","2","Indexable","",""
"https://irishealing.com/wp-content/uploads/2024/08/187567568-500x360.jpg","image/jpeg","33096","2","Indexable","",""
"https://irishealing.com/wp-content/uploads/2024/08/recognizing-codependency-500x360.jpg","image/jpeg","19475","2","Indexable","",""
"https://irishealing.com/wp-content/uploads/2024/08/eeg-neurofeedback-500x360.jpg","image/jpeg","20928","2","Indexable","",""
"https://irishealing.com/wp-content/uploads/2024/08/new-season-new-beginnings-500x360.jpg","image/jpeg","55170","2","Indexable","",""
"https://irishealing.com/wp-content/uploads/2024/08/2018-05-22_10-11-09-500x360.jpg","image/jpeg","34915","2","Indexable","",""
"https://irishealing.com/wp-content/uploads/2024/08/Mindfulness-500x360.jpg","image/jpeg","23358","2","Indexable","",""
"https://irishealing.com/wp-content/uploads/2024/08/Sound-Therapy-Healing-Iris-Healing-300x201-1.webp","image/webp","7312","3","Indexable","",""
"https://irishealing.com/wp-content/uploads/2024/08/facing-depression-clearing-mind-dark-thoughts-500x360.jpg","image/jpeg","8678","2","Indexable","",""
"https://irishealing.com/wp-content/uploads/2024/08/iStock-1151173744-1-500x360.jpg","image/jpeg","43215","2","Indexable","",""
"https://irishealing.com/wp-content/uploads/2024/08/healing-recovery-300x169-1.webp","image/webp","10362","3","Indexable","",""
"https://irishealing.com/wp-content/uploads/2024/08/PTSD-and-Addiction-iris-500x360.jpg","image/jpeg","24981","2","Indexable","",""
"https://irishealing.com/wp-content/uploads/2024/08/PTSD-and-Addiction-solutions-500x360.jpg","image/jpeg","44517","2","Indexable","",""
"https://irishealing.com/wp-content/uploads/2024/08/holistic-rehab-center-1-500x360.jpg","image/jpeg","45555","2","Indexable","",""
"https://irishealing.com/wp-content/uploads/2024/08/woman-soldier-500x360.jpg","image/jpeg","31168","2","Indexable","",""
"https://irishealing.com/wp-content/uploads/2024/08/quitting-sugar-benefits-500x360.jpg","image/jpeg","35975","2","Indexable","",""
"https://irishealing.com/wp-content/uploads/2024/08/healing-with-sound-therapy-500x360.jpg","image/jpeg","20509","2","Indexable","",""
"https://irishealing.com/wp-content/uploads/2024/08/holistic-rehab-center-e1572986309623-500x360.jpg","image/jpeg","38266","4","Indexable","",""
"https://irishealing.com/wp-content/uploads/2024/08/grief-counseling-healing-500x360.webp","image/webp","52550","2","Indexable","",""
"https://irishealing.com/wp-content/uploads/2024/08/sound-therapy-healing-1-500x360.jpg","image/jpeg","35673","2","Indexable","",""
"https://irishealing.com/wp-content/uploads/2024/08/somatic-therapy-500x360.jpg","image/jpeg","20290","2","Indexable","",""
"https://irishealing.com/wp-content/uploads/2024/08/Trauma-Recovery-Retreat-500x360.jpg","image/jpeg","36370","2","Indexable","",""
"https://irishealing.com/wp-content/uploads/2024/08/iStock-522534390-300x200-1-1.webp","image/webp","5476","3","Indexable","",""
"https://irishealing.com/wp-content/uploads/2024/08/hypnosis-therapy-treatment-to-change-habits-500x360.jpg","image/jpeg","28543","2","Indexable","",""
"https://irishealing.com/wp-content/uploads/2024/08/Los-Angeles-rehab-center-e1566598657992-500x360.jpg","image/jpeg","30157","2","Indexable","",""
"https://irishealing.com/wp-content/uploads/2024/08/trauma-healing-retreat-e1566596394852-500x360.jpg","image/jpeg","23293","2","Indexable","",""
"https://irishealing.com/wp-content/uploads/2024/08/holistic-drug-rehab-in-Los-Angeles-500x360.jpg","image/jpeg","15530","2","Indexable","",""
"https://irishealing.com/wp-content/uploads/2024/08/Healing-Retreat-Centers-500x360.jpg","image/jpeg","20389","2","Indexable","",""
"https://irishealing.com/wp-content/uploads/2024/08/Holistic-Rehab-Center-500x360.jpg","image/jpeg","34081","2","Indexable","",""
"https://irishealing.com/wp-content/uploads/2024/08/growth-of-holistic-treatment-in-rehabs-500x360.jpg","image/jpeg","20803","2","Indexable","",""
"https://irishealing.com/wp-content/uploads/2024/08/Rehab-Center-Los-Angles-Iris-500x360.jpg","image/jpeg","51809","2","Indexable","",""
"https://irishealing.com/wp-content/uploads/2024/08/holistic-rehab-for-treatment-500x360.jpg","image/jpeg","43069","2","Indexable","",""
"https://irishealing.com/wp-content/uploads/2024/08/Healing-Recovery-500x360.jpg","image/jpeg","23045","2","Indexable","",""
"https://irishealing.com/wp-content/uploads/2024/08/mental-e1544662065204-500x360.jpg","image/jpeg","24199","2","Indexable","",""
"https://irishealing.com/wp-content/uploads/2024/08/Holistic-Depression-Treatment-Centers--500x360.jpg","image/jpeg","14741","2","Indexable","",""
"https://irishealing.com/wp-content/uploads/2024/08/detox-retreat-in-Los-Angeles-e1568242538103-500x360.jpg","image/jpeg","34102","4","Indexable","",""
"https://irishealing.com/wp-content/uploads/2024/08/mental-health-retreat-centers-e1566597012115-500x360.jpg","image/jpeg","21241","2","Indexable","",""
"https://irishealing.com/wp-content/uploads/2024/08/A-Spiritual-Rehabilitation-Retreat1-500x360.jpg","image/jpeg","32825","2","Indexable","",""
"https://irishealing.com/wp-content/uploads/2024/08/Healing-Retreat-Centers-2-500x360.jpg","image/jpeg","18996","2","Indexable","",""
"https://irishealing.com/wp-content/uploads/2024/08/detox-treatment--500x360.jpg","image/jpeg","31691","2","Indexable","",""
"https://irishealing.com/wp-content/uploads/2024/08/Holistic-Rehab-1-1-500x360.jpg","image/jpeg","49041","2","Indexable","",""
"https://irishealing.com/wp-content/uploads/2024/08/healing-retreat-in-California.jpg","image/jpeg","4300","3","Indexable","",""
"https://irishealing.com/wp-content/uploads/2024/08/trauma-healing-retreats-finally-get-treated-from-your-violent-past-500x360.jpg","image/jpeg","29342","2","Indexable","",""
"https://irishealing.com/wp-content/uploads/2024/08/Holistic-Rehab-1-500x360.jpg","image/jpeg","38666","2","Indexable","",""
"https://irishealing.com/wp-content/uploads/2024/08/holistic-rehab-500x360.jpg","image/jpeg","26100","2","Indexable","",""
"https://irishealing.com/wp-content/uploads/2024/08/Los-Angeles-rehab-center-1-500x360.jpg","image/jpeg","24078","2","Indexable","",""
"https://irishealing.com/wp-content/uploads/2024/08/AdobeStock_90945113-scaled-1-500x360.jpeg","image/jpeg","17972","2","Indexable","",""
"https://irishealing.com/wp-content/uploads/2024/08/outpatient-programs-500x360.jpg","image/jpeg","33547","2","Indexable","",""
"https://irishealing.com/wp-content/uploads/2024/08/holistic-rehab-e1568242282261-500x360.jpg","image/jpeg","20260","2","Indexable","",""
"https://irishealing.com/wp-content/uploads/2024/08/trauma-healing-retreat-1-500x360.jpg","image/jpeg","25417","2","Indexable","",""
"https://irishealing.com/wp-content/uploads/2024/08/healing-retreat-centers-1-500x360.jpg","image/jpeg","33750","2","Indexable","",""
"https://irishealing.com/wp-content/uploads/2024/08/Finding-Your-Way-at-a-Trauma-Healing-Retreat-500x360.jpg","image/jpeg","66249","2","Indexable","",""
"https://irishealing.com/wp-content/uploads/2024/08/healing-recovery-e1566598204943-500x360.jpg","image/jpeg","26184","2","Indexable","",""
"https://irishealing.com/wp-content/uploads/2024/08/mental-health-issues-500x360.jpg","image/jpeg","32057","2","Indexable","",""
"https://irishealing.com/wp-content/uploads/2024/08/rehab-center-in-Los-Angeles-500x360.jpg","image/jpeg","26873","2","Indexable","",""
"https://irishealing.com/wp-content/uploads/2024/08/sound-therapy-healing-e1566593568834-500x360.jpg","image/jpeg","14754","2","Indexable","",""
"https://irishealing.com/wp-content/uploads/2024/08/substance-abuse-recovery-1-500x360.jpg","image/jpeg","31831","2","Indexable","",""
"https://irishealing.com/wp-content/uploads/2024/08/slide-seenon-500x360.jpg","image/jpeg","26196","2","Indexable","",""
"https://irishealing.com/wp-content/uploads/2024/08/what-is-the-timeline-for-alcohol-detox-treatment-500x360.jpg","image/jpeg","26443","4","Indexable","",""
"https://irishealing.com/wp-content/uploads/2024/08/transcranial-magnetic-stimulation-500x360.jpg","image/jpeg","25969","4","Indexable","",""
"https://irishealing.com/wp-content/uploads/2024/08/mental-health-retreat-e1572985545941-500x360.jpg","image/jpeg","28645","2","Indexable","",""
"https://irishealing.com/wp-content/uploads/2024/08/specialist-Trauma-Recovery-Retreat--500x360.jpg","image/jpeg","22675","2","Indexable","",""
"https://irishealing.com/wp-content/uploads/2024/08/depression-treatment-in-los-angeles-500x360.jpg","image/jpeg","21241","2","Indexable","",""
"https://irishealing.com/wp-content/uploads/2024/08/single-parent-rehab-500x360.jpg","image/jpeg","31517","4","Indexable","",""
"https://irishealing.com/wp-content/uploads/2024/08/successful-holistic-drug-rehab-los-angeles-500x360.jpg","image/jpeg","34843","2","Indexable","",""
"https://irishealing.com/wp-content/uploads/2024/08/alcohol-detox-program-1-500x360.jpg","image/jpeg","24364","2","Indexable","",""
"https://irishealing.com/wp-content/uploads/2024/08/alcohol-detox-and-withdrawal-at-home-500x360.jpg","image/jpeg","30270","2","Indexable","",""
"https://irishealing.com/wp-content/uploads/2024/08/Alcohol-Detox-Program-2-500x360.jpg","image/jpeg","10496","2","Indexable","",""
"https://irishealing.com/wp-content/uploads/2024/08/Alcohol-Detox-Program-500x360.jpg","image/jpeg","23383","2","Indexable","",""
"https://irishealing.com/wp-content/uploads/2024/08/alcohol-detox-programs-500x360.jpg","image/jpeg","29266","2","Indexable","",""
"https://irishealing.com/wp-content/uploads/2024/08/massage-therapy-in-alcohol-detox-programs-500x360.jpg","image/jpeg","22211","2","Indexable","",""
"https://irishealing.com/wp-content/uploads/2024/08/Is-an-Alcohol-Detox-Program-the-next-step1-500x360.jpg","image/jpeg","39164","2","Indexable","",""
"https://irishealing.com/wp-content/uploads/2024/08/Relapse-Prevention-and-Recovery-Hero-Image-500x360.jpg","image/jpeg","43806","2","Indexable","",""
"https://irishealing.com/wp-content/uploads/2024/08/Spiritual-Rehabilitation-Retreats-300x200-1-1.webp","image/webp","4512","3","Indexable","",""
"https://irishealing.com/wp-content/uploads/2024/08/holistic-coping-skills-exercises-500x360.jpeg","image/jpeg","35016","2","Indexable","",""
"https://irishealing.com/wp-content/uploads/2024/08/pexels-cottonbro-7428850-300x200-1.webp","image/webp","7204","3","Indexable","",""
"https://irishealing.com/wp-content/uploads/2024/08/iStock-1206720846-500x360.jpg","image/jpeg","37662","2","Indexable","",""
"https://irishealing.com/wp-content/uploads/2024/08/iStock-1250307252-500x360.jpg","image/jpeg","32020","2","Indexable","",""
"https://irishealing.com/wp-content/uploads/2024/08/The-Spiritual-Rehabilitation-Retreats-as-an-Alternative-1-500x360.webp","image/webp","22502","2","Indexable","",""
"https://irishealing.com/wp-content/uploads/2024/08/peace-harmony-silencing-impulses-1-500x360.webp","image/webp","33856","2","Indexable","",""
"https://irishealing.com/wp-content/uploads/2024/08/Spirituality-and-Recovery-300x200-1-1.webp","image/webp","2708","3","Indexable","",""
"https://irishealing.com/wp-content/uploads/2024/08/A-Low-Glycemic-Diet-in-Recovery-1-500x360.webp","image/webp","17660","2","Indexable","",""
"https://irishealing.com/wp-content/uploads/2024/08/leon-Oalh2MojUuk-unsplash-300x200-1.webp","image/webp","5814","3","Indexable","",""
"https://irishealing.com/wp-content/uploads/2024/08/priscilla-du-preez-8UEuVWA-Tk-unsplash-300x200-1.webp","image/webp","9226","3","Indexable","",""
"https://irishealing.com/wp-content/uploads/2024/08/dual-diagnosis-treatment-center-300x200-1.webp","image/webp","6754","3","Indexable","",""
"https://irishealing.com/wp-content/uploads/2024/08/famous-people-with-ptsd-300x200-1.webp","image/webp","12004","3","Indexable","",""
"https://irishealing.com/wp-content/uploads/2024/08/iStock-1189302612-300x200-1.webp","image/webp","5528","3","Indexable","",""
"https://irishealing.com/wp-content/uploads/2024/08/treating-depression-without-drugs-or-medication-1-500x360.webp","image/webp","70514","2","Indexable","",""
"https://irishealing.com/wp-content/uploads/2024/08/pexels-canva-studio-3153198-1536x1024-1-500x360.webp","image/webp","27906","2","Indexable","",""
"https://irishealing.com/wp-content/uploads/2024/08/iStock-960799302-1-500x360.webp","image/webp","24796","2","Indexable","",""
"https://irishealing.com/wp-content/uploads/2024/08/ptsd-awareness-month-june-300x200-1.webp","image/webp","5714","3","Indexable","",""
"https://irishealing.com/wp-content/uploads/2024/08/iStock-1211390857-1536x1026-1-500x360.webp","image/webp","19666","2","Indexable","",""
"https://irishealing.com/wp-content/uploads/2024/08/stress-awareness-month-in-april-1-500x360.webp","image/webp","18142","2","Indexable","",""
"https://irishealing.com/wp-content/uploads/2024/08/pexels-tan-danh-773124-scaled-1-500x360.jpg","image/jpeg","29922","2","Indexable","",""
"https://irishealing.com/wp-content/uploads/2024/08/iStock-484565720-300x200-1.webp","image/webp","7548","3","Indexable","",""
"https://irishealing.com/wp-content/uploads/2024/08/Dual-Diagnosis-Treatment-Center-Los-Angeles-300x200-1.webp","image/webp","8096","3","Indexable","",""
"https://irishealing.com/wp-content/uploads/2024/08/mental-health-benefits-of-exercise-500x360.jpg","image/jpeg","45625","2","Indexable","",""
"https://irishealing.com/wp-content/uploads/2024/08/Motivational-Interviewing-for-Addiction-Hero-Image-1536x1024-1-500x360.webp","image/webp","21704","2","Indexable","",""
"https://irishealing.com/wp-content/uploads/2024/08/stress-vs-depression-300x200-1.webp","image/webp","6826","3","Indexable","",""
"https://irishealing.com/wp-content/uploads/2024/08/healing-after-a-divorce-counseling-retreat-300x200-1.webp","image/webp","4626","3","Indexable","",""
"https://irishealing.com/wp-content/uploads/2024/08/depression-awareness-month-500x360.jpg","image/jpeg","79598","2","Indexable","",""
"https://irishealing.com/wp-content/uploads/2024/08/Neurofeedback-for-anxiety-500x360.jpg","image/jpeg","33786","2","Indexable","",""
"https://irishealing.com/wp-content/uploads/2024/08/instagram-marijuana-hackers-ransom-500x360.jpg","image/jpeg","37632","2","Indexable","",""
"https://irishealing.com/wp-content/uploads/2024/08/dissociative-identity-disorder-symptoms-treatment-300x200-1.webp","image/webp","2182","3","Indexable","",""
"https://irishealing.com/wp-content/uploads/2024/08/substance-abuse-disorder-500x360.jpg","image/jpeg","20566","2","Indexable","",""
"https://irishealing.com/wp-content/uploads/2024/08/lexapro-and-marijuana-500x360.jpg","image/jpeg","21517","2","Indexable","",""
"https://irishealing.com/wp-content/uploads/2024/08/borderline-personality-disorder-movies-about-bpd-1-500x360.webp","image/webp","31980","2","Indexable","",""
"https://irishealing.com/wp-content/uploads/2024/08/iStock-1179369191-1-scaled-1-500x360.jpg","image/jpeg","38022","2","Indexable","",""
"https://irishealing.com/wp-content/uploads/2024/08/iStock-1252926473-1-500x360.webp","image/webp","10200","2","Indexable","",""
"https://irishealing.com/wp-content/uploads/2024/08/iStock-469932264-500x360.jpg","image/jpeg","34808","2","Indexable","",""
"https://irishealing.com/wp-content/uploads/2024/08/iStock-1130450478-1536x1025-1-500x360.webp","image/webp","14496","2","Indexable","",""
"https://irishealing.com/wp-content/uploads/2024/08/equine-therapy-for-ptsd-and-addiction-300x200-1-1.webp","image/webp","7912","3","Indexable","",""
"https://irishealing.com/wp-content/uploads/2024/08/Healing-Recovery-Programs-500x360.jpg","image/jpeg","27891","2","Indexable","",""
"https://irishealing.com/wp-content/uploads/2024/08/brooke-cagle-g1Kr4Ozfoac-unsplash-300x200-1.webp","image/webp","9774","3","Indexable","",""
"https://irishealing.com/wp-content/uploads/2024/08/sound-therapy-healing-500x360.jpg","image/jpeg","20228","2","Indexable","",""
"https://irishealing.com/wp-content/uploads/2024/08/iStock-1303713830-min-1-1536x1024-1-1-500x360.webp","image/webp","13502","2","Indexable","",""
"https://irishealing.com/wp-content/uploads/2024/08/celebrities-and-famous-people-with-bipolar-disorder-500x360.jpg","image/jpeg","53565","2","Indexable","",""
"https://irishealing.com/wp-content/uploads/2024/08/iStock-1324269055-min-500x360.png","image/png","172138","2","Indexable","",""
"https://irishealing.com/wp-content/uploads/2024/08/iStock-1130450395-min-1536x1022-1-500x360.webp","image/webp","19306","2","Indexable","",""
"https://irishealing.com/wp-content/uploads/2024/08/Finding-the-Right-Trauma-Recovery-Retreat-500x266.jpg","image/jpeg","24016","2","Indexable","",""
"https://irishealing.com/wp-content/uploads/2024/08/mental-health-retreats-in-California-e1566595135147-500x360.jpg","image/jpeg","30984","2","Indexable","",""
"https://irishealing.com/wp-content/uploads/2024/08/pexels-pavel-danilyuk-5996595-1536x1025-1-500x360.webp","image/webp","16330","2","Indexable","",""
"https://irishealing.com/wp-content/uploads/2024/08/iStock-1020456138-500x360.jpg","image/jpeg","25998","2","Indexable","",""
"https://irishealing.com/wp-content/uploads/2024/08/rehab-2-e1544660892865-500x360.jpg","image/jpeg","29909","2","Indexable","",""
"https://irishealing.com/wp-content/uploads/2024/08/holistic-depression-treatment-centers-500x360.jpg","image/jpeg","27774","2","Indexable","",""
"https://irishealing.com/wp-content/uploads/2024/08/link-between-ptsd-and-addiction-500x360.jpg","image/jpeg","30162","2","Indexable","",""
"https://irishealing.com/wp-content/uploads/2024/08/pexels-blue-bird-7243156-scaled-1-1-500x360.webp","image/webp","11646","2","Indexable","",""
"https://irishealing.com/wp-content/uploads/2024/08/mental-health-awareness-month-may-1-500x360.webp","image/webp","61760","2","Indexable","",""
"https://irishealing.com/wp-content/uploads/2024/08/Bipolar-Disorder-and-Addiction-Hero-Image-1536x1020-1-500x360.webp","image/webp","18518","2","Indexable","",""
"https://irishealing.com/wp-content/uploads/2024/08/mental-health-during-covid-19-500x360.jpg","image/jpeg","16658","2","Indexable","",""
"https://irishealing.com/wp-content/uploads/2024/08/TMS-for-depression-500x360.jpg","image/jpeg","35566","2","Indexable","",""
"https://irishealing.com/wp-content/uploads/2024/08/low-stress-careers-jobs-for-people-with-anxiety-1-1-1-500x360.webp","image/webp","8152","2","Indexable","",""
"https://irishealing.com/wp-content/uploads/2024/08/iStock-1193150353-scaled-1-500x360.jpg","image/jpeg","36738","2","Indexable","",""
"https://irishealing.com/wp-content/uploads/2024/08/iStock-1283388893-min-1536x1075-1-1-500x360.webp","image/webp","13862","2","Indexable","",""
"https://irishealing.com/wp-content/uploads/2024/08/pexels-rodnae-productions-10376295-1536x1024-1-500x360.webp","image/webp","26072","2","Indexable","",""
"https://irishealing.com/wp-content/uploads/2024/08/serotonin-foods-that-boost-mood-300x200-1.webp","image/webp","7796","3","Indexable","",""
"https://irishealing.com/wp-content/uploads/2024/08/OCD-and-Addiction-Hero-Image-1536x1023-1-500x360.webp","image/webp","15998","2","Indexable","",""
"https://irishealing.com/wp-content/uploads/2024/08/Trauma-Healing-Retreat-300x200-1.webp","image/webp","4228","3","Indexable","",""
"https://irishealing.com/wp-content/uploads/2024/08/opioid-emergency-department-visits-500x360.jpg","image/jpeg","24977","2","Indexable","",""
"https://irishealing.com/wp-content/uploads/2024/08/IMG_6050.jpg","image/jpeg","10080","3","Indexable","",""
"https://irishealing.com/wp-content/uploads/2024/08/1400980685040-1-500x360.jpeg","image/jpeg","25450","2","Indexable","",""
"https://irishealing.com/wp-content/uploads/2024/08/opioid-epidemic-affecting-medical-practice-500x360.jpg","image/jpeg","28036","2","Indexable","",""
"https://irishealing.com/wp-content/uploads/2024/08/Withdrawal-Timeline-and-Symptoms-Hero-Image.jpg","image/jpeg","137625","1","Indexable","",""
"https://irishealing.com/wp-content/uploads/2024/08/Jessica-Cahn-1.webp","image/webp","18248","1","Indexable","",""
"https://irishealing.com/wp-content/uploads/2024/08/iStock-1130450478-1536x1025-1.webp","image/webp","38220","1","Indexable","",""
"https://irishealing.com/wp-content/uploads/2024/08/massage-therapy-in-alcohol-detox-programs.jpg","image/jpeg","37383","1","Indexable","",""
"https://irishealing.com/wp-content/uploads/2024/08/national-recovery-month.jpg","image/jpeg","69571","1","Indexable","",""
"https://irishealing.com/wp-content/uploads/2024/08/jfhi.mhr_.ir_.jpg","image/jpeg","1553255","1","Indexable","",""
"https://irishealing.com/wp-content/uploads/2024/08/detox-treatment-.jpg","image/jpeg","50826","1","Indexable","",""
"https://irishealing.com/wp-content/uploads/2024/08/iStock-1206720846.jpg","image/jpeg","95464","1","Indexable","",""
"https://irishealing.com/wp-content/uploads/2022/07/ADHD_img2-1-1.webp","image/webp","13784","1","Indexable","",""
"https://irishealing.com/wp-content/uploads/2022/07/ADHD_img-1536x1025-1-1.webp","image/webp","13770","1","Indexable","",""
"https://irishealing.com/wp-content/uploads/2024/08/pexels-andrea-piacquadio-3860813-scaled-1.jpg","image/jpeg","327083","1","Indexable","",""
"https://irishealing.com/wp-content/uploads/2024/08/addiction-treatment-vs-incarceration.jpg","image/jpeg","61968","1","Indexable","",""
"https://irishealing.com/wp-content/uploads/2024/08/Is-an-Alcohol-Detox-Program-the-next-step1.jpg","image/jpeg","62073","1","Indexable","",""
"https://irishealing.com/wp-content/uploads/2024/08/PTSD-AND-SUBSTANCE-USE-DISORDER.jpg","image/jpeg","64944","1","Indexable","",""
"https://irishealing.com/wp-content/uploads/2024/08/iStock-874205566.jpg","image/jpeg","69794","1","Indexable","",""
"https://irishealing.com/wp-content/uploads/2024/08/iStock-1389444823-scaled-1.jpg","image/jpeg","421953","1","Indexable","",""
"https://irishealing.com/wp-content/uploads/2024/08/how-to-help-an-addict-e1657181077943.jpg","image/jpeg","105502","1","Indexable","",""
"https://irishealing.com/wp-content/uploads/2024/08/iris-anniversary.jpg","image/jpeg","991723","1","Indexable","",""
"https://irishealing.com/wp-content/uploads/2024/08/Buddhism-in-Holistic-Rehab-300x300-1-1.webp","image/webp","7876","3","Indexable","",""
"https://irishealing.com/wp-content/uploads/2024/08/iStock-1303855652.jpg","image/jpeg","182879","1","Indexable","",""
"https://irishealing.com/wp-content/uploads/2024/08/Sarah-Nelson.jpg","image/jpeg","43422","1","Indexable","",""
"https://irishealing.com/wp-content/uploads/2024/08/new-season-new-beginnings.jpg","image/jpeg","130512","1","Indexable","",""
"https://irishealing.com/wp-content/uploads/2024/08/lexapro-and-marijuana.jpg","image/jpeg","37197","1","Indexable","",""
"https://irishealing.com/wp-content/uploads/2024/08/trauma-healing-retreat-e1566596394852.jpg","image/jpeg","34266","1","Indexable","",""
"https://irishealing.com/wp-content/uploads/2024/08/what-is-the-timeline-for-alcohol-detox-treatment.jpg","image/jpeg","49123","2","Indexable","",""
"https://irishealing.com/wp-content/uploads/2024/08/iStock-534508853.jpg","image/jpeg","102803","1","Indexable","",""
"https://irishealing.com/wp-content/uploads/2025/05/Woodland-Hills.webp","image/webp","77438","1","Indexable","",""
"https://irishealing.com/wp-content/uploads/2024/08/klonopin_img.jpg","image/jpeg","283256","1","Indexable","",""
"https://irishealing.com/wp-content/uploads/2024/10/alcohol-belly-men.webp","image/webp","36858","1","Indexable","",""
"https://irishealing.com/wp-content/uploads/2024/08/iStock-1191251549-scaled-1.jpg","image/jpeg","383222","1","Indexable","",""
"https://irishealing.com/wp-content/uploads/2024/08/iStock-917744738-scaled-1.jpg","image/jpeg","246768","1","Indexable","",""
"https://irishealing.com/wp-content/uploads/2024/08/celebrities-and-famous-people-with-bipolar-disorder.jpg","image/jpeg","108066","1","Indexable","",""
"https://irishealing.com/wp-content/uploads/2024/08/holistic-drug-rehab-e1585078089993.jpg","image/jpeg","58692","1","Indexable","",""
"https://irishealing.com/wp-content/uploads/2024/08/outpatient-programs.jpg","image/jpeg","57514","1","Indexable","",""
"https://irishealing.com/wp-content/uploads/2024/08/Mindfulness.jpg","image/jpeg","42388","1","Indexable","",""
"https://irishealing.com/wp-content/uploads/2024/08/mental-health-awareness-month-may-1.webp","image/webp","107896","1","Indexable","",""
"https://irishealing.com/wp-content/uploads/2024/08/TMS-for-depression.jpg","image/jpeg","78379","1","Indexable","",""
"https://irishealing.com/wp-content/uploads/2024/08/pexels-miriam-alonso-7585783-2-scaled-1.jpg","image/jpeg","730216","1","Indexable","",""
"https://irishealing.com/wp-content/uploads/2024/08/instagram-marijuana-hackers-ransom.jpg","image/jpeg","61925","1","Indexable","",""
"https://irishealing.com/wp-content/uploads/2024/08/pexels-rodnae-productions-10376295-1536x1024-1.webp","image/webp","70910","1","Indexable","",""
"https://irishealing.com/wp-content/uploads/2024/08/quitting-sugar-benefits.jpg","image/jpeg","66638","1","Indexable","",""
"https://irishealing.com/wp-content/uploads/2024/08/Alcohol-Abuse-and-Physical-Dependence-to-Alcohol-.jpg","image/jpeg","44545","1","Indexable","",""
"https://irishealing.com/wp-content/uploads/2024/08/sound-therapy-healing-e1566593568834.jpg","image/jpeg","21232","1","Indexable","",""
"https://irishealing.com/wp-content/uploads/2024/08/iStock-1324269055-min.png","image/png","613296","1","Indexable","",""
"https://irishealing.com/wp-content/uploads/2024/08/pexels-tan-danh-773124-scaled-1.jpg","image/jpeg","424310","1","Indexable","",""
"https://irishealing.com/wp-content/uploads/2024/08/trauma-healing-retreats-finally-get-treated-from-your-violent-past.jpg","image/jpeg","53971","1","Indexable","",""
"https://irishealing.com/wp-content/uploads/2024/08/Helene-OMahony.webp","image/webp","103524","1","Indexable","",""
"https://irishealing.com/wp-content/uploads/2024/08/trazodone-for-sleep-iris-healing.jpg","image/jpeg","46607","1","Indexable","",""
"https://irishealing.com/wp-content/uploads/2024/08/alternatives-to-opioids-pain-awareness-month.jpg","image/jpeg","59039","1","Indexable","",""
"https://irishealing.com/wp-content/uploads/2024/08/opioid-epidemic-affecting-medical-practice.jpg","image/jpeg","50595","1","Indexable","",""
"https://irishealing.com/wp-content/uploads/2024/08/holistic-rehab-center-1.jpg","image/jpeg","75617","1","Indexable","",""
"https://irishealing.com/wp-content/uploads/2024/08/iStock-1181137477-min.jpg","image/jpeg","216331","1","Indexable","",""
"https://irishealing.com/wp-content/uploads/2024/08/how-long-does-fentanyl-stay-in-your-system-iris-healing.jpg","image/jpeg","45464","1","Indexable","",""
"https://irishealing.com/wp-content/uploads/2024/08/fentanyl-overdose-signs-iris-healing.jpg","image/jpeg","239711","1","Indexable","",""
"https://irishealing.com/wp-content/uploads/2024/08/Dr.-Christian-Vincent-Ph.D.webp","image/webp","11502","1","Indexable","",""
"https://irishealing.com/wp-content/uploads/2024/08/iStock-1252926473-1.webp","image/webp","18612","1","Indexable","",""
"https://irishealing.com/wp-content/uploads/2024/08/TMS-Therapy-–-Transcranial-Magnetic-Stimulation-8-01-scaled.jpg","image/jpeg","300145","1","Indexable","",""
"https://irishealing.com/wp-content/uploads/2024/08/TMS-Therapy-–-Transcranial-Magnetic-Stimulation-7.jpg","image/jpeg","246304","1","Indexable","",""
"https://irishealing.com/wp-content/uploads/2024/08/Effects-of-Alcoholism-e1723458550940.jpg","image/jpeg","43898","1","Indexable","",""
"https://irishealing.com/wp-content/uploads/2024/08/BRAVE-ACTORS-WHO-SHARE-THEIR-ADDICTION.jpg","image/jpeg","37896","1","Indexable","",""
"https://irishealing.com/wp-content/uploads/2024/08/Anxiety-Depression.jpeg","image/jpeg","40901","1","Indexable","",""
"https://irishealing.com/wp-content/uploads/2024/08/Intelligence.png","image/png","131367","1","Indexable","",""
"https://irishealing.com/wp-content/uploads/2024/08/Symptoms-of-Psychosis-5-01-scaled.jpg","image/jpeg","338793","1","Indexable","",""
"https://irishealing.com/wp-content/uploads/2024/08/Symptoms-of-Psychosis-3.jpg","image/jpeg","90755","1","Indexable","",""
"https://irishealing.com/wp-content/uploads/2024/08/m32.jpg","image/jpeg","64963","1","Indexable","",""
"https://irishealing.com/wp-content/uploads/2024/08/family-systems-therapy-1.jpg","image/jpeg","83383","1","Indexable","",""
"https://irishealing.com/wp-content/uploads/2024/08/mindfulness-in-rehab.jpg","image/jpeg","63229","1","Indexable","",""
"https://irishealing.com/wp-content/uploads/2024/08/Motivational-Interviewing-1.jpg","image/jpeg","77917","1","Indexable","",""
"https://irishealing.com/wp-content/uploads/2024/08/Trauma-Informed-Care-and-Addiction-11.jpg","image/jpeg","418111","1","Indexable","",""
"https://irishealing.com/wp-content/uploads/2024/08/Trauma-Informed-Care-and-Addiction-13-01-scaled.jpg","image/jpeg","334578","1","Indexable","",""
"https://irishealing.com/wp-content/uploads/2024/08/Trauma-Informed-Care-and-Addiction-15.jpg","image/jpeg","295854","1","Indexable","",""
"https://irishealing.com/wp-content/uploads/2024/08/Trauma-Informed-Care-and-Addiction-16-01-scaled.jpg","image/jpeg","319546","1","Indexable","",""
"https://irishealing.com/wp-content/uploads/2024/08/Treatment-Options-for-Co-occurring-Anxiety-and-Substance-Use-Disorders-e1723442324464.jpg","image/jpeg","36848","1","Indexable","",""
"https://irishealing.com/wp-content/uploads/2024/08/Holistic-Anxiety-Relief.jpg","image/jpeg","57815","1","Indexable","",""
"https://irishealing.com/wp-content/uploads/2026/01/mental-health-journey.jpg","image/jpeg","121674","1","Indexable","",""
"https://irishealing.com/wp-content/uploads/2024/08/Shannon-Savage-Howie.webp","image/webp","7070","1","Indexable","",""
"https://irishealing.com/wp-content/uploads/2024/08/DaMarcus-L-Morton-–-CRC.webp","image/webp","8082","1","Indexable","",""
"https://irishealing.com/wp-content/uploads/2024/08/OCD-and-Addiction-Hero-Image-1536x1023-1.webp","image/webp","49542","1","Indexable","",""
"https://irishealing.com/wp-content/uploads/2024/08/successful-holistic-drug-rehab-los-angeles.jpg","image/jpeg","80393","1","Indexable","",""
"https://irishealing.com/wp-content/uploads/2024/08/iStock-1372296514-min-1536x1024-1.webp","image/webp","53192","1","Indexable","",""
"https://irishealing.com/wp-content/uploads/2024/08/borderline-personality-disorder-movies-about-bpd-1.webp","image/webp","46078","1","Indexable","",""
"https://irishealing.com/wp-content/uploads/2024/08/Free-Brainspotting-Group-Consultation-1.webp","image/webp","12458","1","Indexable","",""
"https://irishealing.com/wp-content/uploads/2024/08/iStock-1369312538-1536x1024-1.webp","image/webp","85138","1","Indexable","",""
"https://irishealing.com/wp-content/uploads/2024/08/iStock-1131100712-1536x1022-1.webp","image/webp","32034","1","Indexable","",""
"https://irishealing.com/wp-content/uploads/2024/08/iStock-1151173744-1.jpg","image/jpeg","115280","1","Indexable","",""
"https://irishealing.com/wp-content/uploads/2024/08/eeg-neurofeedback.jpg","image/jpeg","35244","1","Indexable","",""
"https://irishealing.com/wp-content/uploads/2024/08/sound-therapy-healing-1.jpg","image/jpeg","54421","1","Indexable","",""
"https://irishealing.com/wp-content/uploads/2024/08/iris-1.jpg","image/jpeg","1728743","1","Indexable","",""
"https://irishealing.com/wp-content/uploads/2024/08/Untitled.jpg","image/jpeg","320794","1","Indexable","",""
"https://irishealing.com/wp-content/uploads/2024/08/AdobeStock_207556012-1-min-scaled-1.jpeg","image/jpeg","336120","1","Indexable","",""
"https://irishealing.com/wp-content/uploads/2024/08/stages-of-addiction.jpg","image/jpeg","24905","1","Indexable","",""
"https://irishealing.com/wp-content/uploads/2024/08/serotonin-foods-that-boost-mood.jpg","image/jpeg","73091","1","Indexable","",""
"https://irishealing.com/wp-content/uploads/2024/08/pexels-mart-production-7643724-scaled-1.jpg","image/jpeg","277423","1","Indexable","",""
"https://irishealing.com/wp-content/uploads/2024/08/Holistic-Rehab-1-1.jpg","image/jpeg","80606","1","Indexable","",""
"https://irishealing.com/wp-content/uploads/2024/08/mental_help_img2-1.webp","image/webp","31142","1","Indexable","",""
"https://irishealing.com/wp-content/uploads/2024/08/iStock-599265432-scaled-1.jpg","image/jpeg","497821","1","Indexable","",""
"https://irishealing.com/wp-content/uploads/2024/08/ivob.ir_-scaled-1.jpg","image/jpeg","345388","1","Indexable","",""
"https://irishealing.com/wp-content/uploads/2024/08/Neurofeedback-for-anxiety.jpg","image/jpeg","115341","1","Indexable","",""
"https://irishealing.com/wp-content/uploads/2024/10/is-naproxen-addictive.webp","image/webp","24112","1","Indexable","",""
"https://irishealing.com/wp-content/uploads/2024/08/Drug-Rehab-and-Mental-Health-6.jpg","image/jpeg","62035","1","Indexable","",""
"https://irishealing.com/wp-content/uploads/2024/08/Drug-Rehab-and-Mental-Health-8-01.png","image/png","903843","1","Indexable","",""
"https://irishealing.com/wp-content/uploads/2024/08/Spiritual-Rehabilitation-Retreats-300x200-1.webp","image/webp","3104","3","Indexable","",""
"https://irishealing.com/wp-content/uploads/2024/08/pexels-aissa-bouabellou-2406238-1-scaled-1.jpg","image/jpeg","939952","1","Indexable","",""
"https://irishealing.com/wp-content/uploads/2024/08/somatic-therapy.jpg","image/jpeg","28113","1","Indexable","",""
"https://irishealing.com/wp-content/uploads/2024/08/iStock-1389444842-min.png","image/png","638098","1","Indexable","",""
"https://irishealing.com/wp-content/uploads/2024/08/hypnosis-therapy-treatment-to-change-habits.jpg","image/jpeg","50589","1","Indexable","",""
"https://irishealing.com/wp-content/uploads/2024/08/Addiction-Recovery-Yoga-5-01-scaled.jpg","image/jpeg","234562","1","Indexable","",""
"https://irishealing.com/wp-content/uploads/2024/08/Addiction-Recovery-Yoga-4.jpg","image/jpeg","834168","1","Indexable","",""
"https://irishealing.com/wp-content/uploads/2024/08/PTSD-and-Addiction-solutions.jpg","image/jpeg","79171","1","Indexable","",""
"https://irishealing.com/wp-content/uploads/2024/08/nathan-anderson-FHiJWoBodrs-unsplash-scaled-1.jpg","image/jpeg","418166","1","Indexable","",""
"https://irishealing.com/wp-content/uploads/2024/08/transcranial-magnetic-stimulation.jpg","image/jpeg","38974","2","Indexable","",""
"https://irishealing.com/wp-content/uploads/2024/08/depression-awareness-month.jpg","image/jpeg","193314","1","Indexable","",""
"https://irishealing.com/wp-content/uploads/2024/08/alcohol-detox-and-withdrawal-at-home.jpg","image/jpeg","52941","1","Indexable","",""
"https://irishealing.com/wp-content/uploads/2024/08/recognizing-codependency.jpg","image/jpeg","22615","1","Indexable","",""
"https://irishealing.com/wp-content/uploads/2024/08/iStock-846730696.jpg","image/jpeg","83279","1","Indexable","",""
"https://irishealing.com/wp-content/uploads/2024/08/facing-depression-clearing-mind-dark-thoughts.jpg","image/jpeg","16924","1","Indexable","",""
"https://irishealing.com/wp-content/uploads/2024/08/iStock-599898694.jpg","image/jpeg","34530","1","Indexable","",""
"https://irishealing.com/wp-content/uploads/2024/08/holistic-rehab-center-e1572986309623.jpg","image/jpeg","58541","2","Indexable","",""
"https://irishealing.com/wp-content/uploads/2024/08/Dr.-Daniel-Hoffman.webp","image/webp","10714","1","Indexable","",""
"https://irishealing.com/wp-content/uploads/2024/08/neurofeedback-therapy-in-los-angeles-e1575676049164-300x200-1.webp","image/webp","5182","3","Indexable","",""
"https://irishealing.com/wp-content/uploads/2024/08/healing-recovery-e1566598204943.jpg","image/jpeg","37052","1","Indexable","",""
"https://irishealing.com/wp-content/uploads/2024/08/iStock-1020456138.jpg","image/jpeg","56120","1","Indexable","",""
"https://irishealing.com/wp-content/uploads/2024/08/borderline-personality-disorder-vs-bipolar-scaled-e1657254919748.jpg","image/jpeg","88338","1","Indexable","",""
"https://irishealing.com/wp-content/uploads/2024/08/pexels-blue-bird-7243156-scaled-1-1.webp","image/webp","26278","1","Indexable","",""
"https://irishealing.com/wp-content/uploads/2024/08/treating-depression-without-drugs-or-medication-1.webp","image/webp","118806","1","Indexable","",""
"https://irishealing.com/wp-content/uploads/2024/08/iStock-1290468070-min.jpg","image/jpeg","583696","1","Indexable","",""
"https://irishealing.com/wp-content/uploads/2024/08/mental-health-retreat-centers-e1566597012115.jpg","image/jpeg","29288","1","Indexable","",""
"https://irishealing.com/wp-content/uploads/2024/08/mental-health-during-covid-19.jpg","image/jpeg","34695","1","Indexable","",""
"https://irishealing.com/wp-content/uploads/2024/08/japanese-gardens-iris-healing-retreat-768x1024-1.webp","image/webp","147064","1","Indexable","",""
"https://irishealing.com/wp-content/uploads/2024/08/iStock-469932264.jpg","image/jpeg","103785","1","Indexable","",""
"https://irishealing.com/wp-content/uploads/2024/08/iStock-1173046912-scaled-1.jpg","image/jpeg","231633","1","Indexable","",""
"https://irishealing.com/wp-content/uploads/2024/08/mental-health-retreats-in-California-e1566595135147.jpg","image/jpeg","45126","1","Indexable","",""
"https://irishealing.com/wp-content/uploads/2024/08/Detoxing-Off-of-Suboxone.jpg","image/jpeg","35720","1","Indexable","",""
"https://irishealing.com/wp-content/uploads/2024/08/alcohol-detox-program-1.jpg","image/jpeg","72288","1","Indexable","",""
"https://irishealing.com/wp-content/uploads/2024/08/featured-keys-to-recovery-magazine-1.webp","image/webp","17608","1","Indexable","",""
"https://irishealing.com/wp-content/uploads/2024/08/mental-health-benefits-of-exercise.jpg","image/jpeg","94711","1","Indexable","",""
"https://irishealing.com/wp-content/uploads/2024/08/The-Spiritual-Rehabilitation-Retreats-as-an-Alternative-1.webp","image/webp","27604","1","Indexable","",""
"https://irishealing.com/wp-content/uploads/2024/08/Brainspotting.jpg","image/jpeg","84078","1","Indexable","",""
"https://irishealing.com/wp-content/uploads/2024/08/slide-seenon.jpg","image/jpeg","374780","1","Indexable","",""
"https://irishealing.com/wp-content/uploads/2024/08/iStock-1341696795-min-1-min.png","image/png","942676","1","Indexable","",""
"https://irishealing.com/wp-content/uploads/2022/07/adderall_img2.jpg","image/jpeg","78244","1","Indexable","",""
"https://irishealing.com/wp-content/uploads/2024/08/adderall_img.jpg","image/jpeg","426335","1","Indexable","",""
"https://irishealing.com/wp-content/uploads/2022/07/adderall_img.jpg","image/jpeg","426335","1","Indexable","",""
"https://irishealing.com/wp-content/uploads/2024/08/single-parent-rehab.jpg","image/jpeg","57337","2","Indexable","",""
"https://irishealing.com/wp-content/uploads/2024/08/iStock-1283388893-min-1536x1075-1-1.webp","image/webp","34906","1","Indexable","",""
"https://irishealing.com/wp-content/uploads/2024/08/Bipolar-Disorder-and-Addiction-Hero-Image-1536x1020-1.webp","image/webp","53176","1","Indexable","",""
"https://irishealing.com/wp-content/uploads/2024/08/iStock-960799302-1.webp","image/webp","47072","1","Indexable","",""
"https://irishealing.com/wp-content/uploads/2024/08/Trauma-Recovery-Retreat.jpg","image/jpeg","79050","1","Indexable","",""
"https://irishealing.com/wp-content/uploads/2024/08/Finding-Your-Way-at-a-Trauma-Healing-Retreat.jpg","image/jpeg","139408","1","Indexable","",""
"https://irishealing.com/wp-content/uploads/2024/08/AdobeStock_128751432-min-scaled.jpeg","image/jpeg","218179","1","Indexable","",""
"https://irishealing.com/wp-content/uploads/2024/08/iStock-1250307252.jpg","image/jpeg","72268","1","Indexable","",""
"https://irishealing.com/wp-content/uploads/2024/08/iStock-1300034012-1536x857-1.webp","image/webp","31744","1","Indexable","",""
"https://irishealing.com/wp-content/uploads/2024/08/Holistic-Rehab-Center.jpg","image/jpeg","67402","1","Indexable","",""
"https://irishealing.com/wp-content/uploads/2024/08/iStock-1275528603-300x200-1.webp","image/webp","7282","3","Indexable","",""
"https://irishealing.com/wp-content/uploads/2024/08/growth-of-holistic-treatment-in-rehabs.jpg","image/jpeg","33652","1","Indexable","",""
"https://irishealing.com/wp-content/uploads/2024/08/iStock-1271562640-1536x1024-1.webp","image/webp","44362","1","Indexable","",""
"https://irishealing.com/wp-content/uploads/2024/08/2018-05-22_10-11-09.jpg","image/jpeg","80419","1","Indexable","",""
"https://irishealing.com/wp-content/uploads/2024/08/GoldSeal_4color-1.webp","image/webp","25940","1","Indexable","",""
"https://irishealing.com/wp-content/uploads/2024/08/pexels-aissa-bouabellou-2406238-scaled-min.jpg","image/jpeg","838696","1","Indexable","",""
"https://irishealing.com/wp-content/uploads/2024/08/addiction-treatment-5.jpg","image/jpeg","517444","1","Indexable","",""
"https://irishealing.com/wp-content/uploads/2024/08/addiction-treatment-8-01-scaled.jpg","image/jpeg","396910","1","Indexable","",""
"https://irishealing.com/wp-content/uploads/2024/08/pexels-fauxels-3184634-scaled-1.jpg","image/jpeg","333003","1","Indexable","",""
"https://irishealing.com/wp-content/uploads/2024/06/Los-Angeles-Substance-Abuse-Statistics-.jpeg","image/jpeg","52432","1","Indexable","",""
"https://irishealing.com/wp-content/uploads/2024/08/detox-retreat-in-Los-Angeles-e1568242592143.jpg","image/jpeg","52405","1","Indexable","",""
"https://irishealing.com/wp-content/uploads/2024/08/1-scaled-1.jpg","image/jpeg","367350","1","Indexable","",""
"https://irishealing.com/wp-content/uploads/2024/08/AdobeStock_57937690-1-min-scaled-1.jpeg","image/jpeg","286380","1","Indexable","",""
"https://irishealing.com/wp-content/uploads/2024/08/addiction-eating-mental-healing.jpg","image/jpeg","132212","1","Indexable","",""
"https://irishealing.com/wp-content/uploads/2024/08/Finding-the-Right-Trauma-Recovery-Retreat.jpg","image/jpeg","29593","1","Indexable","",""
"https://irishealing.com/wp-content/uploads/2024/08/A-Low-Glycemic-Diet-in-Recovery-1.webp","image/webp","22532","1","Indexable","",""
"https://irishealing.com/wp-content/uploads/2024/08/iStock-1175358282-1536x1024-1.webp","image/webp","61248","1","Indexable","",""
"https://irishealing.com/wp-content/uploads/2024/08/depression-treatment-in-los-angeles.jpg","image/jpeg","29288","1","Indexable","",""
"https://irishealing.com/wp-content/uploads/2024/08/detox-retreat-in-Los-Angeles-e1568242538103.jpg","image/jpeg","49056","2","Indexable","",""
"https://irishealing.com/wp-content/uploads/2024/08/How-to-admit-yourself-to-a-mental-hospital-e1657260485598.jpg","image/jpeg","79992","1","Indexable","",""
"https://irishealing.com/wp-content/uploads/2024/08/Healing-Recovery.jpg","image/jpeg","37758","1","Indexable","",""
"https://irishealing.com/wp-content/uploads/2024/08/iStock-1303713830-min-1-1536x1024-1-1.webp","image/webp","35278","1","Indexable","",""
"https://irishealing.com/wp-content/uploads/2024/08/grief-counseling-healing.webp","image/webp","70458","1","Indexable","",""
"https://irishealing.com/wp-content/uploads/2024/08/iStock-1349504120-1-scaled-1.jpg","image/jpeg","676429","1","Indexable","",""
"https://irishealing.com/wp-content/uploads/2024/08/holistic-coping-skills-exercises.jpeg","image/jpeg","64131","1","Indexable","",""
"https://irishealing.com/wp-content/uploads/2024/08/international-overdose-awareness-day.jpg","image/jpeg","25780","1","Indexable","",""
"https://irishealing.com/wp-content/uploads/2024/08/wet-brain-syndrome-wernicke-korsakoff-syndrome.jpg","image/jpeg","41289","1","Indexable","",""
"https://irishealing.com/wp-content/uploads/2024/10/is-alcoholism-a-disability.webp","image/webp","37528","1","Indexable","",""
"https://irishealing.com/wp-content/uploads/2024/08/low-stress-careers-jobs-for-people-with-anxiety-1-1-1.webp","image/webp","10786","1","Indexable","",""
"https://irishealing.com/wp-content/uploads/2024/08/iStock-1146488567-1536x1024-1.webp","image/webp","42792","1","Indexable","",""
"https://irishealing.com/wp-content/uploads/2024/08/Healing-Retreat-Centers.jpg","image/jpeg","28830","1","Indexable","",""
"https://irishealing.com/wp-content/uploads/2024/08/iStock-1193150353-scaled-1.jpg","image/jpeg","451689","1","Indexable","",""
"https://irishealing.com/wp-content/uploads/2024/08/Healing-Retreat-Centers-2.jpg","image/jpeg","22549","1","Indexable","",""
"https://irishealing.com/wp-content/uploads/2024/08/peace-harmony-silencing-impulses-1.webp","image/webp","52290","1","Indexable","",""
"https://irishealing.com/wp-content/uploads/2024/08/AdobeStock_226382495-min-scaled-1.jpeg","image/jpeg","215325","1","Indexable","",""
"https://irishealing.com/wp-content/uploads/2024/08/healing-with-sound-therapy.jpg","image/jpeg","37856","1","Indexable","",""
"https://irishealing.com/wp-content/uploads/2024/08/pexels-andrea-piacquadio-712513-scaled-1.jpg","image/jpeg","305198","1","Indexable","",""
"https://irishealing.com/wp-content/uploads/2024/08/pexels-buro-millennial-1438072-scaled-1.jpg","image/jpeg","661204","1","Indexable","",""
"https://irishealing.com/wp-content/uploads/2024/08/holistic-drug-rehab-in-Los-Angeles.jpg","image/jpeg","23424","1","Indexable","",""
"https://irishealing.com/wp-content/uploads/2024/08/Motivational-Interviewing-for-Addiction-Hero-Image-1536x1024-1.webp","image/webp","67836","1","Indexable","",""
"https://irishealing.com/wp-content/uploads/2024/08/rehab-2-e1544660892865.jpg","image/jpeg","43004","1","Indexable","",""
"https://irishealing.com/wp-content/uploads/2024/08/Healing-Recovery-Programs.jpg","image/jpeg","42385","1","Indexable","",""
"https://irishealing.com/wp-content/uploads/2024/08/april-is-alcohol-awareness-month.jpg","image/jpeg","55468","1","Indexable","",""
"https://irishealing.com/wp-content/uploads/2024/08/iStock-1130450395-min-1536x1022-1.webp","image/webp","77334","1","Indexable","",""
"https://irishealing.com/wp-content/uploads/2024/08/ir_.jpg","image/jpeg","968774","1","Indexable","",""
"https://irishealing.com/wp-content/uploads/2024/08/Holistic-Depression-Treatment-Centers-.jpg","image/jpeg","19254","1","Indexable","",""
"https://irishealing.com/wp-content/uploads/2024/08/holistic-rehab.jpg","image/jpeg","37942","1","Indexable","",""
"https://irishealing.com/wp-content/uploads/2024/08/iStock-1302150566-1536x1024-1.webp","image/webp","33552","1","Indexable","",""
"https://irishealing.com/wp-content/uploads/2024/08/A-Spiritual-Rehabilitation-Retreat1.jpg","image/jpeg","48511","1","Indexable","",""
"https://irishealing.com/wp-content/uploads/2024/08/trauma-healing-retreat-1.jpg","image/jpeg","51470","1","Indexable","",""
"https://irishealing.com/wp-content/uploads/2024/08/AdobeStock_90945113-scaled-1.jpeg","image/jpeg","119232","1","Indexable","",""
"https://irishealing.com/wp-content/uploads/2024/08/mental-health-treatment.png","image/png","135910","1","Indexable","",""
"https://irishealing.com/wp-content/uploads/2024/08/2-7-1.webp","image/webp","37772","1","Indexable","",""
"https://irishealing.com/wp-content/uploads/2024/08/iStock-1369377336-1536x1024-1.webp","image/webp","74624","1","Indexable","",""
"https://irishealing.com/wp-content/uploads/2024/08/Holistic-Rehab-1.jpg","image/jpeg","61717","1","Indexable","",""
"https://irishealing.com/wp-content/uploads/2024/08/The-Hallmarks-of-Physical-Dependence-on-Alcohol.jpg","image/jpeg","43467","1","Indexable","",""
"https://irishealing.com/wp-content/uploads/2024/08/iStock-1311686836-scaled-1.jpg","image/jpeg","302272","1","Indexable","",""
"https://irishealing.com/wp-content/uploads/2024/08/mental-health-retreat-e1572985545941.jpg","image/jpeg","39472","1","Indexable","",""
"https://irishealing.com/wp-content/uploads/2024/08/iStock-1207514066-1536x1024-1.webp","image/webp","36974","1","Indexable","",""
"https://irishealing.com/wp-content/uploads/2024/08/stress-awareness-month-in-april-1.webp","image/webp","21382","1","Indexable","",""
"https://irishealing.com/wp-content/uploads/2024/08/holistic-rehab-e1568242282261.jpg","image/jpeg","27258","1","Indexable","",""
"https://irishealing.com/wp-content/uploads/2024/08/effective-alcohol-detox-programs.jpg","image/jpeg","37291","1","Indexable","",""
"https://irishealing.com/wp-content/uploads/2024/08/pexels-pavel-danilyuk-5996595-1536x1025-1.webp","image/webp","42552","1","Indexable","",""
"https://irishealing.com/wp-content/uploads/2024/08/iStock-540090684-300x200-1.webp","image/webp","5262","3","Indexable","",""
"https://irishealing.com/wp-content/uploads/2024/08/1400980685040-1.jpeg","image/jpeg","178528","1","Indexable","",""
"https://irishealing.com/wp-content/uploads/2024/08/Working-with-Trauma-and-the-Body-Workshop.jpg","image/jpeg","71894","1","Indexable","",""
"https://irishealing.com/wp-content/uploads/2024/08/iStock-1211390857-1536x1026-1.webp","image/webp","53204","1","Indexable","",""
"https://irishealing.com/wp-content/uploads/2024/08/mental-e1544662065204.jpg","image/jpeg","27795","1","Indexable","",""
"https://irishealing.com/wp-content/uploads/2024/08/Relapse-Prevention-and-Recovery-Hero-Image.jpg","image/jpeg","311687","1","Indexable","",""
"https://irishealing.com/wp-content/uploads/2024/08/Compassion-Fatigue-Prevention-Training-Resiliency-of-the-Wound.jpg","image/jpeg","31335","1","Indexable","",""
"https://irishealing.com/wp-content/uploads/2024/08/php-program-vs-iop-treatment-300x200-1.webp","image/webp","6068","3","Indexable","",""
"https://irishealing.com/wp-content/uploads/2024/08/Alcohol-Detox-Program.jpg","image/jpeg","47382","1","Indexable","",""
"https://irishealing.com/wp-content/uploads/2024/08/iStock-1278778836.jpg","image/jpeg","42281","1","Indexable","",""
"https://irishealing.com/wp-content/uploads/2024/08/pexels-sam-lion-5710198-scaled-1.jpg","image/jpeg","389821","1","Indexable","",""
"https://irishealing.com/wp-content/uploads/2024/08/iStock-1279859712-scaled-1.jpg","image/jpeg","425523","1","Indexable","",""
"https://irishealing.com/wp-content/uploads/2024/08/iStock-1080103184-scaled-1.jpg","image/jpeg","206392","1","Indexable","",""
"https://irishealing.com/wp-content/uploads/2024/08/xanax-in-your-system-iris-healing.jpg","image/jpeg","202509","1","Indexable","",""
"https://irishealing.com/wp-content/uploads/2024/08/sound-therapy-healing.jpg","image/jpeg","28630","1","Indexable","",""
"https://irishealing.com/wp-content/uploads/2024/08/elena-kapustina-distinguished-alumni-award.jpg","image/jpeg","36354","1","Indexable","",""
"https://irishealing.com/wp-content/uploads/2024/08/Julie-Foster-photoaidcom-cropped.png","image/png","280020","1","Indexable","",""
"https://irishealing.com/wp-content/uploads/2024/08/iStock-1270403525-1-scaled-1.jpg","image/jpeg","291689","1","Indexable","",""
"https://irishealing.com/wp-content/uploads/2024/08/1-7-1.webp","image/webp","40112","1","Indexable","",""
"https://irishealing.com/wp-content/uploads/2024/08/Greg-Johnson-LCSW.png","image/png","56733","1","Indexable","",""
"https://irishealing.com/wp-content/uploads/2024/08/Allison.jpg","image/jpeg","46968","1","Indexable","",""
"https://irishealing.com/wp-content/uploads/2024/08/Los-Angeles-rehab-center-1.jpg","image/jpeg","48412","1","Indexable","",""
"https://irishealing.com/wp-content/uploads/2024/08/pexels-andrea-piacquadio-733872-scaled-1.jpg","image/jpeg","334762","1","Indexable","",""
"https://irishealing.com/wp-content/uploads/2024/08/Mental-Health-Outpatient-Treatment-5.png","image/png","252892","1","Indexable","",""
"https://irishealing.com/wp-content/uploads/2024/08/Mental-Health-Outpatient-Treatment-2-scaled.webp","image/webp","103048","1","Indexable","",""
"https://irishealing.com/wp-content/uploads/2024/08/woman-soldier.jpg","image/jpeg","187450","1","Indexable","",""
"https://irishealing.com/wp-content/uploads/2024/08/Rehab-Center-Los-Angles-Iris.jpg","image/jpeg","122497","1","Indexable","",""
"https://irishealing.com/wp-content/uploads/2024/08/PTSD-and-Addiction-iris.jpg","image/jpeg","47335","1","Indexable","",""
"https://irishealing.com/wp-content/uploads/2024/08/iStock-1386881216-1024x683-1.webp","image/webp","49194","1","Indexable","",""
"https://irishealing.com/wp-content/uploads/2024/08/healing-retreat-centers-1.jpg","image/jpeg","86025","1","Indexable","",""
"https://irishealing.com/wp-content/uploads/2024/08/pexels-george-milton-6953947-1536x1024-1.webp","image/webp","60148","1","Indexable","",""
"https://irishealing.com/wp-content/uploads/2024/08/mental-health-issues.jpg","image/jpeg","57516","1","Indexable","",""
"https://irishealing.com/wp-content/uploads/2024/08/pexels-canva-studio-3153198-1536x1024-1.webp","image/webp","76670","1","Indexable","",""
"https://irishealing.com/wp-content/uploads/2024/08/substance-abuse-disorder.jpg","image/jpeg","30813","1","Indexable","",""
"https://irishealing.com/wp-content/uploads/2024/08/Schizophrenia_img-1536x957-1.webp","image/webp","31952","1","Indexable","",""
"https://irishealing.com/wp-content/uploads/2024/08/Rehab-Center-7.webp","image/webp","94636","1","Indexable","",""
"https://irishealing.com/wp-content/uploads/2024/08/Rehab-Center-9-01-scaled.jpg","image/jpeg","463427","1","Indexable","",""
"https://irishealing.com/wp-content/uploads/2024/08/link-between-ptsd-and-addiction.jpg","image/jpeg","55814","1","Indexable","",""
"https://irishealing.com/wp-content/uploads/2024/08/curly-blonde.jpg","image/jpeg","280563","1","Indexable","",""
"https://irishealing.com/wp-content/uploads/2024/08/Reprogramming-Trauma-Workshop-.jpg","image/jpeg","84954","1","Indexable","",""
"https://irishealing.com/wp-content/uploads/2024/08/holistic-depression-treatment-centers.jpg","image/jpeg","46280","1","Indexable","",""
"https://irishealing.com/wp-content/uploads/2024/08/substance-abuse-recovery-1.jpg","image/jpeg","61597","1","Indexable","",""
"https://irishealing.com/wp-content/uploads/2024/08/iStock-1041483394-1-1536x1024-1.webp","image/webp","60410","1","Indexable","",""
"https://irishealing.com/wp-content/uploads/2024/08/alcohol-detox-programs.jpg","image/jpeg","62384","1","Indexable","",""
"https://irishealing.com/wp-content/uploads/2024/08/rehab-center-in-Los-Angeles.jpg","image/jpeg","70643","1","Indexable","",""
"https://irishealing.com/wp-content/uploads/2024/08/Anita-Kaplan-LCSW.webp","image/webp","24528","1","Indexable","",""
"https://irishealing.com/wp-content/uploads/2024/08/Paranoid-Schizophrenia-5.png","image/png","1005391","1","Indexable","",""
"https://irishealing.com/wp-content/uploads/2024/08/Paranoid-Schizophrenia-7-01.png","image/png","2861422","1","Indexable","",""
"https://irishealing.com/wp-content/uploads/2024/08/iStock-1414016764-scaled-1.jpg","image/jpeg","526039","1","Indexable","",""
"https://irishealing.com/wp-content/uploads/2024/08/opioid-emergency-department-visits.jpg","image/jpeg","43974","1","Indexable","",""
"https://irishealing.com/wp-content/uploads/2024/08/iStock-1346852895.jpg","image/jpeg","366312","1","Indexable","",""
"https://irishealing.com/wp-content/uploads/2024/08/iStock-1179369191-1-scaled-1.jpg","image/jpeg","473077","1","Indexable","",""
"https://irishealing.com/wp-content/uploads/2024/08/mhr.ir_.jpg","image/jpeg","1401413","1","Indexable","",""
"https://irishealing.com/wp-content/uploads/2024/08/Alcohol-Detox-Program-2.jpg","image/jpeg","12038","1","Indexable","",""
"https://irishealing.com/wp-content/uploads/2024/08/cocaine-withdrawal-symptoms-iris-healing.png","image/png","351370","1","Indexable","",""
"https://irishealing.com/wp-content/uploads/2024/08/opioid-withdrawal-symptoms-iris-healing.jpg","image/jpeg","298464","1","Indexable","",""
"https://irishealing.com/wp-content/uploads/2024/08/187567568.jpg","image/jpeg","198971","1","Indexable","",""
"https://irishealing.com/wp-content/uploads/2024/08/specialist-Trauma-Recovery-Retreat-.jpg","image/jpeg","38490","1","Indexable","",""
"https://irishealing.com/wp-content/uploads/2024/08/drug-and-alcohol-rehabs-near-me.jpg","image/jpeg","59617","1","Indexable","",""
"https://irishealing.com/wp-content/uploads/2024/08/holistic-rehab-for-treatment.jpg","image/jpeg","79482","1","Indexable","",""
"https://irishealing.com/wp-content/uploads/2023/01/Neurofeedback-for-ADHD.jpg","image/jpeg","425693","1","Indexable","",""
"https://irishealing.com/wp-content/uploads/2022/04/iStock-1312349282-1024x683.jpg","image/jpeg","128891","1","Indexable","",""
"https://irishealing.com/wp-content/uploads/2024/08/Alana-Cardinal.png","image/png","105082","1","Indexable","",""
"https://irishealing.com/wp-content/uploads/2024/08/Los-Angeles-rehab-center-e1566598657992.jpg","image/jpeg","44174","1","Indexable","",""
"https://irishealing.com/wp-content/uploads/2024/08/pexels-uriel-mont-6280633-scaled-1.jpg","image/jpeg","400368","1","Indexable","",""
"https://irishealing.com/wp-content/uploads/2024/08/3-scaled-1.jpg","image/jpeg","321303","1","Indexable","",""
"https://irishealing.com/wp-content/uploads/2024/08/Untitled-500x360.jpg","image/jpeg","41664","2","Indexable","",""
"https://irishealing.com/wp-content/uploads/2024/08/curly-blonde-500x360.jpg","image/jpeg","33106","2","Indexable","",""
"https://irishealing.com/wp-content/uploads/2026/01/mental-health-relapse-175x175.jpg","image/jpeg","10323","1","Indexable","",""
"https://irishealing.com/wp-content/uploads/2024/08/international-overdose-awareness-day-500x360.jpg","image/jpeg","17635","2","Indexable","",""
"https://irishealing.com/wp-content/uploads/2026/01/thinking-about-the-halt-acronym-175x175.png","image/png","44303","1","Indexable","",""
"https://irishealing.com/wp-content/uploads/2024/08/Detoxing-Off-of-Suboxone-500x360.jpg","image/jpeg","24576","2","Indexable","",""
"https://irishealing.com/wp-content/uploads/2021/04/AdobeStock_250064219-min-500x360.jpeg","image/jpeg","22399","2","Indexable","",""
"https://irishealing.com/wp-content/uploads/2024/08/stages-of-addiction-500x360.jpg","image/jpeg","14656","2","Indexable","",""
"https://irishealing.com/wp-content/uploads/2024/08/addiction-treatment-vs-incarceration-500x360.jpg","image/jpeg","31653","2","Indexable","",""
"https://irishealing.com/wp-content/uploads/2024/08/drug-and-alcohol-rehabs-near-me-500x360.jpg","image/jpeg","33209","2","Indexable","",""
"https://irishealing.com/wp-content/uploads/2026/02/alcohol-recovery-paws-healing-process-175x175.png","image/png","35102","1","Indexable","",""
"https://irishealing.com/wp-content/uploads/2024/08/alternatives-to-opioids-pain-awareness-month-500x360.jpg","image/jpeg","30841","2","Indexable","",""
"https://irishealing.com/wp-content/uploads/2024/08/holistic-drug-rehab-e1585078089993-500x360.jpg","image/jpeg","38327","2","Indexable","",""
"https://irishealing.com/wp-content/uploads/2024/08/iStock-534508853-500x360.jpg","image/jpeg","38745","2","Indexable","",""
"https://irishealing.com/wp-content/uploads/2024/08/national-recovery-month-500x360.jpg","image/jpeg","33991","2","Indexable","",""
