"Type","From","To","Anchor Text","Alt Text","Follow","Target","Rel","Status Code","Status","Path Type","Link Path","Link Position","Link Origin","Size","Transferred"
"Hyperlink","https://irishealing.com/","https://irishealing.com/","","Home","True","","","200","OK","Absolute","//body/div[@class='wrapper-page']/header/div/div/div/div/section[1]/div/div/div/section[1]/div/div[1]/div/div[1]/div/div/div/a","Header","HTML","341309","65671"
"Hyperlink","https://irishealing.com/","https://irishealing.com/","","","True","","","200","OK","Path-Relative","//body/div[@class='wrapper-page']/header/div/div/div/div/section[1]/div/div/div/section[2]/div/div[1]/div/div/div/div/div/div[2]/div/a","Header","HTML","341309","65671"
"Hyperlink","https://irishealing.com/","https://irishealing.com/","","","True","","","200","OK","Absolute","//body/div[@class='wrapper-page']/header/div/div/div/div/section[2]/div/div[1]/div/div/div/a","Header","HTML","341309","65671"
"Hyperlink","https://irishealing.com/","https://irishealing.com/","","","True","","","200","OK","Path-Relative","//body/div[@class='wrapper-page']/header/div/div/div/div/section[2]/div/div[3]/div/div[1]/div/div[@class='bdt-offcanvas-button-wrapper']/a","Header","HTML","341309","65671"
"Hyperlink","https://irishealing.com/","https://irishealing.com/","","Home | Iris Healing® - Luxury Addiction Treatment","True","","","200","OK","Path-Relative","//body/div[@class='wrapper-page']/div/section/div/div/div/div/div/div/div/div/div[1]/section[3]/div/div[1]/div/div/div/div/div/div[@class='about-three__image']/div/a","Content","HTML","341309","65671"
"Hyperlink","https://irishealing.com/","https://irishealing.com/","","Home | Iris Healing® - Luxury Addiction Treatment","True","","","200","OK","Path-Relative","//body/div[@class='wrapper-page']/div/section/div/div/div/div/div/div/div/div/div[1]/section[3]/div/div[1]/div/div/div/div/div/div[@class='about-three__image-second']/div/a","Content","HTML","341309","65671"
"Hyperlink","https://irishealing.com/","https://irishealing.com/","","","True","","","200","OK","Path-Relative","//body/div[@class='wrapper-page']/div/section/div/div/div/div/div/div/div/div/div[1]/section[5]/div/div[2]/div/section[1]/div/div[2]/div/div[2]/div/div/div[@class='elementor-icon-box-icon']/a","Content","HTML","341309","65671"
"Hyperlink","https://irishealing.com/","https://irishealing.com/","Trusted by Many","","True","","","200","OK","Path-Relative","//body/div[@class='wrapper-page']/div/section/div/div/div/div/div/div/div/div/div[1]/section[5]/div/div[2]/div/section[1]/div/div[2]/div/div[2]/div/div/div[@class='elementor-icon-box-content']/h3/a","Content","HTML","341309","65671"
"Hyperlink","https://irishealing.com/","https://irishealing.com/","","Home","True","","","200","OK","Absolute","//body/footer/div/div/section[2]/div/div[1]/div/div[1]/div/div/div/a","Footer","HTML","341309","65671"
"Hyperlink","https://irishealing.com/","https://irishealing.com/","","Iris Healing® – Luxury Addiction Treatment","True","","","200","OK","Absolute","//body/div[@class='canvas-mobile']/div/div[@class='top-canvas']/a[@class='logo-mm']","Content","HTML","341309","65671"
"Hyperlink","https://irishealing.com/","https://irishealing.com/","","","True","","","200","OK","Path-Relative","//body/div[@class='canvas-mobile']/div/div[@class='top-canvas']/a[@class='control-close-mm']","Content","HTML","341309","65671"
"HTML Canonical","https://irishealing.com/","https://irishealing.com/","","","True","","","200","OK","Absolute","//head/link[2]","Head","HTML","341309","65671"
"Hyperlink","https://irishealing.com/addiction-treatment/heroin/","https://irishealing.com/","","Home","True","","","200","OK","Absolute","//body/div[@class='wrapper-page']/header/div/div/div/div/section[1]/div/div/div/section[1]/div/div[1]/div/div[1]/div/div/div/a","Header","HTML","341309","65671"
"Hyperlink","https://irishealing.com/addiction-treatment/heroin/","https://irishealing.com/","","","True","","","200","OK","Absolute","//body/div[@class='wrapper-page']/header/div/div/div/div/section[2]/div/div[1]/div/div/div/a","Header","HTML","341309","65671"
"Hyperlink","https://irishealing.com/addiction-treatment/heroin/","https://irishealing.com/","Home","","True","","","200","OK","Absolute","//body/div[@class='wrapper-page']/div/div/section[1]/div/div/div/div/div/div/div/div/div/div/div/ol/li[1]/a","Content","HTML","341309","65671"
"Hyperlink","https://irishealing.com/addiction-treatment/heroin/","https://irishealing.com/","","Home","True","","","200","OK","Absolute","//body/footer/div/div/section[2]/div/div[1]/div/div[1]/div/div/div/a","Footer","HTML","341309","65671"
"Hyperlink","https://irishealing.com/addiction-treatment/heroin/","https://irishealing.com/","","Iris Healing® – Luxury Addiction Treatment","True","","","200","OK","Absolute","//body/div[@class='canvas-mobile']/div/div[@class='top-canvas']/a[@class='logo-mm']","Content","HTML","341309","65671"
"Hyperlink","https://irishealing.com/drug-rehab-in-los-angeles/","https://irishealing.com/","","Home","True","","","200","OK","Absolute","//body/div[@class='wrapper-page']/header/div/div/div/div/section[1]/div/div/div/section[1]/div/div[1]/div/div[1]/div/div/div/a","Header","HTML","341309","65671"
"Hyperlink","https://irishealing.com/drug-rehab-in-los-angeles/","https://irishealing.com/","","","True","","","200","OK","Absolute","//body/div[@class='wrapper-page']/header/div/div/div/div/section[2]/div/div[1]/div/div/div/a","Header","HTML","341309","65671"
"Hyperlink","https://irishealing.com/drug-rehab-in-los-angeles/","https://irishealing.com/","Home","","True","","","200","OK","Absolute","//body/div[@class='wrapper-page']/div/section/div/div/div/div/div/div/div/div/div[1]/section[1]/div/div/div/div[1]/div/div/div/div/div/div/div/ol/li[1]/a","Content","HTML","341309","65671"
"Hyperlink","https://irishealing.com/drug-rehab-in-los-angeles/","https://irishealing.com/","","Home","True","","","200","OK","Absolute","//body/footer/div/div/section[2]/div/div[1]/div/div[1]/div/div/div/a","Footer","HTML","341309","65671"
"Hyperlink","https://irishealing.com/drug-rehab-in-los-angeles/","https://irishealing.com/","","Iris Healing® – Luxury Addiction Treatment","True","","","200","OK","Absolute","//body/div[@class='canvas-mobile']/div/div[@class='top-canvas']/a[@class='logo-mm']","Content","HTML","341309","65671"
"Hyperlink","https://irishealing.com/mental-health-treatment-los-angeles/","https://irishealing.com/","","Home","True","","","200","OK","Absolute","//body/div[@class='wrapper-page']/header/div/div/div/div/section[1]/div/div/div/section[1]/div/div[1]/div/div[1]/div/div/div/a","Header","HTML","341309","65671"
"Hyperlink","https://irishealing.com/mental-health-treatment-los-angeles/","https://irishealing.com/","","","True","","","200","OK","Absolute","//body/div[@class='wrapper-page']/header/div/div/div/div/section[2]/div/div[1]/div/div/div/a","Header","HTML","341309","65671"
"Hyperlink","https://irishealing.com/mental-health-treatment-los-angeles/","https://irishealing.com/","Home","","True","","","200","OK","Absolute","//body/div[@class='wrapper-page']/div/section/div/div/div/div/div/div/div/div/div[1]/section[1]/div/div/div/div/div/div/div/div/div[@class='breadcrumb-main']/div/div/ol/li[1]/a","Content","HTML","341309","65671"
"Hyperlink","https://irishealing.com/mental-health-treatment-los-angeles/","https://irishealing.com/","","Home","True","","","200","OK","Absolute","//body/footer/div/div/section[2]/div/div[1]/div/div[1]/div/div/div/a","Footer","HTML","341309","65671"
"Hyperlink","https://irishealing.com/mental-health-treatment-los-angeles/","https://irishealing.com/","","Iris Healing® – Luxury Addiction Treatment","True","","","200","OK","Absolute","//body/div[@class='canvas-mobile']/div/div[@class='top-canvas']/a[@class='logo-mm']","Content","HTML","341309","65671"
"Hyperlink","https://irishealing.com/addiction-treatment/drug-rehab-los-angeles/","https://irishealing.com/","","Home","True","","","200","OK","Absolute","//body/div[@class='wrapper-page']/header/div/div/div/div/section[1]/div/div/div/section[1]/div/div[1]/div/div[1]/div/div/div/a","Header","HTML","341309","65671"
"Hyperlink","https://irishealing.com/addiction-treatment/drug-rehab-los-angeles/","https://irishealing.com/","","","True","","","200","OK","Absolute","//body/div[@class='wrapper-page']/header/div/div/div/div/section[2]/div/div[1]/div/div/div/a","Header","HTML","341309","65671"
"Hyperlink","https://irishealing.com/addiction-treatment/drug-rehab-los-angeles/","https://irishealing.com/","Home","","True","","","200","OK","Absolute","//body/div[@class='wrapper-page']/div/div/section[1]/div/div/div/div/div/div/div/div/div/div/div/ol/li[1]/a","Content","HTML","341309","65671"
"Hyperlink","https://irishealing.com/addiction-treatment/drug-rehab-los-angeles/","https://irishealing.com/","","Home","True","","","200","OK","Absolute","//body/footer/div/div/section[2]/div/div[1]/div/div[1]/div/div/div/a","Footer","HTML","341309","65671"
"Hyperlink","https://irishealing.com/addiction-treatment/drug-rehab-los-angeles/","https://irishealing.com/","","Iris Healing® – Luxury Addiction Treatment","True","","","200","OK","Absolute","//body/div[@class='canvas-mobile']/div/div[@class='top-canvas']/a[@class='logo-mm']","Content","HTML","341309","65671"
"Hyperlink","https://irishealing.com/therapy/","https://irishealing.com/","","Home","True","","","200","OK","Absolute","//body/div[@class='wrapper-page']/header/div/div/div/div/section[1]/div/div/div/section[1]/div/div[1]/div/div[1]/div/div/div/a","Header","HTML","341309","65671"
"Hyperlink","https://irishealing.com/therapy/","https://irishealing.com/","","","True","","","200","OK","Absolute","//body/div[@class='wrapper-page']/header/div/div/div/div/section[2]/div/div[1]/div/div/div/a","Header","HTML","341309","65671"
"Hyperlink","https://irishealing.com/therapy/","https://irishealing.com/","Home","","True","","","200","OK","Absolute","//body/div[@class='wrapper-page']/div/section/div/div/div/div/div/div/div/div/div[1]/section[1]/div/div/div/div/div/div/div/div/div[@class='breadcrumb-main']/div/div/ol/li[1]/a","Content","HTML","341309","65671"
"Hyperlink","https://irishealing.com/therapy/","https://irishealing.com/","","Home","True","","","200","OK","Absolute","//body/footer/div/div/section[2]/div/div[1]/div/div[1]/div/div/div/a","Footer","HTML","341309","65671"
"Hyperlink","https://irishealing.com/therapy/","https://irishealing.com/","","Iris Healing® – Luxury Addiction Treatment","True","","","200","OK","Absolute","//body/div[@class='canvas-mobile']/div/div[@class='top-canvas']/a[@class='logo-mm']","Content","HTML","341309","65671"
"Hyperlink","https://irishealing.com/rehab-aftercare/","https://irishealing.com/","","Home","True","","","200","OK","Absolute","//body/div[@class='wrapper-page']/header/div/div/div/div/section[1]/div/div/div/section[1]/div/div[1]/div/div[1]/div/div/div/a","Header","HTML","341309","65671"
"Hyperlink","https://irishealing.com/rehab-aftercare/","https://irishealing.com/","","","True","","","200","OK","Absolute","//body/div[@class='wrapper-page']/header/div/div/div/div/section[2]/div/div[1]/div/div/div/a","Header","HTML","341309","65671"
"Hyperlink","https://irishealing.com/rehab-aftercare/","https://irishealing.com/","Home","","True","","","200","OK","Absolute","//body/div[@class='wrapper-page']/div/div/section[1]/div/div/div/div/div/div/div/div/div[@class='breadcrumb-main']/div/div/ol/li[1]/a","Content","HTML","341309","65671"
"Hyperlink","https://irishealing.com/rehab-aftercare/","https://irishealing.com/","","Home","True","","","200","OK","Absolute","//body/footer/div/div/section[2]/div/div[1]/div/div[1]/div/div/div/a","Footer","HTML","341309","65671"
"Hyperlink","https://irishealing.com/rehab-aftercare/","https://irishealing.com/","","Iris Healing® – Luxury Addiction Treatment","True","","","200","OK","Absolute","//body/div[@class='canvas-mobile']/div/div[@class='top-canvas']/a[@class='logo-mm']","Content","HTML","341309","65671"
"Hyperlink","https://irishealing.com/contact/","https://irishealing.com/","","Home","True","","","200","OK","Absolute","//body/div[@class='wrapper-page']/header/div/div/div/div/section[1]/div/div/div/section[1]/div/div[1]/div/div[1]/div/div/div/a","Header","HTML","341309","65671"
"Hyperlink","https://irishealing.com/contact/","https://irishealing.com/","","","True","","","200","OK","Absolute","//body/div[@class='wrapper-page']/header/div/div/div/div/section[2]/div/div[1]/div/div/div/a","Header","HTML","341309","65671"
"Hyperlink","https://irishealing.com/contact/","https://irishealing.com/","Home","","True","","","200","OK","Absolute","//body/div[@class='wrapper-page']/div/section/div/div/div/div/div/div/div/div/div[1]/section[1]/div/div/div/div/div/div/div/div/div/div/div/ol/li[1]/a","Content","HTML","341309","65671"
"Hyperlink","https://irishealing.com/contact/","https://irishealing.com/","","Home","True","","","200","OK","Absolute","//body/footer/div/div/section[2]/div/div[1]/div/div[1]/div/div/div/a","Footer","HTML","341309","65671"
"Hyperlink","https://irishealing.com/contact/","https://irishealing.com/","","Iris Healing® – Luxury Addiction Treatment","True","","","200","OK","Absolute","//body/div[@class='canvas-mobile']/div/div[@class='top-canvas']/a[@class='logo-mm']","Content","HTML","341309","65671"
"Hyperlink","https://irishealing.com/therapy/spiritual-counseling/","https://irishealing.com/","","Home","True","","","200","OK","Absolute","//body/div[@class='wrapper-page']/header/div/div/div/div/section[1]/div/div/div/section[1]/div/div[1]/div/div[1]/div/div/div/a","Header","HTML","341309","65671"
"Hyperlink","https://irishealing.com/therapy/spiritual-counseling/","https://irishealing.com/","","","True","","","200","OK","Absolute","//body/div[@class='wrapper-page']/header/div/div/div/div/section[2]/div/div[1]/div/div/div/a","Header","HTML","341309","65671"
"Hyperlink","https://irishealing.com/therapy/spiritual-counseling/","https://irishealing.com/","Home","","True","","","200","OK","Absolute","//body/div[@class='wrapper-page']/div/section/div/div/div/div/div/div/div/div/div[1]/section[1]/div/div/div/div/div/div/div/div/div[@class='breadcrumb-main']/div/div/ol/li[1]/a","Content","HTML","341309","65671"
"Hyperlink","https://irishealing.com/therapy/spiritual-counseling/","https://irishealing.com/","","Home","True","","","200","OK","Absolute","//body/footer/div/div/section[2]/div/div[1]/div/div[1]/div/div/div/a","Footer","HTML","341309","65671"
"Hyperlink","https://irishealing.com/therapy/spiritual-counseling/","https://irishealing.com/","","Iris Healing® – Luxury Addiction Treatment","True","","","200","OK","Absolute","//body/div[@class='canvas-mobile']/div/div[@class='top-canvas']/a[@class='logo-mm']","Content","HTML","341309","65671"
"Hyperlink","https://irishealing.com/blog/how-to-help-alcohol-withdrawal/","https://irishealing.com/","","Home","True","","","200","OK","Absolute","//body/div[@class='wrapper-page']/header/div/div/div/div/section[1]/div/div/div/section[1]/div/div[1]/div/div[1]/div/div/div/a","Header","HTML","341309","65671"
"Hyperlink","https://irishealing.com/blog/how-to-help-alcohol-withdrawal/","https://irishealing.com/","","","True","","","200","OK","Absolute","//body/div[@class='wrapper-page']/header/div/div/div/div/section[2]/div/div[1]/div/div/div/a","Header","HTML","341309","65671"
"Hyperlink","https://irishealing.com/blog/how-to-help-alcohol-withdrawal/","https://irishealing.com/","Home","","True","","","200","OK","Absolute","//body/div[@class='wrapper-page']/div/section/div/div/div/div/div[1]/div[@class='breadcrumb-main']/div/div/ol/li[1]/a","Content","HTML","341309","65671"
"Hyperlink","https://irishealing.com/blog/how-to-help-alcohol-withdrawal/","https://irishealing.com/","","Home","True","","","200","OK","Absolute","//body/footer/div/div/section[2]/div/div[1]/div/div[1]/div/div/div/a","Footer","HTML","341309","65671"
"Hyperlink","https://irishealing.com/blog/how-to-help-alcohol-withdrawal/","https://irishealing.com/","","Iris Healing® – Luxury Addiction Treatment","True","","","200","OK","Absolute","//body/div[@class='canvas-mobile']/div/div[@class='top-canvas']/a[@class='logo-mm']","Content","HTML","341309","65671"
"Hyperlink","https://irishealing.com/addiction-treatment/xanax/","https://irishealing.com/","","Home","True","","","200","OK","Absolute","//body/div[@class='wrapper-page']/header/div/div/div/div/section[1]/div/div/div/section[1]/div/div[1]/div/div[1]/div/div/div/a","Header","HTML","341309","65671"
"Hyperlink","https://irishealing.com/addiction-treatment/xanax/","https://irishealing.com/","","","True","","","200","OK","Absolute","//body/div[@class='wrapper-page']/header/div/div/div/div/section[2]/div/div[1]/div/div/div/a","Header","HTML","341309","65671"
"Hyperlink","https://irishealing.com/addiction-treatment/xanax/","https://irishealing.com/","Home","","True","","","200","OK","Absolute","//body/div[@class='wrapper-page']/div/div/section[1]/div/div/div/div/div/div/div/div/div/div/div/ol/li[1]/a","Content","HTML","341309","65671"
"Hyperlink","https://irishealing.com/addiction-treatment/xanax/","https://irishealing.com/","","Home","True","","","200","OK","Absolute","//body/footer/div/div/section[2]/div/div[1]/div/div[1]/div/div/div/a","Footer","HTML","341309","65671"
"Hyperlink","https://irishealing.com/addiction-treatment/xanax/","https://irishealing.com/","","Iris Healing® – Luxury Addiction Treatment","True","","","200","OK","Absolute","//body/div[@class='canvas-mobile']/div/div[@class='top-canvas']/a[@class='logo-mm']","Content","HTML","341309","65671"
"Hyperlink","https://irishealing.com/intensive-outpatient-program-los-angeles/","https://irishealing.com/","","Home","True","","","200","OK","Absolute","//body/div[@class='wrapper-page']/header/div/div/div/div/section[1]/div/div/div/section[1]/div/div[1]/div/div[1]/div/div/div/a","Header","HTML","341309","65671"
"Hyperlink","https://irishealing.com/intensive-outpatient-program-los-angeles/","https://irishealing.com/","","","True","","","200","OK","Absolute","//body/div[@class='wrapper-page']/header/div/div/div/div/section[2]/div/div[1]/div/div/div/a","Header","HTML","341309","65671"
"Hyperlink","https://irishealing.com/intensive-outpatient-program-los-angeles/","https://irishealing.com/","Home","","True","","","200","OK","Absolute","//body/div[@class='wrapper-page']/div/div/section[1]/div/div/div/div/div/div/div/div/div/div/div/ol/li[1]/a","Content","HTML","341309","65671"
"Hyperlink","https://irishealing.com/intensive-outpatient-program-los-angeles/","https://irishealing.com/","","Home","True","","","200","OK","Absolute","//body/footer/div/div/section[2]/div/div[1]/div/div[1]/div/div/div/a","Footer","HTML","341309","65671"
"Hyperlink","https://irishealing.com/intensive-outpatient-program-los-angeles/","https://irishealing.com/","","Iris Healing® – Luxury Addiction Treatment","True","","","200","OK","Absolute","//body/div[@class='canvas-mobile']/div/div[@class='top-canvas']/a[@class='logo-mm']","Content","HTML","341309","65671"
"Hyperlink","https://irishealing.com/addiction-treatment/iris-healing-retreat-los-angeles-ca/","https://irishealing.com/","","Home","True","","","200","OK","Absolute","//body/div[@class='wrapper-page']/header/div/div/div/div/section[1]/div/div/div/section[1]/div/div[1]/div/div[1]/div/div/div/a","Header","HTML","341309","65671"
"Hyperlink","https://irishealing.com/addiction-treatment/iris-healing-retreat-los-angeles-ca/","https://irishealing.com/","","","True","","","200","OK","Absolute","//body/div[@class='wrapper-page']/header/div/div/div/div/section[2]/div/div[1]/div/div/div/a","Header","HTML","341309","65671"
"Hyperlink","https://irishealing.com/addiction-treatment/iris-healing-retreat-los-angeles-ca/","https://irishealing.com/","Home","","True","","","200","OK","Absolute","//body/div[@class='wrapper-page']/div/div/section[1]/div/div/div/div/div/div/div/div/div[@class='breadcrumb-main']/div/div/ol/li[1]/a","Content","HTML","341309","65671"
"Hyperlink","https://irishealing.com/addiction-treatment/iris-healing-retreat-los-angeles-ca/","https://irishealing.com/","","Home","True","","","200","OK","Absolute","//body/footer/div/div/section[2]/div/div[1]/div/div[1]/div/div/div/a","Footer","HTML","341309","65671"
"Hyperlink","https://irishealing.com/addiction-treatment/iris-healing-retreat-los-angeles-ca/","https://irishealing.com/","","Iris Healing® – Luxury Addiction Treatment","True","","","200","OK","Absolute","//body/div[@class='canvas-mobile']/div/div[@class='top-canvas']/a[@class='logo-mm']","Content","HTML","341309","65671"
"Hyperlink","https://irishealing.com/therapy/nutritional-therapy/","https://irishealing.com/","","Home","True","","","200","OK","Absolute","//body/div[@class='wrapper-page']/header/div/div/div/div/section[1]/div/div/div/section[1]/div/div[1]/div/div[1]/div/div/div/a","Header","HTML","341309","65671"
"Hyperlink","https://irishealing.com/therapy/nutritional-therapy/","https://irishealing.com/","","","True","","","200","OK","Absolute","//body/div[@class='wrapper-page']/header/div/div/div/div/section[2]/div/div[1]/div/div/div/a","Header","HTML","341309","65671"
"Hyperlink","https://irishealing.com/therapy/nutritional-therapy/","https://irishealing.com/","Home","","True","","","200","OK","Absolute","//body/div[@class='wrapper-page']/div/section/div/div/div/div/div/div/div/div/div[1]/section[1]/div/div/div/div/div/div/div/div/div[@class='breadcrumb-main']/div/div/ol/li[1]/a","Content","HTML","341309","65671"
"Hyperlink","https://irishealing.com/therapy/nutritional-therapy/","https://irishealing.com/","","Home","True","","","200","OK","Absolute","//body/footer/div/div/section[2]/div/div[1]/div/div[1]/div/div/div/a","Footer","HTML","341309","65671"
"Hyperlink","https://irishealing.com/therapy/nutritional-therapy/","https://irishealing.com/","","Iris Healing® – Luxury Addiction Treatment","True","","","200","OK","Absolute","//body/div[@class='canvas-mobile']/div/div[@class='top-canvas']/a[@class='logo-mm']","Content","HTML","341309","65671"
"Hyperlink","https://irishealing.com/alcohol-rehab-in-woodland-hills/","https://irishealing.com/","","Home","True","","","200","OK","Absolute","//body/div[@class='wrapper-page']/header/div/div/div/div/section[1]/div/div/div/section[1]/div/div[1]/div/div[1]/div/div/div/a","Header","HTML","341309","65671"
"Hyperlink","https://irishealing.com/alcohol-rehab-in-woodland-hills/","https://irishealing.com/","","","True","","","200","OK","Absolute","//body/div[@class='wrapper-page']/header/div/div/div/div/section[2]/div/div[1]/div/div/div/a","Header","HTML","341309","65671"
"Hyperlink","https://irishealing.com/alcohol-rehab-in-woodland-hills/","https://irishealing.com/","Home","","True","","","200","OK","Absolute","//body/div[@class='wrapper-page']/div/section/div/div/div/div/div/div/div/div/div[1]/section[1]/div/div/div/div[1]/div/div/div/div/div/div/div/ol/li[1]/a","Content","HTML","341309","65671"
"Hyperlink","https://irishealing.com/alcohol-rehab-in-woodland-hills/","https://irishealing.com/","","Home","True","","","200","OK","Absolute","//body/footer/div/div/section[2]/div/div[1]/div/div[1]/div/div/div/a","Footer","HTML","341309","65671"
"Hyperlink","https://irishealing.com/alcohol-rehab-in-woodland-hills/","https://irishealing.com/","","Iris Healing® – Luxury Addiction Treatment","True","","","200","OK","Absolute","//body/div[@class='canvas-mobile']/div/div[@class='top-canvas']/a[@class='logo-mm']","Content","HTML","341309","65671"
"Hyperlink","https://irishealing.com/medication-assisted-treatment/","https://irishealing.com/","","Home","True","","","200","OK","Absolute","//body/div[@class='wrapper-page']/header/div/div/div/div/section[1]/div/div/div/section[1]/div/div[1]/div/div[1]/div/div/div/a","Header","HTML","341309","65671"
"Hyperlink","https://irishealing.com/medication-assisted-treatment/","https://irishealing.com/","","","True","","","200","OK","Absolute","//body/div[@class='wrapper-page']/header/div/div/div/div/section[2]/div/div[1]/div/div/div/a","Header","HTML","341309","65671"
"Hyperlink","https://irishealing.com/medication-assisted-treatment/","https://irishealing.com/","Home","","True","","","200","OK","Absolute","//body/div[@class='wrapper-page']/div/div/section[1]/div/div/div/div/div/div/div/div/div/div/div/ol/li[1]/a","Content","HTML","341309","65671"
"Hyperlink","https://irishealing.com/medication-assisted-treatment/","https://irishealing.com/","","Home","True","","","200","OK","Absolute","//body/footer/div/div/section[2]/div/div[1]/div/div[1]/div/div/div/a","Footer","HTML","341309","65671"
"Hyperlink","https://irishealing.com/medication-assisted-treatment/","https://irishealing.com/","","Iris Healing® – Luxury Addiction Treatment","True","","","200","OK","Absolute","//body/div[@class='canvas-mobile']/div/div[@class='top-canvas']/a[@class='logo-mm']","Content","HTML","341309","65671"
"Hyperlink","https://irishealing.com/partial-hospitalization-program-los-angeles/","https://irishealing.com/","","Home","True","","","200","OK","Absolute","//body/div[@class='wrapper-page']/header/div/div/div/div/section[1]/div/div/div/section[1]/div/div[1]/div/div[1]/div/div/div/a","Header","HTML","341309","65671"
"Hyperlink","https://irishealing.com/partial-hospitalization-program-los-angeles/","https://irishealing.com/","","","True","","","200","OK","Absolute","//body/div[@class='wrapper-page']/header/div/div/div/div/section[2]/div/div[1]/div/div/div/a","Header","HTML","341309","65671"
"Hyperlink","https://irishealing.com/partial-hospitalization-program-los-angeles/","https://irishealing.com/","Home","","True","","","200","OK","Absolute","//body/div[@class='wrapper-page']/div/div/section[1]/div/div/div/div/div/div/div/div/div/div/div/ol/li[1]/a","Content","HTML","341309","65671"
"Hyperlink","https://irishealing.com/partial-hospitalization-program-los-angeles/","https://irishealing.com/","","Home","True","","","200","OK","Absolute","//body/footer/div/div/section[2]/div/div[1]/div/div[1]/div/div/div/a","Footer","HTML","341309","65671"
"Hyperlink","https://irishealing.com/partial-hospitalization-program-los-angeles/","https://irishealing.com/","","Iris Healing® – Luxury Addiction Treatment","True","","","200","OK","Absolute","//body/div[@class='canvas-mobile']/div/div[@class='top-canvas']/a[@class='logo-mm']","Content","HTML","341309","65671"
"Hyperlink","https://irishealing.com/mental-health-treatment-los-angeles/depression/","https://irishealing.com/","","Home","True","","","200","OK","Absolute","//body/div[@class='wrapper-page']/header/div/div/div/div/section[1]/div/div/div/section[1]/div/div[1]/div/div[1]/div/div/div/a","Header","HTML","341309","65671"
"Hyperlink","https://irishealing.com/mental-health-treatment-los-angeles/depression/","https://irishealing.com/","","","True","","","200","OK","Absolute","//body/div[@class='wrapper-page']/header/div/div/div/div/section[2]/div/div[1]/div/div/div/a","Header","HTML","341309","65671"
"Hyperlink","https://irishealing.com/mental-health-treatment-los-angeles/depression/","https://irishealing.com/","Home","","True","","","200","OK","Absolute","//body/div[@class='wrapper-page']/div/section/div/div/div/div/div/div/div/div/div[1]/section[1]/div/div/div/div/div/div/div/div/div[@class='breadcrumb-main']/div/div/ol/li[1]/a","Content","HTML","341309","65671"
"Hyperlink","https://irishealing.com/mental-health-treatment-los-angeles/depression/","https://irishealing.com/","","Home","True","","","200","OK","Absolute","//body/footer/div/div/section[2]/div/div[1]/div/div[1]/div/div/div/a","Footer","HTML","341309","65671"
"Hyperlink","https://irishealing.com/mental-health-treatment-los-angeles/depression/","https://irishealing.com/","","Iris Healing® – Luxury Addiction Treatment","True","","","200","OK","Absolute","//body/div[@class='canvas-mobile']/div/div[@class='top-canvas']/a[@class='logo-mm']","Content","HTML","341309","65671"
"Hyperlink","https://irishealing.com/tour/","https://irishealing.com/","","Home","True","","","200","OK","Absolute","//body/div[@class='wrapper-page']/header/div/div/div/div/section[1]/div/div/div/section[1]/div/div[1]/div/div[1]/div/div/div/a","Header","HTML","341309","65671"
"Hyperlink","https://irishealing.com/tour/","https://irishealing.com/","","","True","","","200","OK","Absolute","//body/div[@class='wrapper-page']/header/div/div/div/div/section[2]/div/div[1]/div/div/div/a","Header","HTML","341309","65671"
"Hyperlink","https://irishealing.com/tour/","https://irishealing.com/","Home","","True","","","200","OK","Absolute","//body/div[@class='wrapper-page']/div/section/div/div/div/div/div/div/div/div/div[1]/section[1]/div/div/div/div/div/div/div/div/div[@class='breadcrumb-main']/div/div/ol/li[1]/a","Content","HTML","341309","65671"
"Hyperlink","https://irishealing.com/tour/","https://irishealing.com/","IrisHealing.com","","True","","","200","OK","Absolute","//body/div[@class='wrapper-page']/div/section/div/div/div/div/div/div/div/div/div[1]/section[2]/div/div[2]/div/div/div/p[3]/a[2]","Content","HTML","341309","65671"
"Hyperlink","https://irishealing.com/tour/","https://irishealing.com/","","Home","True","","","200","OK","Absolute","//body/footer/div/div/section[2]/div/div[1]/div/div[1]/div/div/div/a","Footer","HTML","341309","65671"
"Hyperlink","https://irishealing.com/tour/","https://irishealing.com/","","Iris Healing® – Luxury Addiction Treatment","True","","","200","OK","Absolute","//body/div[@class='canvas-mobile']/div/div[@class='top-canvas']/a[@class='logo-mm']","Content","HTML","341309","65671"
"Hyperlink","https://irishealing.com/blog/","https://irishealing.com/","","Home","True","","","200","OK","Absolute","//body/div[@class='wrapper-page']/header/div/div/div/div/section[1]/div/div/div/section[1]/div/div[1]/div/div[1]/div/div/div/a","Header","HTML","341309","65671"
"Hyperlink","https://irishealing.com/blog/","https://irishealing.com/","","","True","","","200","OK","Absolute","//body/div[@class='wrapper-page']/header/div/div/div/div/section[2]/div/div[1]/div/div/div/a","Header","HTML","341309","65671"
"Hyperlink","https://irishealing.com/blog/","https://irishealing.com/","Home","","True","","","200","OK","Absolute","//body/div[@class='wrapper-page']/div/div/section[1]/div/div/div/div/div/div/div/div/div/div/div/ol/li[1]/a","Content","HTML","341309","65671"
"Hyperlink","https://irishealing.com/blog/","https://irishealing.com/","","Home","True","","","200","OK","Absolute","//body/footer/div/div/section[2]/div/div[1]/div/div[1]/div/div/div/a","Footer","HTML","341309","65671"
"Hyperlink","https://irishealing.com/blog/","https://irishealing.com/","","Iris Healing® – Luxury Addiction Treatment","True","","","200","OK","Absolute","//body/div[@class='canvas-mobile']/div/div[@class='top-canvas']/a[@class='logo-mm']","Content","HTML","341309","65671"
"Hyperlink","https://irishealing.com/addiction-treatment/stimulants/","https://irishealing.com/","","Home","True","","","200","OK","Absolute","//body/div[@class='wrapper-page']/header/div/div/div/div/section[1]/div/div/div/section[1]/div/div[1]/div/div[1]/div/div/div/a","Header","HTML","341309","65671"
"Hyperlink","https://irishealing.com/addiction-treatment/stimulants/","https://irishealing.com/","","","True","","","200","OK","Absolute","//body/div[@class='wrapper-page']/header/div/div/div/div/section[2]/div/div[1]/div/div/div/a","Header","HTML","341309","65671"
"Hyperlink","https://irishealing.com/addiction-treatment/stimulants/","https://irishealing.com/","Home","","True","","","200","OK","Absolute","//body/div[@class='wrapper-page']/div/div/section[1]/div/div/div/div/div/div/div/div/div/div/div/ol/li[1]/a","Content","HTML","341309","65671"
"Hyperlink","https://irishealing.com/addiction-treatment/stimulants/","https://irishealing.com/","","Home","True","","","200","OK","Absolute","//body/footer/div/div/section[2]/div/div[1]/div/div[1]/div/div/div/a","Footer","HTML","341309","65671"
"Hyperlink","https://irishealing.com/addiction-treatment/stimulants/","https://irishealing.com/","","Iris Healing® – Luxury Addiction Treatment","True","","","200","OK","Absolute","//body/div[@class='canvas-mobile']/div/div[@class='top-canvas']/a[@class='logo-mm']","Content","HTML","341309","65671"
"Hyperlink","https://irishealing.com/drug-rehab-in-woodland-hills/","https://irishealing.com/","","Home","True","","","200","OK","Absolute","//body/div[@class='wrapper-page']/header/div/div/div/div/section[1]/div/div/div/section[1]/div/div[1]/div/div[1]/div/div/div/a","Header","HTML","341309","65671"
"Hyperlink","https://irishealing.com/drug-rehab-in-woodland-hills/","https://irishealing.com/","","","True","","","200","OK","Absolute","//body/div[@class='wrapper-page']/header/div/div/div/div/section[2]/div/div[1]/div/div/div/a","Header","HTML","341309","65671"
"Hyperlink","https://irishealing.com/drug-rehab-in-woodland-hills/","https://irishealing.com/","Home","","True","","","200","OK","Absolute","//body/div[@class='wrapper-page']/div/section/div/div/div/div/div/div/div/div/div[1]/section[1]/div/div/div/div[1]/div/div/div/div/div/div/div/ol/li[1]/a","Content","HTML","341309","65671"
"Hyperlink","https://irishealing.com/drug-rehab-in-woodland-hills/","https://irishealing.com/","","Home","True","","","200","OK","Absolute","//body/footer/div/div/section[2]/div/div[1]/div/div[1]/div/div/div/a","Footer","HTML","341309","65671"
"Hyperlink","https://irishealing.com/drug-rehab-in-woodland-hills/","https://irishealing.com/","","Iris Healing® – Luxury Addiction Treatment","True","","","200","OK","Absolute","//body/div[@class='canvas-mobile']/div/div[@class='top-canvas']/a[@class='logo-mm']","Content","HTML","341309","65671"
"Hyperlink","https://irishealing.com/outpatient-rehab-los-angeles/","https://irishealing.com/","","Home","True","","","200","OK","Absolute","//body/div[@class='wrapper-page']/header/div/div/div/div/section[1]/div/div/div/section[1]/div/div[1]/div/div[1]/div/div/div/a","Header","HTML","341309","65671"
"Hyperlink","https://irishealing.com/outpatient-rehab-los-angeles/","https://irishealing.com/","","","True","","","200","OK","Absolute","//body/div[@class='wrapper-page']/header/div/div/div/div/section[2]/div/div[1]/div/div/div/a","Header","HTML","341309","65671"
"Hyperlink","https://irishealing.com/outpatient-rehab-los-angeles/","https://irishealing.com/","Home","","True","","","200","OK","Absolute","//body/div[@class='wrapper-page']/div/div/section[1]/div/div/div/div/div/div/div/div/div/div/div/ol/li[1]/a","Content","HTML","341309","65671"
"Hyperlink","https://irishealing.com/outpatient-rehab-los-angeles/","https://irishealing.com/","","Home","True","","","200","OK","Absolute","//body/footer/div/div/section[2]/div/div[1]/div/div[1]/div/div/div/a","Footer","HTML","341309","65671"
"Hyperlink","https://irishealing.com/outpatient-rehab-los-angeles/","https://irishealing.com/","","Iris Healing® – Luxury Addiction Treatment","True","","","200","OK","Absolute","//body/div[@class='canvas-mobile']/div/div[@class='top-canvas']/a[@class='logo-mm']","Content","HTML","341309","65671"
"Hyperlink","https://irishealing.com/tms-los-angeles/","https://irishealing.com/","","Home","True","","","200","OK","Absolute","//body/div[@class='wrapper-page']/header/div/div/div/div/section[1]/div/div/div/section[1]/div/div[1]/div/div[1]/div/div/div/a","Header","HTML","341309","65671"
"Hyperlink","https://irishealing.com/tms-los-angeles/","https://irishealing.com/","","","True","","","200","OK","Absolute","//body/div[@class='wrapper-page']/header/div/div/div/div/section[2]/div/div[1]/div/div/div/a","Header","HTML","341309","65671"
"Hyperlink","https://irishealing.com/tms-los-angeles/","https://irishealing.com/","Home","","True","","","200","OK","Absolute","//body/div[@class='wrapper-page']/div/div/section[1]/div/div/div/div/div/div/div/div/div[@class='breadcrumb-main']/div/div/ol/li[1]/a","Content","HTML","341309","65671"
"Hyperlink","https://irishealing.com/tms-los-angeles/","https://irishealing.com/","","Home","True","","","200","OK","Absolute","//body/footer/div/div/section[2]/div/div[1]/div/div[1]/div/div/div/a","Footer","HTML","341309","65671"
"Hyperlink","https://irishealing.com/tms-los-angeles/","https://irishealing.com/","","Iris Healing® – Luxury Addiction Treatment","True","","","200","OK","Absolute","//body/div[@class='canvas-mobile']/div/div[@class='top-canvas']/a[@class='logo-mm']","Content","HTML","341309","65671"
"Hyperlink","https://irishealing.com/dual-diagnosis-in-los-angeles/","https://irishealing.com/","","Home","True","","","200","OK","Absolute","//body/div[@class='wrapper-page']/header/div/div/div/div/section[1]/div/div/div/section[1]/div/div[1]/div/div[1]/div/div/div/a","Header","HTML","341309","65671"
"Hyperlink","https://irishealing.com/dual-diagnosis-in-los-angeles/","https://irishealing.com/","","","True","","","200","OK","Absolute","//body/div[@class='wrapper-page']/header/div/div/div/div/section[2]/div/div[1]/div/div/div/a","Header","HTML","341309","65671"
"Hyperlink","https://irishealing.com/dual-diagnosis-in-los-angeles/","https://irishealing.com/","Home","","True","","","200","OK","Absolute","//body/div[@class='wrapper-page']/div/section/div/div/div/div/div/div/div/div/div[1]/section[1]/div/div/div/div[1]/div/div/div/div/div/div/div/ol/li[1]/a","Content","HTML","341309","65671"
"Hyperlink","https://irishealing.com/dual-diagnosis-in-los-angeles/","https://irishealing.com/","","Home","True","","","200","OK","Absolute","//body/footer/div/div/section[2]/div/div[1]/div/div[1]/div/div/div/a","Footer","HTML","341309","65671"
"Hyperlink","https://irishealing.com/dual-diagnosis-in-los-angeles/","https://irishealing.com/","","Iris Healing® – Luxury Addiction Treatment","True","","","200","OK","Absolute","//body/div[@class='canvas-mobile']/div/div[@class='top-canvas']/a[@class='logo-mm']","Content","HTML","341309","65671"
"Hyperlink","https://irishealing.com/healthnet-coverage/","https://irishealing.com/","","Home","True","","","200","OK","Absolute","//body/div[@class='wrapper-page']/header/div/div/div/div/section[1]/div/div/div/section[1]/div/div[1]/div/div[1]/div/div/div/a","Header","HTML","341309","65671"
"Hyperlink","https://irishealing.com/healthnet-coverage/","https://irishealing.com/","","","True","","","200","OK","Absolute","//body/div[@class='wrapper-page']/header/div/div/div/div/section[2]/div/div[1]/div/div/div/a","Header","HTML","341309","65671"
"Hyperlink","https://irishealing.com/healthnet-coverage/","https://irishealing.com/","Home","","True","","","200","OK","Absolute","//body/div[@class='wrapper-page']/div/div/section[1]/div/div/div/div/div/div/div/div/div/div/div/ol/li[1]/a","Content","HTML","341309","65671"
"Hyperlink","https://irishealing.com/healthnet-coverage/","https://irishealing.com/","","Home","True","","","200","OK","Absolute","//body/footer/div/div/section[2]/div/div[1]/div/div[1]/div/div/div/a","Footer","HTML","341309","65671"
"Hyperlink","https://irishealing.com/healthnet-coverage/","https://irishealing.com/","","Iris Healing® – Luxury Addiction Treatment","True","","","200","OK","Absolute","//body/div[@class='canvas-mobile']/div/div[@class='top-canvas']/a[@class='logo-mm']","Content","HTML","341309","65671"
"Hyperlink","https://irishealing.com/areas-we-serve/","https://irishealing.com/","","Home","True","","","200","OK","Absolute","//body/div[@class='wrapper-page']/header/div/div/div/div/section[1]/div/div/div/section[1]/div/div[1]/div/div[1]/div/div/div/a","Header","HTML","341309","65671"
"Hyperlink","https://irishealing.com/areas-we-serve/","https://irishealing.com/","","","True","","","200","OK","Absolute","//body/div[@class='wrapper-page']/header/div/div/div/div/section[2]/div/div[1]/div/div/div/a","Header","HTML","341309","65671"
"Hyperlink","https://irishealing.com/areas-we-serve/","https://irishealing.com/","Home","","True","","","200","OK","Absolute","//body/div[@class='wrapper-page']/div/section/div/div/div/div/div[1]/div[@class='breadcrumb-main']/div/div/ol/li[1]/a","Content","HTML","341309","65671"
"Hyperlink","https://irishealing.com/areas-we-serve/","https://irishealing.com/","","Home","True","","","200","OK","Absolute","//body/footer/div/div/section[2]/div/div[1]/div/div[1]/div/div/div/a","Footer","HTML","341309","65671"
"Hyperlink","https://irishealing.com/areas-we-serve/","https://irishealing.com/","","Iris Healing® – Luxury Addiction Treatment","True","","","200","OK","Absolute","//body/div[@class='canvas-mobile']/div/div[@class='top-canvas']/a[@class='logo-mm']","Content","HTML","341309","65671"
"Hyperlink","https://irishealing.com/programs/","https://irishealing.com/","","Home","True","","","200","OK","Absolute","//body/div[@class='wrapper-page']/header/div/div/div/div/section[1]/div/div/div/section[1]/div/div[1]/div/div[1]/div/div/div/a","Header","HTML","341309","65671"
"Hyperlink","https://irishealing.com/programs/","https://irishealing.com/","","","True","","","200","OK","Absolute","//body/div[@class='wrapper-page']/header/div/div/div/div/section[2]/div/div[1]/div/div/div/a","Header","HTML","341309","65671"
"Hyperlink","https://irishealing.com/programs/","https://irishealing.com/","Home","","True","","","200","OK","Absolute","//body/div[@class='wrapper-page']/div/section/div/div/div/div/div/div/div/div/div[1]/section[1]/div/div/div/div/div/div/div/div/div[@class='breadcrumb-main']/div/div/ol/li[1]/a","Content","HTML","341309","65671"
"Hyperlink","https://irishealing.com/programs/","https://irishealing.com/","","Home","True","","","200","OK","Absolute","//body/footer/div/div/section[2]/div/div[1]/div/div[1]/div/div/div/a","Footer","HTML","341309","65671"
"Hyperlink","https://irishealing.com/programs/","https://irishealing.com/","","Iris Healing® – Luxury Addiction Treatment","True","","","200","OK","Absolute","//body/div[@class='canvas-mobile']/div/div[@class='top-canvas']/a[@class='logo-mm']","Content","HTML","341309","65671"
"Hyperlink","https://irishealing.com/therapy/sound-bath-meditation/","https://irishealing.com/","","Home","True","","","200","OK","Absolute","//body/div[@class='wrapper-page']/header/div/div/div/div/section[1]/div/div/div/section[1]/div/div[1]/div/div[1]/div/div/div/a","Header","HTML","341309","65671"
"Hyperlink","https://irishealing.com/therapy/sound-bath-meditation/","https://irishealing.com/","","","True","","","200","OK","Absolute","//body/div[@class='wrapper-page']/header/div/div/div/div/section[2]/div/div[1]/div/div/div/a","Header","HTML","341309","65671"
"Hyperlink","https://irishealing.com/therapy/sound-bath-meditation/","https://irishealing.com/","Home","","True","","","200","OK","Absolute","//body/div[@class='wrapper-page']/div/section/div/div/div/div/div/div/div/div/div[1]/section[1]/div/div/div/div/div/div/div/div/div[@class='breadcrumb-main']/div/div/ol/li[1]/a","Content","HTML","341309","65671"
"Hyperlink","https://irishealing.com/therapy/sound-bath-meditation/","https://irishealing.com/","","Home","True","","","200","OK","Absolute","//body/footer/div/div/section[2]/div/div[1]/div/div[1]/div/div/div/a","Footer","HTML","341309","65671"
"Hyperlink","https://irishealing.com/therapy/sound-bath-meditation/","https://irishealing.com/","","Iris Healing® – Luxury Addiction Treatment","True","","","200","OK","Absolute","//body/div[@class='canvas-mobile']/div/div[@class='top-canvas']/a[@class='logo-mm']","Content","HTML","341309","65671"
"Hyperlink","https://irishealing.com/online-insurance-verification/","https://irishealing.com/","","Home","True","","","200","OK","Absolute","//body/div[@class='wrapper-page']/header/div/div/div/div/section[1]/div/div/div/section[1]/div/div[1]/div/div[1]/div/div/div/a","Header","HTML","341309","65671"
"Hyperlink","https://irishealing.com/online-insurance-verification/","https://irishealing.com/","","","True","","","200","OK","Absolute","//body/div[@class='wrapper-page']/header/div/div/div/div/section[2]/div/div[1]/div/div/div/a","Header","HTML","341309","65671"
"Hyperlink","https://irishealing.com/online-insurance-verification/","https://irishealing.com/","Home","","True","","","200","OK","Absolute","//body/div[@class='wrapper-page']/div/section/div/div/div/div/div/div/div/div/div[1]/section[1]/div/div/div/div/div/div/div/div/div[@class='breadcrumb-main']/div/div/ol/li[1]/a","Content","HTML","341309","65671"
"Hyperlink","https://irishealing.com/online-insurance-verification/","https://irishealing.com/","","Home","True","","","200","OK","Absolute","//body/footer/div/div/section[2]/div/div[1]/div/div[1]/div/div/div/a","Footer","HTML","341309","65671"
"Hyperlink","https://irishealing.com/online-insurance-verification/","https://irishealing.com/","","Iris Healing® – Luxury Addiction Treatment","True","","","200","OK","Absolute","//body/div[@class='canvas-mobile']/div/div[@class='top-canvas']/a[@class='logo-mm']","Content","HTML","341309","65671"
"Hyperlink","https://irishealing.com/virtual-mental-health-services-california/","https://irishealing.com/","","Home","True","","","200","OK","Absolute","//body/div[@class='wrapper-page']/header/div/div/div/div/section[1]/div/div/div/section[1]/div/div[1]/div/div[1]/div/div/div/a","Header","HTML","341309","65671"
"Hyperlink","https://irishealing.com/virtual-mental-health-services-california/","https://irishealing.com/","","","True","","","200","OK","Absolute","//body/div[@class='wrapper-page']/header/div/div/div/div/section[2]/div/div[1]/div/div/div/a","Header","HTML","341309","65671"
"Hyperlink","https://irishealing.com/virtual-mental-health-services-california/","https://irishealing.com/","Home","","True","","","200","OK","Absolute","//body/div[@class='wrapper-page']/div/div/section[1]/div/div/div/div/div/div/div/div/div/div/div/ol/li[1]/a","Content","HTML","341309","65671"
"Hyperlink","https://irishealing.com/virtual-mental-health-services-california/","https://irishealing.com/","","Home","True","","","200","OK","Absolute","//body/footer/div/div/section[2]/div/div[1]/div/div[1]/div/div/div/a","Footer","HTML","341309","65671"
"Hyperlink","https://irishealing.com/virtual-mental-health-services-california/","https://irishealing.com/","","Iris Healing® – Luxury Addiction Treatment","True","","","200","OK","Absolute","//body/div[@class='canvas-mobile']/div/div[@class='top-canvas']/a[@class='logo-mm']","Content","HTML","341309","65671"
"Hyperlink","https://irishealing.com/los-angeles-virtual-iop/","https://irishealing.com/","","Home","True","","","200","OK","Absolute","//body/div[@class='wrapper-page']/header/div/div/div/div/section[1]/div/div/div/section[1]/div/div[1]/div/div[1]/div/div/div/a","Header","HTML","341309","65671"
"Hyperlink","https://irishealing.com/los-angeles-virtual-iop/","https://irishealing.com/","","","True","","","200","OK","Absolute","//body/div[@class='wrapper-page']/header/div/div/div/div/section[2]/div/div[1]/div/div/div/a","Header","HTML","341309","65671"
"Hyperlink","https://irishealing.com/los-angeles-virtual-iop/","https://irishealing.com/","Home","","True","","","200","OK","Absolute","//body/div[@class='wrapper-page']/div/div/section[1]/div/div/div/div/div/div/div/div/div/div/div/ol/li[1]/a","Content","HTML","341309","65671"
"Hyperlink","https://irishealing.com/los-angeles-virtual-iop/","https://irishealing.com/","","Home","True","","","200","OK","Absolute","//body/footer/div/div/section[2]/div/div[1]/div/div[1]/div/div/div/a","Footer","HTML","341309","65671"
"Hyperlink","https://irishealing.com/los-angeles-virtual-iop/","https://irishealing.com/","","Iris Healing® – Luxury Addiction Treatment","True","","","200","OK","Absolute","//body/div[@class='canvas-mobile']/div/div[@class='top-canvas']/a[@class='logo-mm']","Content","HTML","341309","65671"
"Hyperlink","https://irishealing.com/geha-insurance-coverage/","https://irishealing.com/","","Home","True","","","200","OK","Absolute","//body/div[@class='wrapper-page']/header/div/div/div/div/section[1]/div/div/div/section[1]/div/div[1]/div/div[1]/div/div/div/a","Header","HTML","341309","65671"
"Hyperlink","https://irishealing.com/geha-insurance-coverage/","https://irishealing.com/","","","True","","","200","OK","Absolute","//body/div[@class='wrapper-page']/header/div/div/div/div/section[2]/div/div[1]/div/div/div/a","Header","HTML","341309","65671"
"Hyperlink","https://irishealing.com/geha-insurance-coverage/","https://irishealing.com/","Home","","True","","","200","OK","Absolute","//body/div[@class='wrapper-page']/div/div/section[1]/div/div/div/div/div/div/div/div/div/div/div/ol/li[1]/a","Content","HTML","341309","65671"
"Hyperlink","https://irishealing.com/geha-insurance-coverage/","https://irishealing.com/","","Home","True","","","200","OK","Absolute","//body/footer/div/div/section[2]/div/div[1]/div/div[1]/div/div/div/a","Footer","HTML","341309","65671"
"Hyperlink","https://irishealing.com/geha-insurance-coverage/","https://irishealing.com/","","Iris Healing® – Luxury Addiction Treatment","True","","","200","OK","Absolute","//body/div[@class='canvas-mobile']/div/div[@class='top-canvas']/a[@class='logo-mm']","Content","HTML","341309","65671"
"Hyperlink","https://irishealing.com/art-therapy/","https://irishealing.com/","","Home","True","","","200","OK","Absolute","//body/div[@class='wrapper-page']/header/div/div/div/div/section[1]/div/div/div/section[1]/div/div[1]/div/div[1]/div/div/div/a","Header","HTML","341309","65671"
"Hyperlink","https://irishealing.com/art-therapy/","https://irishealing.com/","","","True","","","200","OK","Absolute","//body/div[@class='wrapper-page']/header/div/div/div/div/section[2]/div/div[1]/div/div/div/a","Header","HTML","341309","65671"
"Hyperlink","https://irishealing.com/art-therapy/","https://irishealing.com/","Home","","True","","","200","OK","Absolute","//body/div[@class='wrapper-page']/div/section/div/div/div/div/div/div/div/div/div[1]/section[1]/div/div/div/div/div/div/div/div/div[@class='breadcrumb-main']/div/div/ol/li[1]/a","Content","HTML","341309","65671"
"Hyperlink","https://irishealing.com/art-therapy/","https://irishealing.com/","","Home","True","","","200","OK","Absolute","//body/footer/div/div/section[2]/div/div[1]/div/div[1]/div/div/div/a","Footer","HTML","341309","65671"
"Hyperlink","https://irishealing.com/art-therapy/","https://irishealing.com/","","Iris Healing® – Luxury Addiction Treatment","True","","","200","OK","Absolute","//body/div[@class='canvas-mobile']/div/div[@class='top-canvas']/a[@class='logo-mm']","Content","HTML","341309","65671"
"Hyperlink","https://irishealing.com/music-therapy/","https://irishealing.com/","","Home","True","","","200","OK","Absolute","//body/div[@class='wrapper-page']/header/div/div/div/div/section[1]/div/div/div/section[1]/div/div[1]/div/div[1]/div/div/div/a","Header","HTML","341309","65671"
"Hyperlink","https://irishealing.com/music-therapy/","https://irishealing.com/","","","True","","","200","OK","Absolute","//body/div[@class='wrapper-page']/header/div/div/div/div/section[2]/div/div[1]/div/div/div/a","Header","HTML","341309","65671"
"Hyperlink","https://irishealing.com/music-therapy/","https://irishealing.com/","Home","","True","","","200","OK","Absolute","//body/div[@class='wrapper-page']/div/section/div/div/div/div/div/div/div/div/div[1]/section[1]/div/div/div/div/div/div/div/div/div[@class='breadcrumb-main']/div/div/ol/li[1]/a","Content","HTML","341309","65671"
"Hyperlink","https://irishealing.com/music-therapy/","https://irishealing.com/","","Home","True","","","200","OK","Absolute","//body/footer/div/div/section[2]/div/div[1]/div/div[1]/div/div/div/a","Footer","HTML","341309","65671"
"Hyperlink","https://irishealing.com/music-therapy/","https://irishealing.com/","","Iris Healing® – Luxury Addiction Treatment","True","","","200","OK","Absolute","//body/div[@class='canvas-mobile']/div/div[@class='top-canvas']/a[@class='logo-mm']","Content","HTML","341309","65671"
"Hyperlink","https://irishealing.com/addiction-treatment/benzo-rehab-los-angeles/","https://irishealing.com/","","Home","True","","","200","OK","Absolute","//body/div[@class='wrapper-page']/header/div/div/div/div/section[1]/div/div/div/section[1]/div/div[1]/div/div[1]/div/div/div/a","Header","HTML","341309","65671"
"Hyperlink","https://irishealing.com/addiction-treatment/benzo-rehab-los-angeles/","https://irishealing.com/","","","True","","","200","OK","Absolute","//body/div[@class='wrapper-page']/header/div/div/div/div/section[2]/div/div[1]/div/div/div/a","Header","HTML","341309","65671"
"Hyperlink","https://irishealing.com/addiction-treatment/benzo-rehab-los-angeles/","https://irishealing.com/","Home","","True","","","200","OK","Absolute","//body/div[@class='wrapper-page']/div/div/section[1]/div/div/div/div/div/div/div/div/div[@class='breadcrumb-main']/div/div/ol/li[1]/a","Content","HTML","341309","65671"
"Hyperlink","https://irishealing.com/addiction-treatment/benzo-rehab-los-angeles/","https://irishealing.com/","","Home","True","","","200","OK","Absolute","//body/footer/div/div/section[2]/div/div[1]/div/div[1]/div/div/div/a","Footer","HTML","341309","65671"
"Hyperlink","https://irishealing.com/addiction-treatment/benzo-rehab-los-angeles/","https://irishealing.com/","","Iris Healing® – Luxury Addiction Treatment","True","","","200","OK","Absolute","//body/div[@class='canvas-mobile']/div/div[@class='top-canvas']/a[@class='logo-mm']","Content","HTML","341309","65671"
"Hyperlink","https://irishealing.com/insurance-coverage/cigna/","https://irishealing.com/","","Home","True","","","200","OK","Absolute","//body/div[@class='wrapper-page']/header/div/div/div/div/section[1]/div/div/div/section[1]/div/div[1]/div/div[1]/div/div/div/a","Header","HTML","341309","65671"
"Hyperlink","https://irishealing.com/insurance-coverage/cigna/","https://irishealing.com/","","","True","","","200","OK","Absolute","//body/div[@class='wrapper-page']/header/div/div/div/div/section[2]/div/div[1]/div/div/div/a","Header","HTML","341309","65671"
"Hyperlink","https://irishealing.com/insurance-coverage/cigna/","https://irishealing.com/","Home","","True","","","200","OK","Absolute","//body/div[@class='wrapper-page']/div/div/section[1]/div/div/div/div/div/div/div/div/div/div/div/ol/li[1]/a","Content","HTML","341309","65671"
"Hyperlink","https://irishealing.com/insurance-coverage/cigna/","https://irishealing.com/","","Home","True","","","200","OK","Absolute","//body/footer/div/div/section[2]/div/div[1]/div/div[1]/div/div/div/a","Footer","HTML","341309","65671"
"Hyperlink","https://irishealing.com/insurance-coverage/cigna/","https://irishealing.com/","","Iris Healing® – Luxury Addiction Treatment","True","","","200","OK","Absolute","//body/div[@class='canvas-mobile']/div/div[@class='top-canvas']/a[@class='logo-mm']","Content","HTML","341309","65671"
"Hyperlink","https://irishealing.com/holistic-rehabilitation-center/","https://irishealing.com/","","Home","True","","","200","OK","Absolute","//body/div[@class='wrapper-page']/header/div/div/div/div/section[1]/div/div/div/section[1]/div/div[1]/div/div[1]/div/div/div/a","Header","HTML","341309","65671"
"Hyperlink","https://irishealing.com/holistic-rehabilitation-center/","https://irishealing.com/","","","True","","","200","OK","Absolute","//body/div[@class='wrapper-page']/header/div/div/div/div/section[2]/div/div[1]/div/div/div/a","Header","HTML","341309","65671"
"Hyperlink","https://irishealing.com/holistic-rehabilitation-center/","https://irishealing.com/","Home","","True","","","200","OK","Absolute","//body/div[@class='wrapper-page']/div/section/div/div/div/div/div/div/div/div/div[1]/section[1]/div/div/div/div/div/div/div/div/div/div/div/ol/li[1]/a","Content","HTML","341309","65671"
"Hyperlink","https://irishealing.com/holistic-rehabilitation-center/","https://irishealing.com/","","Home","True","","","200","OK","Absolute","//body/footer/div/div/section[2]/div/div[1]/div/div[1]/div/div/div/a","Footer","HTML","341309","65671"
"Hyperlink","https://irishealing.com/holistic-rehabilitation-center/","https://irishealing.com/","","Iris Healing® – Luxury Addiction Treatment","True","","","200","OK","Absolute","//body/div[@class='canvas-mobile']/div/div[@class='top-canvas']/a[@class='logo-mm']","Content","HTML","341309","65671"
"Hyperlink","https://irishealing.com/addiction-treatment/iris-healing-retreat-woodland-hills-ca/","https://irishealing.com/","","Home","True","","","200","OK","Absolute","//body/div[@class='wrapper-page']/header/div/div/div/div/section[1]/div/div/div/section[1]/div/div[1]/div/div[1]/div/div/div/a","Header","HTML","341309","65671"
"Hyperlink","https://irishealing.com/addiction-treatment/iris-healing-retreat-woodland-hills-ca/","https://irishealing.com/","","","True","","","200","OK","Absolute","//body/div[@class='wrapper-page']/header/div/div/div/div/section[2]/div/div[1]/div/div/div/a","Header","HTML","341309","65671"
"Hyperlink","https://irishealing.com/addiction-treatment/iris-healing-retreat-woodland-hills-ca/","https://irishealing.com/","Home","","True","","","200","OK","Absolute","//body/div[@class='wrapper-page']/div/div/section[1]/div/div/div/div/div/div/div/div/div[@class='breadcrumb-main']/div/div/ol/li[1]/a","Content","HTML","341309","65671"
"Hyperlink","https://irishealing.com/addiction-treatment/iris-healing-retreat-woodland-hills-ca/","https://irishealing.com/","","Home","True","","","200","OK","Absolute","//body/footer/div/div/section[2]/div/div[1]/div/div[1]/div/div/div/a","Footer","HTML","341309","65671"
"Hyperlink","https://irishealing.com/addiction-treatment/iris-healing-retreat-woodland-hills-ca/","https://irishealing.com/","","Iris Healing® – Luxury Addiction Treatment","True","","","200","OK","Absolute","//body/div[@class='canvas-mobile']/div/div[@class='top-canvas']/a[@class='logo-mm']","Content","HTML","341309","65671"
"Hyperlink","https://irishealing.com/addiction-treatment/fentanyl-rehab-los-angeles/","https://irishealing.com/","","Home","True","","","200","OK","Absolute","//body/div[@class='wrapper-page']/header/div/div/div/div/section[1]/div/div/div/section[1]/div/div[1]/div/div[1]/div/div/div/a","Header","HTML","341309","65671"
"Hyperlink","https://irishealing.com/addiction-treatment/fentanyl-rehab-los-angeles/","https://irishealing.com/","","","True","","","200","OK","Absolute","//body/div[@class='wrapper-page']/header/div/div/div/div/section[2]/div/div[1]/div/div/div/a","Header","HTML","341309","65671"
"Hyperlink","https://irishealing.com/addiction-treatment/fentanyl-rehab-los-angeles/","https://irishealing.com/","Home","","True","","","200","OK","Absolute","//body/div[@class='wrapper-page']/div/section/div/div/div/div/div[1]/div[@class='breadcrumb-main']/div/div/ol/li[1]/a","Content","HTML","341309","65671"
"Hyperlink","https://irishealing.com/addiction-treatment/fentanyl-rehab-los-angeles/","https://irishealing.com/","","Home","True","","","200","OK","Absolute","//body/footer/div/div/section[2]/div/div[1]/div/div[1]/div/div/div/a","Footer","HTML","341309","65671"
"Hyperlink","https://irishealing.com/addiction-treatment/fentanyl-rehab-los-angeles/","https://irishealing.com/","","Iris Healing® – Luxury Addiction Treatment","True","","","200","OK","Absolute","//body/div[@class='canvas-mobile']/div/div[@class='top-canvas']/a[@class='logo-mm']","Content","HTML","341309","65671"
"Hyperlink","https://irishealing.com/dual-diagnosis-woodland-hills/","https://irishealing.com/","","Home","True","","","200","OK","Absolute","//body/div[@class='wrapper-page']/header/div/div/div/div/section[1]/div/div/div/section[1]/div/div[1]/div/div[1]/div/div/div/a","Header","HTML","341309","65671"
"Hyperlink","https://irishealing.com/dual-diagnosis-woodland-hills/","https://irishealing.com/","","","True","","","200","OK","Absolute","//body/div[@class='wrapper-page']/header/div/div/div/div/section[2]/div/div[1]/div/div/div/a","Header","HTML","341309","65671"
"Hyperlink","https://irishealing.com/dual-diagnosis-woodland-hills/","https://irishealing.com/","Home","","True","","","200","OK","Absolute","//body/div[@class='wrapper-page']/div/section/div/div/div/div/div/div/div/div/div[1]/section[1]/div/div/div/div[1]/div/div/div/div/div/div/div/ol/li[1]/a","Content","HTML","341309","65671"
"Hyperlink","https://irishealing.com/dual-diagnosis-woodland-hills/","https://irishealing.com/","","Home","True","","","200","OK","Absolute","//body/footer/div/div/section[2]/div/div[1]/div/div[1]/div/div/div/a","Footer","HTML","341309","65671"
"Hyperlink","https://irishealing.com/dual-diagnosis-woodland-hills/","https://irishealing.com/","","Iris Healing® – Luxury Addiction Treatment","True","","","200","OK","Absolute","//body/div[@class='canvas-mobile']/div/div[@class='top-canvas']/a[@class='logo-mm']","Content","HTML","341309","65671"
"Hyperlink","https://irishealing.com/therapy/neurofeedback-therapy/","https://irishealing.com/","","Home","True","","","200","OK","Absolute","//body/div[@class='wrapper-page']/header/div/div/div/div/section[1]/div/div/div/section[1]/div/div[1]/div/div[1]/div/div/div/a","Header","HTML","341309","65671"
"Hyperlink","https://irishealing.com/therapy/neurofeedback-therapy/","https://irishealing.com/","","","True","","","200","OK","Absolute","//body/div[@class='wrapper-page']/header/div/div/div/div/section[2]/div/div[1]/div/div/div/a","Header","HTML","341309","65671"
"Hyperlink","https://irishealing.com/therapy/neurofeedback-therapy/","https://irishealing.com/","","Home","True","","","200","OK","Absolute","//body/footer/div/div/section[2]/div/div[1]/div/div[1]/div/div/div/a","Footer","HTML","341309","65671"
"Hyperlink","https://irishealing.com/therapy/neurofeedback-therapy/","https://irishealing.com/","","Iris Healing® – Luxury Addiction Treatment","True","","","200","OK","Absolute","//body/div[@class='canvas-mobile']/div/div[@class='top-canvas']/a[@class='logo-mm']","Content","HTML","341309","65671"
"Hyperlink","https://irishealing.com/addiction-treatment/drug-rehab-los-angeles/adderall/","https://irishealing.com/","","Home","True","","","200","OK","Absolute","//body/div[@class='wrapper-page']/header/div/div/div/div/section[1]/div/div/div/section[1]/div/div[1]/div/div[1]/div/div/div/a","Header","HTML","341309","65671"
"Hyperlink","https://irishealing.com/addiction-treatment/drug-rehab-los-angeles/adderall/","https://irishealing.com/","","","True","","","200","OK","Absolute","//body/div[@class='wrapper-page']/header/div/div/div/div/section[2]/div/div[1]/div/div/div/a","Header","HTML","341309","65671"
"Hyperlink","https://irishealing.com/addiction-treatment/drug-rehab-los-angeles/adderall/","https://irishealing.com/","Home","","True","","","200","OK","Absolute","//body/div[@class='wrapper-page']/div/div/section[1]/div/div/div/div/div/div/div/div/div[@class='breadcrumb-main']/div/div/ol/li[1]/a","Content","HTML","341309","65671"
"Hyperlink","https://irishealing.com/addiction-treatment/drug-rehab-los-angeles/adderall/","https://irishealing.com/","","Home","True","","","200","OK","Absolute","//body/footer/div/div/section[2]/div/div[1]/div/div[1]/div/div/div/a","Footer","HTML","341309","65671"
"Hyperlink","https://irishealing.com/addiction-treatment/drug-rehab-los-angeles/adderall/","https://irishealing.com/","","Iris Healing® – Luxury Addiction Treatment","True","","","200","OK","Absolute","//body/div[@class='canvas-mobile']/div/div[@class='top-canvas']/a[@class='logo-mm']","Content","HTML","341309","65671"
"Hyperlink","https://irishealing.com/insurance-coverage/anthem-insurance/","https://irishealing.com/","","Home","True","","","200","OK","Absolute","//body/div[@class='wrapper-page']/header/div/div/div/div/section[1]/div/div/div/section[1]/div/div[1]/div/div[1]/div/div/div/a","Header","HTML","341309","65671"
"Hyperlink","https://irishealing.com/insurance-coverage/anthem-insurance/","https://irishealing.com/","","","True","","","200","OK","Absolute","//body/div[@class='wrapper-page']/header/div/div/div/div/section[2]/div/div[1]/div/div/div/a","Header","HTML","341309","65671"
"Hyperlink","https://irishealing.com/insurance-coverage/anthem-insurance/","https://irishealing.com/","Home","","True","","","200","OK","Absolute","//body/div[@class='wrapper-page']/div/div/section[1]/div/div/div/div/div/div/div/div/div/div/div/ol/li[1]/a","Content","HTML","341309","65671"
"Hyperlink","https://irishealing.com/insurance-coverage/anthem-insurance/","https://irishealing.com/","","Home","True","","","200","OK","Absolute","//body/footer/div/div/section[2]/div/div[1]/div/div[1]/div/div/div/a","Footer","HTML","341309","65671"
"Hyperlink","https://irishealing.com/insurance-coverage/anthem-insurance/","https://irishealing.com/","","Iris Healing® – Luxury Addiction Treatment","True","","","200","OK","Absolute","//body/div[@class='canvas-mobile']/div/div[@class='top-canvas']/a[@class='logo-mm']","Content","HTML","341309","65671"
"Hyperlink","https://irishealing.com/mental-health-treatment-los-angeles/ocd-treatment-los-angeles/","https://irishealing.com/","","Home","True","","","200","OK","Absolute","//body/div[@class='wrapper-page']/header/div/div/div/div/section[1]/div/div/div/section[1]/div/div[1]/div/div[1]/div/div/div/a","Header","HTML","341309","65671"
"Hyperlink","https://irishealing.com/mental-health-treatment-los-angeles/ocd-treatment-los-angeles/","https://irishealing.com/","","","True","","","200","OK","Absolute","//body/div[@class='wrapper-page']/header/div/div/div/div/section[2]/div/div[1]/div/div/div/a","Header","HTML","341309","65671"
"Hyperlink","https://irishealing.com/mental-health-treatment-los-angeles/ocd-treatment-los-angeles/","https://irishealing.com/","Home","","True","","","200","OK","Absolute","//body/div[@class='wrapper-page']/div/section/div/div/div/div/div/div/div/div/div[1]/section[1]/div/div/div/div/div/div/div/div/div[@class='breadcrumb-main']/div/div/ol/li[1]/a","Content","HTML","341309","65671"
"Hyperlink","https://irishealing.com/mental-health-treatment-los-angeles/ocd-treatment-los-angeles/","https://irishealing.com/","","Home","True","","","200","OK","Absolute","//body/footer/div/div/section[2]/div/div[1]/div/div[1]/div/div/div/a","Footer","HTML","341309","65671"
"Hyperlink","https://irishealing.com/mental-health-treatment-los-angeles/ocd-treatment-los-angeles/","https://irishealing.com/","","Iris Healing® – Luxury Addiction Treatment","True","","","200","OK","Absolute","//body/div[@class='canvas-mobile']/div/div[@class='top-canvas']/a[@class='logo-mm']","Content","HTML","341309","65671"
"Hyperlink","https://irishealing.com/halycon-insurance-coverage/","https://irishealing.com/","","Home","True","","","200","OK","Absolute","//body/div[@class='wrapper-page']/header/div/div/div/div/section[1]/div/div/div/section[1]/div/div[1]/div/div[1]/div/div/div/a","Header","HTML","341309","65671"
"Hyperlink","https://irishealing.com/halycon-insurance-coverage/","https://irishealing.com/","","","True","","","200","OK","Absolute","//body/div[@class='wrapper-page']/header/div/div/div/div/section[2]/div/div[1]/div/div/div/a","Header","HTML","341309","65671"
"Hyperlink","https://irishealing.com/halycon-insurance-coverage/","https://irishealing.com/","Home","","True","","","200","OK","Absolute","//body/div[@class='wrapper-page']/div/div/section[1]/div/div/div/div/div/div/div/div/div[@class='breadcrumb-main']/div/div/ol/li[1]/a","Content","HTML","341309","65671"
"Hyperlink","https://irishealing.com/halycon-insurance-coverage/","https://irishealing.com/","","Home","True","","","200","OK","Absolute","//body/footer/div/div/section[2]/div/div[1]/div/div[1]/div/div/div/a","Footer","HTML","341309","65671"
"Hyperlink","https://irishealing.com/halycon-insurance-coverage/","https://irishealing.com/","","Iris Healing® – Luxury Addiction Treatment","True","","","200","OK","Absolute","//body/div[@class='canvas-mobile']/div/div[@class='top-canvas']/a[@class='logo-mm']","Content","HTML","341309","65671"
"Hyperlink","https://irishealing.com/mental-health-treatment-los-angeles/anxiety/","https://irishealing.com/","","Home","True","","","200","OK","Absolute","//body/div[@class='wrapper-page']/header/div/div/div/div/section[1]/div/div/div/section[1]/div/div[1]/div/div[1]/div/div/div/a","Header","HTML","341309","65671"
"Hyperlink","https://irishealing.com/mental-health-treatment-los-angeles/anxiety/","https://irishealing.com/","","","True","","","200","OK","Absolute","//body/div[@class='wrapper-page']/header/div/div/div/div/section[2]/div/div[1]/div/div/div/a","Header","HTML","341309","65671"
"Hyperlink","https://irishealing.com/mental-health-treatment-los-angeles/anxiety/","https://irishealing.com/","Home","","True","","","200","OK","Absolute","//body/div[@class='wrapper-page']/div/div/section[1]/div/div/div/div/div/div/div/div/div[@class='breadcrumb-main']/div/div/ol/li[1]/a","Content","HTML","341309","65671"
"Hyperlink","https://irishealing.com/mental-health-treatment-los-angeles/anxiety/","https://irishealing.com/","","Home","True","","","200","OK","Absolute","//body/footer/div/div/section[2]/div/div[1]/div/div[1]/div/div/div/a","Footer","HTML","341309","65671"
"Hyperlink","https://irishealing.com/mental-health-treatment-los-angeles/anxiety/","https://irishealing.com/","","Iris Healing® – Luxury Addiction Treatment","True","","","200","OK","Absolute","//body/div[@class='canvas-mobile']/div/div[@class='top-canvas']/a[@class='logo-mm']","Content","HTML","341309","65671"
"Hyperlink","https://irishealing.com/residential-rehab-in-woodland-hills/","https://irishealing.com/","","Home","True","","","200","OK","Absolute","//body/div[@class='wrapper-page']/header/div/div/div/div/section[1]/div/div/div/section[1]/div/div[1]/div/div[1]/div/div/div/a","Header","HTML","341309","65671"
"Hyperlink","https://irishealing.com/residential-rehab-in-woodland-hills/","https://irishealing.com/","","","True","","","200","OK","Absolute","//body/div[@class='wrapper-page']/header/div/div/div/div/section[2]/div/div[1]/div/div/div/a","Header","HTML","341309","65671"
"Hyperlink","https://irishealing.com/residential-rehab-in-woodland-hills/","https://irishealing.com/","Home","","True","","","200","OK","Absolute","//body/div[@class='wrapper-page']/div/section/div/div/div/div/div/div/div/div/div[1]/section[1]/div/div/div/div[1]/div/div/div/div/div/div/div/ol/li[1]/a","Content","HTML","341309","65671"
"Hyperlink","https://irishealing.com/residential-rehab-in-woodland-hills/","https://irishealing.com/","","Home","True","","","200","OK","Absolute","//body/footer/div/div/section[2]/div/div[1]/div/div[1]/div/div/div/a","Footer","HTML","341309","65671"
"Hyperlink","https://irishealing.com/residential-rehab-in-woodland-hills/","https://irishealing.com/","","Iris Healing® – Luxury Addiction Treatment","True","","","200","OK","Absolute","//body/div[@class='canvas-mobile']/div/div[@class='top-canvas']/a[@class='logo-mm']","Content","HTML","341309","65671"
"Hyperlink","https://irishealing.com/packing-list/","https://irishealing.com/","","Home","True","","","200","OK","Absolute","//body/div[@class='wrapper-page']/header/div/div/div/div/section[1]/div/div/div/section[1]/div/div[1]/div/div[1]/div/div/div/a","Header","HTML","341309","65671"
"Hyperlink","https://irishealing.com/packing-list/","https://irishealing.com/","","","True","","","200","OK","Absolute","//body/div[@class='wrapper-page']/header/div/div/div/div/section[2]/div/div[1]/div/div/div/a","Header","HTML","341309","65671"
"Hyperlink","https://irishealing.com/packing-list/","https://irishealing.com/","Home","","True","","","200","OK","Absolute","//body/div[@class='wrapper-page']/div/section/div/div/div/div/div/div/div/div/div[1]/section[1]/div/div/div/div/div/div/div/div/div[@class='breadcrumb-main']/div/div/ol/li[1]/a","Content","HTML","341309","65671"
"Hyperlink","https://irishealing.com/packing-list/","https://irishealing.com/","","Home","True","","","200","OK","Absolute","//body/footer/div/div/section[2]/div/div[1]/div/div[1]/div/div/div/a","Footer","HTML","341309","65671"
"Hyperlink","https://irishealing.com/packing-list/","https://irishealing.com/","","Iris Healing® – Luxury Addiction Treatment","True","","","200","OK","Absolute","//body/div[@class='canvas-mobile']/div/div[@class='top-canvas']/a[@class='logo-mm']","Content","HTML","341309","65671"
"Hyperlink","https://irishealing.com/simple-behavioral-rehab-coverage/","https://irishealing.com/","","Home","True","","","200","OK","Absolute","//body/div[@class='wrapper-page']/header/div/div/div/div/section[1]/div/div/div/section[1]/div/div[1]/div/div[1]/div/div/div/a","Header","HTML","341309","65671"
"Hyperlink","https://irishealing.com/simple-behavioral-rehab-coverage/","https://irishealing.com/","","","True","","","200","OK","Absolute","//body/div[@class='wrapper-page']/header/div/div/div/div/section[2]/div/div[1]/div/div/div/a","Header","HTML","341309","65671"
"Hyperlink","https://irishealing.com/simple-behavioral-rehab-coverage/","https://irishealing.com/","Home","","True","","","200","OK","Absolute","//body/div[@class='wrapper-page']/div/div/section[1]/div/div/div/div/div/div/div/div/div/div/div/ol/li[1]/a","Content","HTML","341309","65671"
"Hyperlink","https://irishealing.com/simple-behavioral-rehab-coverage/","https://irishealing.com/","","Home","True","","","200","OK","Absolute","//body/footer/div/div/section[2]/div/div[1]/div/div[1]/div/div/div/a","Footer","HTML","341309","65671"
"Hyperlink","https://irishealing.com/simple-behavioral-rehab-coverage/","https://irishealing.com/","","Iris Healing® – Luxury Addiction Treatment","True","","","200","OK","Absolute","//body/div[@class='canvas-mobile']/div/div[@class='top-canvas']/a[@class='logo-mm']","Content","HTML","341309","65671"
"Hyperlink","https://irishealing.com/insurance-coverage/","https://irishealing.com/","","Home","True","","","200","OK","Absolute","//body/div[@class='wrapper-page']/header/div/div/div/div/section[1]/div/div/div/section[1]/div/div[1]/div/div[1]/div/div/div/a","Header","HTML","341309","65671"
"Hyperlink","https://irishealing.com/insurance-coverage/","https://irishealing.com/","","","True","","","200","OK","Absolute","//body/div[@class='wrapper-page']/header/div/div/div/div/section[2]/div/div[1]/div/div/div/a","Header","HTML","341309","65671"
"Hyperlink","https://irishealing.com/insurance-coverage/","https://irishealing.com/","Home","","True","","","200","OK","Absolute","//body/div[@class='wrapper-page']/div/section/div/div/div/div/div/div/div/div/div[1]/section[1]/div/div/div/div/div/div/div/div/div[@class='breadcrumb-main']/div/div/ol/li[1]/a","Content","HTML","341309","65671"
"Hyperlink","https://irishealing.com/insurance-coverage/","https://irishealing.com/","","Home","True","","","200","OK","Absolute","//body/footer/div/div/section[2]/div/div[1]/div/div[1]/div/div/div/a","Footer","HTML","341309","65671"
"Hyperlink","https://irishealing.com/insurance-coverage/","https://irishealing.com/","","Iris Healing® – Luxury Addiction Treatment","True","","","200","OK","Absolute","//body/div[@class='canvas-mobile']/div/div[@class='top-canvas']/a[@class='logo-mm']","Content","HTML","341309","65671"
"Hyperlink","https://irishealing.com/residential-rehab-in-los-angeles/","https://irishealing.com/","","Home","True","","","200","OK","Absolute","//body/div[@class='wrapper-page']/header/div/div/div/div/section[1]/div/div/div/section[1]/div/div[1]/div/div[1]/div/div/div/a","Header","HTML","341309","65671"
"Hyperlink","https://irishealing.com/residential-rehab-in-los-angeles/","https://irishealing.com/","","","True","","","200","OK","Absolute","//body/div[@class='wrapper-page']/header/div/div/div/div/section[2]/div/div[1]/div/div/div/a","Header","HTML","341309","65671"
"Hyperlink","https://irishealing.com/residential-rehab-in-los-angeles/","https://irishealing.com/","Home","","True","","","200","OK","Absolute","//body/div[@class='wrapper-page']/div/section/div/div/div/div/div/div/div/div/div[1]/section[1]/div/div/div/div[1]/div/div/div/div/div/div/div/ol/li[1]/a","Content","HTML","341309","65671"
"Hyperlink","https://irishealing.com/residential-rehab-in-los-angeles/","https://irishealing.com/","","Home","True","","","200","OK","Absolute","//body/footer/div/div/section[2]/div/div[1]/div/div[1]/div/div/div/a","Footer","HTML","341309","65671"
"Hyperlink","https://irishealing.com/residential-rehab-in-los-angeles/","https://irishealing.com/","","Iris Healing® – Luxury Addiction Treatment","True","","","200","OK","Absolute","//body/div[@class='canvas-mobile']/div/div[@class='top-canvas']/a[@class='logo-mm']","Content","HTML","341309","65671"
"Hyperlink","https://irishealing.com/blog/how-to-taper-off-xanax/","https://irishealing.com/","","Home","True","","","200","OK","Absolute","//body/div[@class='wrapper-page']/header/div/div/div/div/section[1]/div/div/div/section[1]/div/div[1]/div/div[1]/div/div/div/a","Header","HTML","341309","65671"
"Hyperlink","https://irishealing.com/blog/how-to-taper-off-xanax/","https://irishealing.com/","","","True","","","200","OK","Absolute","//body/div[@class='wrapper-page']/header/div/div/div/div/section[2]/div/div[1]/div/div/div/a","Header","HTML","341309","65671"
"Hyperlink","https://irishealing.com/blog/how-to-taper-off-xanax/","https://irishealing.com/","Home","","True","","","200","OK","Absolute","//body/div[@class='wrapper-page']/div/section/div/div/div/div/div[1]/div[@class='breadcrumb-main']/div/div/ol/li[1]/a","Content","HTML","341309","65671"
"Hyperlink","https://irishealing.com/blog/how-to-taper-off-xanax/","https://irishealing.com/","","Home","True","","","200","OK","Absolute","//body/footer/div/div/section[2]/div/div[1]/div/div[1]/div/div/div/a","Footer","HTML","341309","65671"
"Hyperlink","https://irishealing.com/blog/how-to-taper-off-xanax/","https://irishealing.com/","","Iris Healing® – Luxury Addiction Treatment","True","","","200","OK","Absolute","//body/div[@class='canvas-mobile']/div/div[@class='top-canvas']/a[@class='logo-mm']","Content","HTML","341309","65671"
"HTTP Redirect","https://irishealing.com/los-angeles-treatment-center/","https://irishealing.com/","","","True","","","200","OK","Absolute","","","HTTP","341309","65671"
"Hyperlink","https://irishealing.com/addiction-treatment/cocaine-rehab-los-angeles/","https://irishealing.com/","","Home","True","","","200","OK","Absolute","//body/div[@class='wrapper-page']/header/div/div/div/div/section[1]/div/div/div/section[1]/div/div[1]/div/div[1]/div/div/div/a","Header","HTML","341309","65671"
"Hyperlink","https://irishealing.com/addiction-treatment/cocaine-rehab-los-angeles/","https://irishealing.com/","","","True","","","200","OK","Absolute","//body/div[@class='wrapper-page']/header/div/div/div/div/section[2]/div/div[1]/div/div/div/a","Header","HTML","341309","65671"
"Hyperlink","https://irishealing.com/addiction-treatment/cocaine-rehab-los-angeles/","https://irishealing.com/","Home","","True","","","200","OK","Absolute","//body/div[@class='wrapper-page']/div/div/section[1]/div/div/div/div/div/div/div/div/div/div/div/ol/li[1]/a","Content","HTML","341309","65671"
"Hyperlink","https://irishealing.com/addiction-treatment/cocaine-rehab-los-angeles/","https://irishealing.com/","","Home","True","","","200","OK","Absolute","//body/footer/div/div/section[2]/div/div[1]/div/div[1]/div/div/div/a","Footer","HTML","341309","65671"
"Hyperlink","https://irishealing.com/addiction-treatment/cocaine-rehab-los-angeles/","https://irishealing.com/","","Iris Healing® – Luxury Addiction Treatment","True","","","200","OK","Absolute","//body/div[@class='canvas-mobile']/div/div[@class='top-canvas']/a[@class='logo-mm']","Content","HTML","341309","65671"
"Hyperlink","https://irishealing.com/mental-health-treatment-los-angeles/bipolar/","https://irishealing.com/","","Home","True","","","200","OK","Absolute","//body/div[@class='wrapper-page']/header/div/div/div/div/section[1]/div/div/div/section[1]/div/div[1]/div/div[1]/div/div/div/a","Header","HTML","341309","65671"
"Hyperlink","https://irishealing.com/mental-health-treatment-los-angeles/bipolar/","https://irishealing.com/","","","True","","","200","OK","Absolute","//body/div[@class='wrapper-page']/header/div/div/div/div/section[2]/div/div[1]/div/div/div/a","Header","HTML","341309","65671"
"Hyperlink","https://irishealing.com/mental-health-treatment-los-angeles/bipolar/","https://irishealing.com/","Home","","True","","","200","OK","Absolute","//body/div[@class='wrapper-page']/div/div/section[1]/div/div/div/div/div/div/div/div/div[@class='breadcrumb-main']/div/div/ol/li[1]/a","Content","HTML","341309","65671"
"Hyperlink","https://irishealing.com/mental-health-treatment-los-angeles/bipolar/","https://irishealing.com/","","Home","True","","","200","OK","Absolute","//body/footer/div/div/section[2]/div/div[1]/div/div[1]/div/div/div/a","Footer","HTML","341309","65671"
"Hyperlink","https://irishealing.com/mental-health-treatment-los-angeles/bipolar/","https://irishealing.com/","","Iris Healing® – Luxury Addiction Treatment","True","","","200","OK","Absolute","//body/div[@class='canvas-mobile']/div/div[@class='top-canvas']/a[@class='logo-mm']","Content","HTML","341309","65671"
"Hyperlink","https://irishealing.com/html-sitemap/","https://irishealing.com/","","Home","True","","","200","OK","Absolute","//body/div[@class='wrapper-page']/header/div/div/div/div/section[1]/div/div/div/section[1]/div/div[1]/div/div[1]/div/div/div/a","Header","HTML","341309","65671"
"Hyperlink","https://irishealing.com/html-sitemap/","https://irishealing.com/","","","True","","","200","OK","Absolute","//body/div[@class='wrapper-page']/header/div/div/div/div/section[2]/div/div[1]/div/div/div/a","Header","HTML","341309","65671"
"Hyperlink","https://irishealing.com/html-sitemap/","https://irishealing.com/","Home","","True","","","200","OK","Absolute","//body/div[@class='wrapper-page']/div/section/div/div/div/div/div/div/div/div/div[1]/section[1]/div/div/div/div/div/div/div/div/div/div/div/ol/li[1]/a","Content","HTML","341309","65671"
"Hyperlink","https://irishealing.com/html-sitemap/","https://irishealing.com/","Home","","True","","","200","OK","Absolute","//body/div[@class='wrapper-page']/div/section/div/div/div/div/div/div/div/div/div[1]/div/div/div/div/div/div[2]/ul/li[@class='rank-math-html-sitemap__item'][50]/a","Content","HTML","341309","65671"
"Hyperlink","https://irishealing.com/html-sitemap/","https://irishealing.com/","","Home","True","","","200","OK","Absolute","//body/footer/div/div/section[2]/div/div[1]/div/div[1]/div/div/div/a","Footer","HTML","341309","65671"
"Hyperlink","https://irishealing.com/html-sitemap/","https://irishealing.com/","","Iris Healing® – Luxury Addiction Treatment","True","","","200","OK","Absolute","//body/div[@class='canvas-mobile']/div/div[@class='top-canvas']/a[@class='logo-mm']","Content","HTML","341309","65671"
"Hyperlink","https://irishealing.com/detox-center-in-woodland-hills/","https://irishealing.com/","","Home","True","","","200","OK","Absolute","//body/div[@class='wrapper-page']/header/div/div/div/div/section[1]/div/div/div/section[1]/div/div[1]/div/div[1]/div/div/div/a","Header","HTML","341309","65671"
"Hyperlink","https://irishealing.com/detox-center-in-woodland-hills/","https://irishealing.com/","","","True","","","200","OK","Absolute","//body/div[@class='wrapper-page']/header/div/div/div/div/section[2]/div/div[1]/div/div/div/a","Header","HTML","341309","65671"
"Hyperlink","https://irishealing.com/detox-center-in-woodland-hills/","https://irishealing.com/","Home","","True","","","200","OK","Absolute","//body/div[@class='wrapper-page']/div/section/div/div/div/div/div/div/div/div/div[1]/section[1]/div/div/div/div[1]/div/div/div/div/div/div/div/ol/li[1]/a","Content","HTML","341309","65671"
"Hyperlink","https://irishealing.com/detox-center-in-woodland-hills/","https://irishealing.com/","","Home","True","","","200","OK","Absolute","//body/footer/div/div/section[2]/div/div[1]/div/div[1]/div/div/div/a","Footer","HTML","341309","65671"
"Hyperlink","https://irishealing.com/detox-center-in-woodland-hills/","https://irishealing.com/","","Iris Healing® – Luxury Addiction Treatment","True","","","200","OK","Absolute","//body/div[@class='canvas-mobile']/div/div[@class='top-canvas']/a[@class='logo-mm']","Content","HTML","341309","65671"
"Hyperlink","https://irishealing.com/a-day-at-iris/","https://irishealing.com/","","Home","True","","","200","OK","Absolute","//body/div[@class='wrapper-page']/header/div/div/div/div/section[1]/div/div/div/section[1]/div/div[1]/div/div[1]/div/div/div/a","Header","HTML","341309","65671"
"Hyperlink","https://irishealing.com/a-day-at-iris/","https://irishealing.com/","","","True","","","200","OK","Absolute","//body/div[@class='wrapper-page']/header/div/div/div/div/section[2]/div/div[1]/div/div/div/a","Header","HTML","341309","65671"
"Hyperlink","https://irishealing.com/a-day-at-iris/","https://irishealing.com/","Home","","True","","","200","OK","Absolute","//body/div[@class='wrapper-page']/div/section/div/div/div/div/div/div/div/div/div[1]/section[1]/div/div/div/div/div/div/div/div/div/div/div/ol/li[1]/a","Content","HTML","341309","65671"
"Hyperlink","https://irishealing.com/a-day-at-iris/","https://irishealing.com/","","Home","True","","","200","OK","Absolute","//body/footer/div/div/section[2]/div/div[1]/div/div[1]/div/div/div/a","Footer","HTML","341309","65671"
"Hyperlink","https://irishealing.com/a-day-at-iris/","https://irishealing.com/","","Iris Healing® – Luxury Addiction Treatment","True","","","200","OK","Absolute","//body/div[@class='canvas-mobile']/div/div[@class='top-canvas']/a[@class='logo-mm']","Content","HTML","341309","65671"
"Hyperlink","https://irishealing.com/detox-center-in-los-angeles/","https://irishealing.com/","","Home","True","","","200","OK","Absolute","//body/div[@class='wrapper-page']/header/div/div/div/div/section[1]/div/div/div/section[1]/div/div[1]/div/div[1]/div/div/div/a","Header","HTML","341309","65671"
"Hyperlink","https://irishealing.com/detox-center-in-los-angeles/","https://irishealing.com/","","","True","","","200","OK","Absolute","//body/div[@class='wrapper-page']/header/div/div/div/div/section[2]/div/div[1]/div/div/div/a","Header","HTML","341309","65671"
"Hyperlink","https://irishealing.com/detox-center-in-los-angeles/","https://irishealing.com/","Home","","True","","","200","OK","Absolute","//body/div[@class='wrapper-page']/div/section/div/div/div/div/div/div/div/div/div[1]/section[1]/div/div/div/div[1]/div/div/div/div/div/div/div/ol/li[1]/a","Content","HTML","341309","65671"
"Hyperlink","https://irishealing.com/detox-center-in-los-angeles/","https://irishealing.com/","","Home","True","","","200","OK","Absolute","//body/footer/div/div/section[2]/div/div[1]/div/div[1]/div/div/div/a","Footer","HTML","341309","65671"
"Hyperlink","https://irishealing.com/detox-center-in-los-angeles/","https://irishealing.com/","","Iris Healing® – Luxury Addiction Treatment","True","","","200","OK","Absolute","//body/div[@class='canvas-mobile']/div/div[@class='top-canvas']/a[@class='logo-mm']","Content","HTML","341309","65671"
"Hyperlink","https://irishealing.com/videos/","https://irishealing.com/","","Home","True","","","200","OK","Absolute","//body/div[@class='wrapper-page']/header/div/div/div/div/section[1]/div/div/div/section[1]/div/div[1]/div/div[1]/div/div/div/a","Header","HTML","341309","65671"
"Hyperlink","https://irishealing.com/videos/","https://irishealing.com/","","","True","","","200","OK","Absolute","//body/div[@class='wrapper-page']/header/div/div/div/div/section[2]/div/div[1]/div/div/div/a","Header","HTML","341309","65671"
"Hyperlink","https://irishealing.com/videos/","https://irishealing.com/","Home","","True","","","200","OK","Absolute","//body/div[@class='wrapper-page']/div/section/div/div/div/div/div/div/div/div/div[1]/section[1]/div/div/div/div/div/div/div/div/div[@class='breadcrumb-main']/div/div/ol/li[1]/a","Content","HTML","341309","65671"
"Hyperlink","https://irishealing.com/videos/","https://irishealing.com/","","Home","True","","","200","OK","Absolute","//body/footer/div/div/section[2]/div/div[1]/div/div[1]/div/div/div/a","Footer","HTML","341309","65671"
"Hyperlink","https://irishealing.com/videos/","https://irishealing.com/","","Iris Healing® – Luxury Addiction Treatment","True","","","200","OK","Absolute","//body/div[@class='canvas-mobile']/div/div[@class='top-canvas']/a[@class='logo-mm']","Content","HTML","341309","65671"
"Hyperlink","https://irishealing.com/about/","https://irishealing.com/","","Home","True","","","200","OK","Absolute","//body/div[@class='wrapper-page']/header/div/div/div/div/section[1]/div/div/div/section[1]/div/div[1]/div/div[1]/div/div/div/a","Header","HTML","341309","65671"
"Hyperlink","https://irishealing.com/about/","https://irishealing.com/","","","True","","","200","OK","Absolute","//body/div[@class='wrapper-page']/header/div/div/div/div/section[2]/div/div[1]/div/div/div/a","Header","HTML","341309","65671"
"Hyperlink","https://irishealing.com/about/","https://irishealing.com/","Home","","True","","","200","OK","Absolute","//body/div[@class='wrapper-page']/div/section/div/div/div/div/div/div/div/div/div[1]/section[1]/div/div/div/div/div/div/div/div/div/div/div/ol/li[1]/a","Content","HTML","341309","65671"
"Hyperlink","https://irishealing.com/about/","https://irishealing.com/","","Home","True","","","200","OK","Absolute","//body/footer/div/div/section[2]/div/div[1]/div/div[1]/div/div/div/a","Footer","HTML","341309","65671"
"Hyperlink","https://irishealing.com/about/","https://irishealing.com/","","Iris Healing® – Luxury Addiction Treatment","True","","","200","OK","Absolute","//body/div[@class='canvas-mobile']/div/div[@class='top-canvas']/a[@class='logo-mm']","Content","HTML","341309","65671"
"Hyperlink","https://irishealing.com/iris-healing-team/","https://irishealing.com/","","Home","True","","","200","OK","Absolute","//body/div[@class='wrapper-page']/header/div/div/div/div/section[1]/div/div/div/section[1]/div/div[1]/div/div[1]/div/div/div/a","Header","HTML","341309","65671"
"Hyperlink","https://irishealing.com/iris-healing-team/","https://irishealing.com/","","","True","","","200","OK","Absolute","//body/div[@class='wrapper-page']/header/div/div/div/div/section[2]/div/div[1]/div/div/div/a","Header","HTML","341309","65671"
"Hyperlink","https://irishealing.com/iris-healing-team/","https://irishealing.com/","Home","","True","","","200","OK","Absolute","//body/div[@class='wrapper-page']/div/section/div/div/div/div/div/div/div/div/div[1]/section[1]/div/div/div/div/div/div/div/div/div[@class='breadcrumb-main']/div/div/ol/li[1]/a","Content","HTML","341309","65671"
"Hyperlink","https://irishealing.com/iris-healing-team/","https://irishealing.com/","","Home","True","","","200","OK","Absolute","//body/footer/div/div/section[2]/div/div[1]/div/div[1]/div/div/div/a","Footer","HTML","341309","65671"
"Hyperlink","https://irishealing.com/iris-healing-team/","https://irishealing.com/","","Iris Healing® – Luxury Addiction Treatment","True","","","200","OK","Absolute","//body/div[@class='canvas-mobile']/div/div[@class='top-canvas']/a[@class='logo-mm']","Content","HTML","341309","65671"
"Hyperlink","https://irishealing.com/detox-in-los-angeles/","https://irishealing.com/","","Home","True","","","200","OK","Absolute","//body/div[@class='wrapper-page']/header/div/div/div/div/section[1]/div/div/div/section[1]/div/div[1]/div/div[1]/div/div/div/a","Header","HTML","341309","65671"
"Hyperlink","https://irishealing.com/detox-in-los-angeles/","https://irishealing.com/","","","True","","","200","OK","Absolute","//body/div[@class='wrapper-page']/header/div/div/div/div/section[2]/div/div[1]/div/div/div/a","Header","HTML","341309","65671"
"Hyperlink","https://irishealing.com/detox-in-los-angeles/","https://irishealing.com/","Home","","True","","","200","OK","Absolute","//body/div[@class='wrapper-page']/div/div/section[1]/div/div/div/div/div/div/div/div/div/div/div/ol/li[1]/a","Content","HTML","341309","65671"
"Hyperlink","https://irishealing.com/detox-in-los-angeles/","https://irishealing.com/","","Home","True","","","200","OK","Absolute","//body/footer/div/div/section[2]/div/div[1]/div/div[1]/div/div/div/a","Footer","HTML","341309","65671"
"Hyperlink","https://irishealing.com/detox-in-los-angeles/","https://irishealing.com/","","Iris Healing® – Luxury Addiction Treatment","True","","","200","OK","Absolute","//body/div[@class='canvas-mobile']/div/div[@class='top-canvas']/a[@class='logo-mm']","Content","HTML","341309","65671"
"Hyperlink","https://irishealing.com/addiction-treatment/opioid-rehab-los-angeles/","https://irishealing.com/","","Home","True","","","200","OK","Absolute","//body/div[@class='wrapper-page']/header/div/div/div/div/section[1]/div/div/div/section[1]/div/div[1]/div/div[1]/div/div/div/a","Header","HTML","341309","65671"
"Hyperlink","https://irishealing.com/addiction-treatment/opioid-rehab-los-angeles/","https://irishealing.com/","","","True","","","200","OK","Absolute","//body/div[@class='wrapper-page']/header/div/div/div/div/section[2]/div/div[1]/div/div/div/a","Header","HTML","341309","65671"
"Hyperlink","https://irishealing.com/addiction-treatment/opioid-rehab-los-angeles/","https://irishealing.com/","Home","","True","","","200","OK","Absolute","//body/div[@class='wrapper-page']/div/section/div/div/div/div/div[1]/div[@class='breadcrumb-main']/div/div/ol/li[1]/a","Content","HTML","341309","65671"
"Hyperlink","https://irishealing.com/addiction-treatment/opioid-rehab-los-angeles/","https://irishealing.com/","","Home","True","","","200","OK","Absolute","//body/footer/div/div/section[2]/div/div[1]/div/div[1]/div/div/div/a","Footer","HTML","341309","65671"
"Hyperlink","https://irishealing.com/addiction-treatment/opioid-rehab-los-angeles/","https://irishealing.com/","","Iris Healing® – Luxury Addiction Treatment","True","","","200","OK","Absolute","//body/div[@class='canvas-mobile']/div/div[@class='top-canvas']/a[@class='logo-mm']","Content","HTML","341309","65671"
"Hyperlink","https://irishealing.com/therapy/hypnotherapy/","https://irishealing.com/","","Home","True","","","200","OK","Absolute","//body/div[@class='wrapper-page']/header/div/div/div/div/section[1]/div/div/div/section[1]/div/div[1]/div/div[1]/div/div/div/a","Header","HTML","341309","65671"
"Hyperlink","https://irishealing.com/therapy/hypnotherapy/","https://irishealing.com/","","","True","","","200","OK","Absolute","//body/div[@class='wrapper-page']/header/div/div/div/div/section[2]/div/div[1]/div/div/div/a","Header","HTML","341309","65671"
"Hyperlink","https://irishealing.com/therapy/hypnotherapy/","https://irishealing.com/","Home","","True","","","200","OK","Absolute","//body/div[@class='wrapper-page']/div/section/div/div/div/div/div/div/div/div/div[1]/section[1]/div/div/div/div/div/div/div/div/div[@class='breadcrumb-main']/div/div/ol/li[1]/a","Content","HTML","341309","65671"
"Hyperlink","https://irishealing.com/therapy/hypnotherapy/","https://irishealing.com/","","Home","True","","","200","OK","Absolute","//body/footer/div/div/section[2]/div/div[1]/div/div[1]/div/div/div/a","Footer","HTML","341309","65671"
"Hyperlink","https://irishealing.com/therapy/hypnotherapy/","https://irishealing.com/","","Iris Healing® – Luxury Addiction Treatment","True","","","200","OK","Absolute","//body/div[@class='canvas-mobile']/div/div[@class='top-canvas']/a[@class='logo-mm']","Content","HTML","341309","65671"
"Hyperlink","https://irishealing.com/blog/category/alcohol-addiction/","https://irishealing.com/","","Home","True","","","200","OK","Absolute","//body/div[@class='wrapper-page']/header/div/div/div/div/section[1]/div/div/div/section[1]/div/div[1]/div/div[1]/div/div/div/a","Header","HTML","341309","65671"
"Hyperlink","https://irishealing.com/blog/category/alcohol-addiction/","https://irishealing.com/","","","True","","","200","OK","Absolute","//body/div[@class='wrapper-page']/header/div/div/div/div/section[2]/div/div[1]/div/div/div/a","Header","HTML","341309","65671"
"Hyperlink","https://irishealing.com/blog/category/alcohol-addiction/","https://irishealing.com/","Home","","True","","","200","OK","Absolute","//body/div[@class='wrapper-page']/div/section/div/div/div/div/section[1]/div/div/div/div/div/div/div/div/div/div/div/ol/li[1]/a","Content","HTML","341309","65671"
"Hyperlink","https://irishealing.com/blog/category/alcohol-addiction/","https://irishealing.com/","","Home","True","","","200","OK","Absolute","//body/footer/div/div/section[2]/div/div[1]/div/div[1]/div/div/div/a","Footer","HTML","341309","65671"
"Hyperlink","https://irishealing.com/blog/category/alcohol-addiction/","https://irishealing.com/","","Iris Healing® – Luxury Addiction Treatment","True","","","200","OK","Absolute","//body/div[@class='canvas-mobile']/div/div[@class='top-canvas']/a[@class='logo-mm']","Content","HTML","341309","65671"
"Hyperlink","https://irishealing.com/addiction-treatment/alcohol-rehab-los-angeles/","https://irishealing.com/","","Home","True","","","200","OK","Absolute","//body/div[@class='wrapper-page']/header/div/div/div/div/section[1]/div/div/div/section[1]/div/div[1]/div/div[1]/div/div/div/a","Header","HTML","341309","65671"
"Hyperlink","https://irishealing.com/addiction-treatment/alcohol-rehab-los-angeles/","https://irishealing.com/","","","True","","","200","OK","Absolute","//body/div[@class='wrapper-page']/header/div/div/div/div/section[2]/div/div[1]/div/div/div/a","Header","HTML","341309","65671"
"Hyperlink","https://irishealing.com/addiction-treatment/alcohol-rehab-los-angeles/","https://irishealing.com/","Home","","True","","","200","OK","Absolute","//body/div[@class='wrapper-page']/div/div/section[1]/div/div/div/div/div/div/div/div/div/div/div/ol/li[1]/a","Content","HTML","341309","65671"
"Hyperlink","https://irishealing.com/addiction-treatment/alcohol-rehab-los-angeles/","https://irishealing.com/","","Home","True","","","200","OK","Absolute","//body/footer/div/div/section[2]/div/div[1]/div/div[1]/div/div/div/a","Footer","HTML","341309","65671"
"Hyperlink","https://irishealing.com/addiction-treatment/alcohol-rehab-los-angeles/","https://irishealing.com/","","Iris Healing® – Luxury Addiction Treatment","True","","","200","OK","Absolute","//body/div[@class='canvas-mobile']/div/div[@class='top-canvas']/a[@class='logo-mm']","Content","HTML","341309","65671"
"Hyperlink","https://irishealing.com/therapy/yoga-for-addiction/","https://irishealing.com/","","Home","True","","","200","OK","Absolute","//body/div[@class='wrapper-page']/header/div/div/div/div/section[1]/div/div/div/section[1]/div/div[1]/div/div[1]/div/div/div/a","Header","HTML","341309","65671"
"Hyperlink","https://irishealing.com/therapy/yoga-for-addiction/","https://irishealing.com/","","","True","","","200","OK","Absolute","//body/div[@class='wrapper-page']/header/div/div/div/div/section[2]/div/div[1]/div/div/div/a","Header","HTML","341309","65671"
"Hyperlink","https://irishealing.com/therapy/yoga-for-addiction/","https://irishealing.com/","Home","","True","","","200","OK","Absolute","//body/div[@class='wrapper-page']/div/section/div/div/div/div/div/div/div/div/div[1]/section[1]/div/div/div/div/div/div/div/div/div/div/div/ol/li[1]/a","Content","HTML","341309","65671"
"Hyperlink","https://irishealing.com/therapy/yoga-for-addiction/","https://irishealing.com/","","Home","True","","","200","OK","Absolute","//body/footer/div/div/section[2]/div/div[1]/div/div[1]/div/div/div/a","Footer","HTML","341309","65671"
"Hyperlink","https://irishealing.com/therapy/yoga-for-addiction/","https://irishealing.com/","","Iris Healing® – Luxury Addiction Treatment","True","","","200","OK","Absolute","//body/div[@class='canvas-mobile']/div/div[@class='top-canvas']/a[@class='logo-mm']","Content","HTML","341309","65671"
"Hyperlink","https://irishealing.com/addiction-treatment/","https://irishealing.com/","","Home","True","","","200","OK","Absolute","//body/div[@class='wrapper-page']/header/div/div/div/div/section[1]/div/div/div/section[1]/div/div[1]/div/div[1]/div/div/div/a","Header","HTML","341309","65671"
"Hyperlink","https://irishealing.com/addiction-treatment/","https://irishealing.com/","","","True","","","200","OK","Absolute","//body/div[@class='wrapper-page']/header/div/div/div/div/section[2]/div/div[1]/div/div/div/a","Header","HTML","341309","65671"
"Hyperlink","https://irishealing.com/addiction-treatment/","https://irishealing.com/","Home","","True","","","200","OK","Absolute","//body/div[@class='wrapper-page']/div/section/div/div/div/div/div/div/div/div/div[1]/section[1]/div/div/div/div/div/div/div/div/div/div/div/ol/li[1]/a","Content","HTML","341309","65671"
"Hyperlink","https://irishealing.com/addiction-treatment/","https://irishealing.com/","","Home","True","","","200","OK","Absolute","//body/footer/div/div/section[2]/div/div[1]/div/div[1]/div/div/div/a","Footer","HTML","341309","65671"
"Hyperlink","https://irishealing.com/addiction-treatment/","https://irishealing.com/","","Iris Healing® – Luxury Addiction Treatment","True","","","200","OK","Absolute","//body/div[@class='canvas-mobile']/div/div[@class='top-canvas']/a[@class='logo-mm']","Content","HTML","341309","65671"
"Hyperlink","https://irishealing.com/blog/how-long-does-alcohol-detox-take/","https://irishealing.com/","","Home","True","","","200","OK","Absolute","//body/div[@class='wrapper-page']/header/div/div/div/div/section[1]/div/div/div/section[1]/div/div[1]/div/div[1]/div/div/div/a","Header","HTML","341309","65671"
"Hyperlink","https://irishealing.com/blog/how-long-does-alcohol-detox-take/","https://irishealing.com/","","","True","","","200","OK","Absolute","//body/div[@class='wrapper-page']/header/div/div/div/div/section[2]/div/div[1]/div/div/div/a","Header","HTML","341309","65671"
"Hyperlink","https://irishealing.com/blog/how-long-does-alcohol-detox-take/","https://irishealing.com/","Home","","True","","","200","OK","Absolute","//body/div[@class='wrapper-page']/div/section/div/div/div/div/div[1]/div[@class='breadcrumb-main']/div/div/ol/li[1]/a","Content","HTML","341309","65671"
"Hyperlink","https://irishealing.com/blog/how-long-does-alcohol-detox-take/","https://irishealing.com/","","Home","True","","","200","OK","Absolute","//body/footer/div/div/section[2]/div/div[1]/div/div[1]/div/div/div/a","Footer","HTML","341309","65671"
"Hyperlink","https://irishealing.com/blog/how-long-does-alcohol-detox-take/","https://irishealing.com/","","Iris Healing® – Luxury Addiction Treatment","True","","","200","OK","Absolute","//body/div[@class='canvas-mobile']/div/div[@class='top-canvas']/a[@class='logo-mm']","Content","HTML","341309","65671"
"Hyperlink","https://irishealing.com/mental-health-treatment-los-angeles/trauma-ptsd/","https://irishealing.com/","","Home","True","","","200","OK","Absolute","//body/div[@class='wrapper-page']/header/div/div/div/div/section[1]/div/div/div/section[1]/div/div[1]/div/div[1]/div/div/div/a","Header","HTML","341309","65671"
"Hyperlink","https://irishealing.com/mental-health-treatment-los-angeles/trauma-ptsd/","https://irishealing.com/","","","True","","","200","OK","Absolute","//body/div[@class='wrapper-page']/header/div/div/div/div/section[2]/div/div[1]/div/div/div/a","Header","HTML","341309","65671"
"Hyperlink","https://irishealing.com/mental-health-treatment-los-angeles/trauma-ptsd/","https://irishealing.com/","Home","","True","","","200","OK","Absolute","//body/div[@class='wrapper-page']/div/section/div/div/div/div/div/div/div/div/div[1]/section[1]/div/div/div/div/div/div/div/div/div[@class='breadcrumb-main']/div/div/ol/li[1]/a","Content","HTML","341309","65671"
"Hyperlink","https://irishealing.com/mental-health-treatment-los-angeles/trauma-ptsd/","https://irishealing.com/","","Home","True","","","200","OK","Absolute","//body/footer/div/div/section[2]/div/div[1]/div/div[1]/div/div/div/a","Footer","HTML","341309","65671"
"Hyperlink","https://irishealing.com/mental-health-treatment-los-angeles/trauma-ptsd/","https://irishealing.com/","","Iris Healing® – Luxury Addiction Treatment","True","","","200","OK","Absolute","//body/div[@class='canvas-mobile']/div/div[@class='top-canvas']/a[@class='logo-mm']","Content","HTML","341309","65671"
"Hyperlink","https://irishealing.com/blog/category/blog/","https://irishealing.com/","","Home","True","","","200","OK","Absolute","//body/div[@class='wrapper-page']/header/div/div/div/div/section[1]/div/div/div/section[1]/div/div[1]/div/div[1]/div/div/div/a","Header","HTML","341309","65671"
"Hyperlink","https://irishealing.com/blog/category/blog/","https://irishealing.com/","","","True","","","200","OK","Absolute","//body/div[@class='wrapper-page']/header/div/div/div/div/section[2]/div/div[1]/div/div/div/a","Header","HTML","341309","65671"
"Hyperlink","https://irishealing.com/blog/category/blog/","https://irishealing.com/","Home","","True","","","200","OK","Absolute","//body/div[@class='wrapper-page']/div/section/div/div/div/div/section[1]/div/div/div/div/div/div/div/div/div/div/div/ol/li[1]/a","Content","HTML","341309","65671"
"Hyperlink","https://irishealing.com/blog/category/blog/","https://irishealing.com/","","Home","True","","","200","OK","Absolute","//body/footer/div/div/section[2]/div/div[1]/div/div[1]/div/div/div/a","Footer","HTML","341309","65671"
"Hyperlink","https://irishealing.com/blog/category/blog/","https://irishealing.com/","","Iris Healing® – Luxury Addiction Treatment","True","","","200","OK","Absolute","//body/div[@class='canvas-mobile']/div/div[@class='top-canvas']/a[@class='logo-mm']","Content","HTML","341309","65671"
"Hyperlink","https://irishealing.com/burnout-addiction/","https://irishealing.com/","","Home","True","","","200","OK","Absolute","//body/div[@class='wrapper-page']/header/div/div/div/div/section[1]/div/div/div/section[1]/div/div[1]/div/div[1]/div/div/div/a","Header","HTML","341309","65671"
"Hyperlink","https://irishealing.com/burnout-addiction/","https://irishealing.com/","","","True","","","200","OK","Absolute","//body/div[@class='wrapper-page']/header/div/div/div/div/section[2]/div/div[1]/div/div/div/a","Header","HTML","341309","65671"
"Hyperlink","https://irishealing.com/burnout-addiction/","https://irishealing.com/","Home","","True","","","200","OK","Absolute","//body/div[@class='wrapper-page']/div/div/section[1]/div/div/div/div/div/div/div/div/div/div/div/ol/li[1]/a","Content","HTML","341309","65671"
"Hyperlink","https://irishealing.com/burnout-addiction/","https://irishealing.com/","","Home","True","","","200","OK","Absolute","//body/footer/div/div/section[2]/div/div[1]/div/div[1]/div/div/div/a","Footer","HTML","341309","65671"
"Hyperlink","https://irishealing.com/burnout-addiction/","https://irishealing.com/","","Iris Healing® – Luxury Addiction Treatment","True","","","200","OK","Absolute","//body/div[@class='canvas-mobile']/div/div[@class='top-canvas']/a[@class='logo-mm']","Content","HTML","341309","65671"
"Hyperlink","https://irishealing.com/stages-of-alcoholism/","https://irishealing.com/","","Home","True","","","200","OK","Absolute","//body/div[@class='wrapper-page']/header/div/div/div/div/section[1]/div/div/div/section[1]/div/div[1]/div/div[1]/div/div/div/a","Header","HTML","341309","65671"
"Hyperlink","https://irishealing.com/stages-of-alcoholism/","https://irishealing.com/","","","True","","","200","OK","Absolute","//body/div[@class='wrapper-page']/header/div/div/div/div/section[2]/div/div[1]/div/div/div/a","Header","HTML","341309","65671"
"Hyperlink","https://irishealing.com/stages-of-alcoholism/","https://irishealing.com/","Home","","True","","","200","OK","Absolute","//body/div[@class='wrapper-page']/div/div/section[1]/div/div/div/div/div/div/div/div/div[@class='breadcrumb-main']/div/div/ol/li[1]/a","Content","HTML","341309","65671"
"Hyperlink","https://irishealing.com/stages-of-alcoholism/","https://irishealing.com/","","Home","True","","","200","OK","Absolute","//body/footer/div/div/section[2]/div/div[1]/div/div[1]/div/div/div/a","Footer","HTML","341309","65671"
"Hyperlink","https://irishealing.com/stages-of-alcoholism/","https://irishealing.com/","","Iris Healing® – Luxury Addiction Treatment","True","","","200","OK","Absolute","//body/div[@class='canvas-mobile']/div/div[@class='top-canvas']/a[@class='logo-mm']","Content","HTML","341309","65671"
"Hyperlink","https://irishealing.com/addiction-in-the-film-industry/","https://irishealing.com/","","Home","True","","","200","OK","Absolute","//body/div[@class='wrapper-page']/header/div/div/div/div/section[1]/div/div/div/section[1]/div/div[1]/div/div[1]/div/div/div/a","Header","HTML","341309","65671"
"Hyperlink","https://irishealing.com/addiction-in-the-film-industry/","https://irishealing.com/","","","True","","","200","OK","Absolute","//body/div[@class='wrapper-page']/header/div/div/div/div/section[2]/div/div[1]/div/div/div/a","Header","HTML","341309","65671"
"Hyperlink","https://irishealing.com/addiction-in-the-film-industry/","https://irishealing.com/","Home","","True","","","200","OK","Absolute","//body/div[@class='wrapper-page']/div/div/section[1]/div/div/div/div/div/div/div/div/div[@class='breadcrumb-main']/div/div/ol/li[1]/a","Content","HTML","341309","65671"
"Hyperlink","https://irishealing.com/addiction-in-the-film-industry/","https://irishealing.com/","","Home","True","","","200","OK","Absolute","//body/footer/div/div/section[2]/div/div[1]/div/div[1]/div/div/div/a","Footer","HTML","341309","65671"
"Hyperlink","https://irishealing.com/addiction-in-the-film-industry/","https://irishealing.com/","","Iris Healing® – Luxury Addiction Treatment","True","","","200","OK","Absolute","//body/div[@class='canvas-mobile']/div/div[@class='top-canvas']/a[@class='logo-mm']","Content","HTML","341309","65671"
"Hyperlink","https://irishealing.com/tms/","https://irishealing.com/","","Home","True","","","200","OK","Absolute","//body/div[@class='wrapper-page']/header/div/div/div/div/section[1]/div/div/div/section[1]/div/div[1]/div/div[1]/div/div/div/a","Header","HTML","341309","65671"
"Hyperlink","https://irishealing.com/tms/","https://irishealing.com/","","","True","","","200","OK","Absolute","//body/div[@class='wrapper-page']/header/div/div/div/div/section[2]/div/div[1]/div/div/div/a","Header","HTML","341309","65671"
"Hyperlink","https://irishealing.com/tms/","https://irishealing.com/","Home","","True","","","200","OK","Absolute","//body/div[@class='wrapper-page']/div/div/section[1]/div/div/div/div/div/div/div/div/div[@class='breadcrumb-main']/div/div/ol/li[1]/a","Content","HTML","341309","65671"
"Hyperlink","https://irishealing.com/tms/","https://irishealing.com/","","Home","True","","","200","OK","Absolute","//body/footer/div/div/section[2]/div/div[1]/div/div[1]/div/div/div/a","Footer","HTML","341309","65671"
"Hyperlink","https://irishealing.com/tms/","https://irishealing.com/","","Iris Healing® – Luxury Addiction Treatment","True","","","200","OK","Absolute","//body/div[@class='canvas-mobile']/div/div[@class='top-canvas']/a[@class='logo-mm']","Content","HTML","341309","65671"
"Hyperlink","https://irishealing.com/anxiety/","https://irishealing.com/","","Home","True","","","200","OK","Absolute","//body/div[@class='wrapper-page']/header/div/div/div/div/section[1]/div/div/div/section[1]/div/div[1]/div/div[1]/div/div/div/a","Header","HTML","341309","65671"
"Hyperlink","https://irishealing.com/anxiety/","https://irishealing.com/","","","True","","","200","OK","Absolute","//body/div[@class='wrapper-page']/header/div/div/div/div/section[2]/div/div[1]/div/div/div/a","Header","HTML","341309","65671"
"Hyperlink","https://irishealing.com/anxiety/","https://irishealing.com/","Home","","True","","","200","OK","Absolute","//body/div[@class='wrapper-page']/div/div/section[1]/div/div/div/div/div/div/div/div/div[@class='breadcrumb-main']/div/div/ol/li[1]/a","Content","HTML","341309","65671"
"Hyperlink","https://irishealing.com/anxiety/","https://irishealing.com/","","Home","True","","","200","OK","Absolute","//body/footer/div/div/section[2]/div/div[1]/div/div[1]/div/div/div/a","Footer","HTML","341309","65671"
"Hyperlink","https://irishealing.com/anxiety/","https://irishealing.com/","","Iris Healing® – Luxury Addiction Treatment","True","","","200","OK","Absolute","//body/div[@class='canvas-mobile']/div/div[@class='top-canvas']/a[@class='logo-mm']","Content","HTML","341309","65671"
"Hyperlink","https://irishealing.com/privacy-policy/","https://irishealing.com/","","Home","True","","","200","OK","Absolute","//body/div[@class='wrapper-page']/header/div/div/div/div/section[1]/div/div/div/section[1]/div/div[1]/div/div[1]/div/div/div/a","Header","HTML","341309","65671"
"Hyperlink","https://irishealing.com/privacy-policy/","https://irishealing.com/","","","True","","","200","OK","Absolute","//body/div[@class='wrapper-page']/header/div/div/div/div/section[2]/div/div[1]/div/div/div/a","Header","HTML","341309","65671"
"Hyperlink","https://irishealing.com/privacy-policy/","https://irishealing.com/","Home","","True","","","200","OK","Absolute","//body/div[@class='wrapper-page']/div/section/div/div/div/div/div/div/div/div/div[1]/section[1]/div/div/div/div/div/div/div/div/div[@class='breadcrumb-main']/div/div/ol/li[1]/a","Content","HTML","341309","65671"
"Hyperlink","https://irishealing.com/privacy-policy/","https://irishealing.com/","","Home","True","","","200","OK","Absolute","//body/footer/div/div/section[2]/div/div[1]/div/div[1]/div/div/div/a","Footer","HTML","341309","65671"
"Hyperlink","https://irishealing.com/privacy-policy/","https://irishealing.com/","","Iris Healing® – Luxury Addiction Treatment","True","","","200","OK","Absolute","//body/div[@class='canvas-mobile']/div/div[@class='top-canvas']/a[@class='logo-mm']","Content","HTML","341309","65671"
"HTTP Redirect","https://irishealing.com/sound-bath-meditation/","https://irishealing.com/","","","True","","","200","OK","Absolute","","","HTTP","341309","65671"
"Hyperlink","https://irishealing.com/psychosis-symptoms/","https://irishealing.com/","","Home","True","","","200","OK","Absolute","//body/div[@class='wrapper-page']/header/div/div/div/div/section[1]/div/div/div/section[1]/div/div[1]/div/div[1]/div/div/div/a","Header","HTML","341309","65671"
"Hyperlink","https://irishealing.com/psychosis-symptoms/","https://irishealing.com/","","","True","","","200","OK","Absolute","//body/div[@class='wrapper-page']/header/div/div/div/div/section[2]/div/div[1]/div/div/div/a","Header","HTML","341309","65671"
"Hyperlink","https://irishealing.com/psychosis-symptoms/","https://irishealing.com/","Home","","True","","","200","OK","Absolute","//body/div[@class='wrapper-page']/div[@id='page-content']/div/section[1]/div/div/div/div/div/div/div/div/div[@class='breadcrumb-main']/div/div/ol/li[1]/a","Content","HTML","341309","65671"
"Hyperlink","https://irishealing.com/psychosis-symptoms/","https://irishealing.com/","","Home","True","","","200","OK","Absolute","//body/footer/div/div/section[2]/div/div[1]/div/div[1]/div/div/div/a","Footer","HTML","341309","65671"
"Hyperlink","https://irishealing.com/psychosis-symptoms/","https://irishealing.com/","","Iris Healing® – Luxury Addiction Treatment","True","","","200","OK","Absolute","//body/div[@class='canvas-mobile']/div/div[@class='top-canvas']/a[@class='logo-mm']","Content","HTML","341309","65671"
"HTTP Redirect","https://irishealing.com/alcohol-detox-los-angeles/","https://irishealing.com/","","","True","","","200","OK","Absolute","","","HTTP","341309","65671"
"Hyperlink","https://irishealing.com/addiction-counseling/","https://irishealing.com/","","Home","True","","","200","OK","Absolute","//body/div[@class='wrapper-page']/header/div/div/div/div/section[1]/div/div/div/section[1]/div/div[1]/div/div[1]/div/div/div/a","Header","HTML","341309","65671"
"Hyperlink","https://irishealing.com/addiction-counseling/","https://irishealing.com/","","","True","","","200","OK","Absolute","//body/div[@class='wrapper-page']/header/div/div/div/div/section[2]/div/div[1]/div/div/div/a","Header","HTML","341309","65671"
"Hyperlink","https://irishealing.com/addiction-counseling/","https://irishealing.com/","Home","","True","","","200","OK","Absolute","//body/div[@class='wrapper-page']/div/section/div/div/div/div/div/div/div/div/div[1]/section[1]/div/div/div/div/div/div/div/div/div[@class='breadcrumb-main']/div/div/ol/li[1]/a","Content","HTML","341309","65671"
"Hyperlink","https://irishealing.com/addiction-counseling/","https://irishealing.com/","","Home","True","","","200","OK","Absolute","//body/footer/div/div/section[2]/div/div[1]/div/div[1]/div/div/div/a","Footer","HTML","341309","65671"
"Hyperlink","https://irishealing.com/addiction-counseling/","https://irishealing.com/","","Iris Healing® – Luxury Addiction Treatment","True","","","200","OK","Absolute","//body/div[@class='canvas-mobile']/div/div[@class='top-canvas']/a[@class='logo-mm']","Content","HTML","341309","65671"
"HTTP Redirect","https://irishealing.com/addiction-treatment/opioids/","https://irishealing.com/","","","True","","","200","OK","Absolute","","","HTTP","341309","65671"
"HTTP Redirect","https://irishealing.com/addiction-treatment/cocaine/","https://irishealing.com/","","","True","","","200","OK","Absolute","","","HTTP","341309","65671"
"HTTP Redirect","https://irishealing.com/addiction-treatment/fentanyl/","https://irishealing.com/","","","True","","","200","OK","Absolute","","","HTTP","341309","65671"
"Hyperlink","https://irishealing.com/addiction-treatment/drug-rehab-los-angeles/?utm_source=chatgpt.com","https://irishealing.com/","","Home","True","","","200","OK","Absolute","//body/div[@class='wrapper-page']/header/div/div/div/div/section[1]/div/div/div/section[1]/div/div[1]/div/div[1]/div/div/div/a","Header","HTML","341309","65671"
"Hyperlink","https://irishealing.com/addiction-treatment/drug-rehab-los-angeles/?utm_source=chatgpt.com","https://irishealing.com/","","","True","","","200","OK","Absolute","//body/div[@class='wrapper-page']/header/div/div/div/div/section[2]/div/div[1]/div/div/div/a","Header","HTML","341309","65671"
"Hyperlink","https://irishealing.com/addiction-treatment/drug-rehab-los-angeles/?utm_source=chatgpt.com","https://irishealing.com/","Home","","True","","","200","OK","Absolute","//body/div[@class='wrapper-page']/div/div/section[1]/div/div/div/div/div/div/div/div/div/div/div/ol/li[1]/a","Content","HTML","341309","65671"
"Hyperlink","https://irishealing.com/addiction-treatment/drug-rehab-los-angeles/?utm_source=chatgpt.com","https://irishealing.com/","","Home","True","","","200","OK","Absolute","//body/footer/div/div/section[2]/div/div[1]/div/div[1]/div/div/div/a","Footer","HTML","341309","65671"
"Hyperlink","https://irishealing.com/addiction-treatment/drug-rehab-los-angeles/?utm_source=chatgpt.com","https://irishealing.com/","","Iris Healing® – Luxury Addiction Treatment","True","","","200","OK","Absolute","//body/div[@class='canvas-mobile']/div/div[@class='top-canvas']/a[@class='logo-mm']","Content","HTML","341309","65671"
"Hyperlink","https://irishealing.com/trauma-informed-care-addiction/","https://irishealing.com/","","Home","True","","","200","OK","Absolute","//body/div[@class='wrapper-page']/header/div/div/div/div/section[1]/div/div/div/section[1]/div/div[1]/div/div[1]/div/div/div/a","Header","HTML","341309","65671"
"Hyperlink","https://irishealing.com/trauma-informed-care-addiction/","https://irishealing.com/","","","True","","","200","OK","Absolute","//body/div[@class='wrapper-page']/header/div/div/div/div/section[2]/div/div[1]/div/div/div/a","Header","HTML","341309","65671"
"Hyperlink","https://irishealing.com/trauma-informed-care-addiction/","https://irishealing.com/","","Home","True","","","200","OK","Absolute","//body/footer/div/div/section[2]/div/div[1]/div/div[1]/div/div/div/a","Footer","HTML","341309","65671"
"Hyperlink","https://irishealing.com/trauma-informed-care-addiction/","https://irishealing.com/","","Iris Healing® – Luxury Addiction Treatment","True","","","200","OK","Absolute","//body/div[@class='canvas-mobile']/div/div[@class='top-canvas']/a[@class='logo-mm']","Content","HTML","341309","65671"
"HTTP Redirect","https://irishealing.com/programs/residential-rehab-los-angeles/","https://irishealing.com/","","","True","","","200","OK","Absolute","","","HTTP","341309","65671"
"Hyperlink","https://irishealing.com/anxiety-and-addiction/","https://irishealing.com/","","Home","True","","","200","OK","Absolute","//body/div[@class='wrapper-page']/header/div/div/div/div/section[1]/div/div/div/section[1]/div/div[1]/div/div[1]/div/div/div/a","Header","HTML","341309","65671"
"Hyperlink","https://irishealing.com/anxiety-and-addiction/","https://irishealing.com/","","","True","","","200","OK","Absolute","//body/div[@class='wrapper-page']/header/div/div/div/div/section[2]/div/div[1]/div/div/div/a","Header","HTML","341309","65671"
"Hyperlink","https://irishealing.com/anxiety-and-addiction/","https://irishealing.com/","Home","","True","","","200","OK","Absolute","//body/div[@class='wrapper-page']/div/div/section[1]/div/div/div/div/div/div/div/div/div[@class='breadcrumb-main']/div/div/ol/li[1]/a","Content","HTML","341309","65671"
"Hyperlink","https://irishealing.com/anxiety-and-addiction/","https://irishealing.com/","","Home","True","","","200","OK","Absolute","//body/footer/div/div/section[2]/div/div[1]/div/div[1]/div/div/div/a","Footer","HTML","341309","65671"
"Hyperlink","https://irishealing.com/anxiety-and-addiction/","https://irishealing.com/","","Iris Healing® – Luxury Addiction Treatment","True","","","200","OK","Absolute","//body/div[@class='canvas-mobile']/div/div[@class='top-canvas']/a[@class='logo-mm']","Content","HTML","341309","65671"
"Hyperlink","https://irishealing.com/depression/","https://irishealing.com/","","Home","True","","","200","OK","Absolute","//body/div[@class='wrapper-page']/header/div/div/div/div/section[1]/div/div/div/section[1]/div/div[1]/div/div[1]/div/div/div/a","Header","HTML","341309","65671"
"Hyperlink","https://irishealing.com/depression/","https://irishealing.com/","","","True","","","200","OK","Absolute","//body/div[@class='wrapper-page']/header/div/div/div/div/section[2]/div/div[1]/div/div/div/a","Header","HTML","341309","65671"
"Hyperlink","https://irishealing.com/depression/","https://irishealing.com/","Home","","True","","","200","OK","Absolute","//body/div[@class='wrapper-page']/div/div/section[1]/div/div/div/div/div/div/div/div/div[@class='breadcrumb-main']/div/div/ol/li[1]/a","Content","HTML","341309","65671"
"Hyperlink","https://irishealing.com/depression/","https://irishealing.com/","","Home","True","","","200","OK","Absolute","//body/footer/div/div/section[2]/div/div[1]/div/div[1]/div/div/div/a","Footer","HTML","341309","65671"
"Hyperlink","https://irishealing.com/depression/","https://irishealing.com/","","Iris Healing® – Luxury Addiction Treatment","True","","","200","OK","Absolute","//body/div[@class='canvas-mobile']/div/div[@class='top-canvas']/a[@class='logo-mm']","Content","HTML","341309","65671"
"HTTP Redirect","https://irishealing.com/programs/outpatient-rehab-los-angeles/","https://irishealing.com/","","","True","","","200","OK","Absolute","","","HTTP","341309","65671"
"Hyperlink","https://irishealing.com/blog/how-long-does-paws-last/","https://irishealing.com/","","Home","True","","","200","OK","Absolute","//body/div[@class='wrapper-page']/header/div/div/div/div/section[1]/div/div/div/section[1]/div/div[1]/div/div[1]/div/div/div/a","Header","HTML","341309","65671"
"Hyperlink","https://irishealing.com/blog/how-long-does-paws-last/","https://irishealing.com/","","","True","","","200","OK","Absolute","//body/div[@class='wrapper-page']/header/div/div/div/div/section[2]/div/div[1]/div/div/div/a","Header","HTML","341309","65671"
"Hyperlink","https://irishealing.com/blog/how-long-does-paws-last/","https://irishealing.com/","Home","","True","","","200","OK","Absolute","//body/div[@class='wrapper-page']/div/section/div/div/div/div/div[1]/div[@class='breadcrumb-main']/div/div/ol/li[1]/a","Content","HTML","341309","65671"
"Hyperlink","https://irishealing.com/blog/how-long-does-paws-last/","https://irishealing.com/","","Home","True","","","200","OK","Absolute","//body/footer/div/div/section[2]/div/div[1]/div/div[1]/div/div/div/a","Footer","HTML","341309","65671"
"Hyperlink","https://irishealing.com/blog/how-long-does-paws-last/","https://irishealing.com/","","Iris Healing® – Luxury Addiction Treatment","True","","","200","OK","Absolute","//body/div[@class='canvas-mobile']/div/div[@class='top-canvas']/a[@class='logo-mm']","Content","HTML","341309","65671"
"Hyperlink","https://irishealing.com/blog/treatment-levels-of-care-mental-health/","https://irishealing.com/","","Home","True","","","200","OK","Absolute","//body/div[@class='wrapper-page']/header/div/div/div/div/section[1]/div/div/div/section[1]/div/div[1]/div/div[1]/div/div/div/a","Header","HTML","341309","65671"
"Hyperlink","https://irishealing.com/blog/treatment-levels-of-care-mental-health/","https://irishealing.com/","","","True","","","200","OK","Absolute","//body/div[@class='wrapper-page']/header/div/div/div/div/section[2]/div/div[1]/div/div/div/a","Header","HTML","341309","65671"
"Hyperlink","https://irishealing.com/blog/treatment-levels-of-care-mental-health/","https://irishealing.com/","Home","","True","","","200","OK","Absolute","//body/div[@class='wrapper-page']/div/section/div/div/div/div/div[1]/div[@class='breadcrumb-main']/div/div/ol/li[1]/a","Content","HTML","341309","65671"
"Hyperlink","https://irishealing.com/blog/treatment-levels-of-care-mental-health/","https://irishealing.com/","Iris Healing","","True","","","200","OK","Absolute","//body/div[@class='wrapper-page']/div/section/div/div/div/div/div[2]/div/div/div[1]/article/div[@class='entry-content']/div/div[2]/p[94]/a[1]","Content","HTML","341309","65671"
"Hyperlink","https://irishealing.com/blog/treatment-levels-of-care-mental-health/","https://irishealing.com/","","Home","True","","","200","OK","Absolute","//body/footer/div/div/section[2]/div/div[1]/div/div[1]/div/div/div/a","Footer","HTML","341309","65671"
"Hyperlink","https://irishealing.com/blog/treatment-levels-of-care-mental-health/","https://irishealing.com/","","Iris Healing® – Luxury Addiction Treatment","True","","","200","OK","Absolute","//body/div[@class='canvas-mobile']/div/div[@class='top-canvas']/a[@class='logo-mm']","Content","HTML","341309","65671"
"Hyperlink","https://irishealing.com/blog/page/2/","https://irishealing.com/","","Home","True","","","200","OK","Absolute","//body/div[@class='wrapper-page']/header/div/div/div/div/section[1]/div/div/div/section[1]/div/div[1]/div/div[1]/div/div/div/a","Header","HTML","341309","65671"
"Hyperlink","https://irishealing.com/blog/page/2/","https://irishealing.com/","","","True","","","200","OK","Absolute","//body/div[@class='wrapper-page']/header/div/div/div/div/section[2]/div/div[1]/div/div/div/a","Header","HTML","341309","65671"
"Hyperlink","https://irishealing.com/blog/page/2/","https://irishealing.com/","Home","","True","","","200","OK","Absolute","//body/div[@class='wrapper-page']/div/div/section[1]/div/div/div/div/div/div/div/div/div/div/div/ol/li[1]/a","Content","HTML","341309","65671"
"Hyperlink","https://irishealing.com/blog/page/2/","https://irishealing.com/","","Home","True","","","200","OK","Absolute","//body/footer/div/div/section[2]/div/div[1]/div/div[1]/div/div/div/a","Footer","HTML","341309","65671"
"Hyperlink","https://irishealing.com/blog/page/2/","https://irishealing.com/","","Iris Healing® – Luxury Addiction Treatment","True","","","200","OK","Absolute","//body/div[@class='canvas-mobile']/div/div[@class='top-canvas']/a[@class='logo-mm']","Content","HTML","341309","65671"
"Hyperlink","https://irishealing.com/blog/page/26/","https://irishealing.com/","","Home","True","","","200","OK","Absolute","//body/div[@class='wrapper-page']/header/div/div/div/div/section[1]/div/div/div/section[1]/div/div[1]/div/div[1]/div/div/div/a","Header","HTML","341309","65671"
"Hyperlink","https://irishealing.com/blog/page/26/","https://irishealing.com/","","","True","","","200","OK","Absolute","//body/div[@class='wrapper-page']/header/div/div/div/div/section[2]/div/div[1]/div/div/div/a","Header","HTML","341309","65671"
"Hyperlink","https://irishealing.com/blog/page/26/","https://irishealing.com/","Home","","True","","","200","OK","Absolute","//body/div[@class='wrapper-page']/div/div/section[1]/div/div/div/div/div/div/div/div/div/div/div/ol/li[1]/a","Content","HTML","341309","65671"
"Hyperlink","https://irishealing.com/blog/page/26/","https://irishealing.com/","","Home","True","","","200","OK","Absolute","//body/footer/div/div/section[2]/div/div[1]/div/div[1]/div/div/div/a","Footer","HTML","341309","65671"
"Hyperlink","https://irishealing.com/blog/page/26/","https://irishealing.com/","","Iris Healing® – Luxury Addiction Treatment","True","","","200","OK","Absolute","//body/div[@class='canvas-mobile']/div/div[@class='top-canvas']/a[@class='logo-mm']","Content","HTML","341309","65671"
"Hyperlink","https://irishealing.com/blog/halt-acronym-mental-health/","https://irishealing.com/","","Home","True","","","200","OK","Absolute","//body/div[@class='wrapper-page']/header/div/div/div/div/section[1]/div/div/div/section[1]/div/div[1]/div/div[1]/div/div/div/a","Header","HTML","341309","65671"
"Hyperlink","https://irishealing.com/blog/halt-acronym-mental-health/","https://irishealing.com/","","","True","","","200","OK","Absolute","//body/div[@class='wrapper-page']/header/div/div/div/div/section[2]/div/div[1]/div/div/div/a","Header","HTML","341309","65671"
"Hyperlink","https://irishealing.com/blog/halt-acronym-mental-health/","https://irishealing.com/","Home","","True","","","200","OK","Absolute","//body/div[@class='wrapper-page']/div/section/div/div/div/div/div[1]/div[@class='breadcrumb-main']/div/div/ol/li[1]/a","Content","HTML","341309","65671"
"Hyperlink","https://irishealing.com/blog/halt-acronym-mental-health/","https://irishealing.com/","","Home","True","","","200","OK","Absolute","//body/footer/div/div/section[2]/div/div[1]/div/div[1]/div/div/div/a","Footer","HTML","341309","65671"
"Hyperlink","https://irishealing.com/blog/halt-acronym-mental-health/","https://irishealing.com/","","Iris Healing® – Luxury Addiction Treatment","True","","","200","OK","Absolute","//body/div[@class='canvas-mobile']/div/div[@class='top-canvas']/a[@class='logo-mm']","Content","HTML","341309","65671"
"Hyperlink","https://irishealing.com/blog/supporting-a-loved-one/","https://irishealing.com/","","Home","True","","","200","OK","Absolute","//body/div[@class='wrapper-page']/header/div/div/div/div/section[1]/div/div/div/section[1]/div/div[1]/div/div[1]/div/div/div/a","Header","HTML","341309","65671"
"Hyperlink","https://irishealing.com/blog/supporting-a-loved-one/","https://irishealing.com/","","","True","","","200","OK","Absolute","//body/div[@class='wrapper-page']/header/div/div/div/div/section[2]/div/div[1]/div/div/div/a","Header","HTML","341309","65671"
"Hyperlink","https://irishealing.com/blog/supporting-a-loved-one/","https://irishealing.com/","Home","","True","","","200","OK","Absolute","//body/div[@class='wrapper-page']/div/section/div/div/div/div/div[1]/div[@class='breadcrumb-main']/div/div/ol/li[1]/a","Content","HTML","341309","65671"
"Hyperlink","https://irishealing.com/blog/supporting-a-loved-one/","https://irishealing.com/","","Home","True","","","200","OK","Absolute","//body/footer/div/div/section[2]/div/div[1]/div/div[1]/div/div/div/a","Footer","HTML","341309","65671"
"Hyperlink","https://irishealing.com/blog/supporting-a-loved-one/","https://irishealing.com/","","Iris Healing® – Luxury Addiction Treatment","True","","","200","OK","Absolute","//body/div[@class='canvas-mobile']/div/div[@class='top-canvas']/a[@class='logo-mm']","Content","HTML","341309","65671"
"Hyperlink","https://irishealing.com/blog/can-you-get-fired-for-going-to-rehab/","https://irishealing.com/","","Home","True","","","200","OK","Absolute","//body/div[@class='wrapper-page']/header/div/div/div/div/section[1]/div/div/div/section[1]/div/div[1]/div/div[1]/div/div/div/a","Header","HTML","341309","65671"
"Hyperlink","https://irishealing.com/blog/can-you-get-fired-for-going-to-rehab/","https://irishealing.com/","","","True","","","200","OK","Absolute","//body/div[@class='wrapper-page']/header/div/div/div/div/section[2]/div/div[1]/div/div/div/a","Header","HTML","341309","65671"
"Hyperlink","https://irishealing.com/blog/can-you-get-fired-for-going-to-rehab/","https://irishealing.com/","Home","","True","","","200","OK","Absolute","//body/div[@class='wrapper-page']/div/section/div/div/div/div/div[1]/div[@class='breadcrumb-main']/div/div/ol/li[1]/a","Content","HTML","341309","65671"
"Hyperlink","https://irishealing.com/blog/can-you-get-fired-for-going-to-rehab/","https://irishealing.com/","","Home","True","","","200","OK","Absolute","//body/footer/div/div/section[2]/div/div[1]/div/div[1]/div/div/div/a","Footer","HTML","341309","65671"
"Hyperlink","https://irishealing.com/blog/can-you-get-fired-for-going-to-rehab/","https://irishealing.com/","","Iris Healing® – Luxury Addiction Treatment","True","","","200","OK","Absolute","//body/div[@class='canvas-mobile']/div/div[@class='top-canvas']/a[@class='logo-mm']","Content","HTML","341309","65671"
"Hyperlink","https://irishealing.com/blog/page/3/","https://irishealing.com/","","Home","True","","","200","OK","Absolute","//body/div[@class='wrapper-page']/header/div/div/div/div/section[1]/div/div/div/section[1]/div/div[1]/div/div[1]/div/div/div/a","Header","HTML","341309","65671"
"Hyperlink","https://irishealing.com/blog/page/3/","https://irishealing.com/","","","True","","","200","OK","Absolute","//body/div[@class='wrapper-page']/header/div/div/div/div/section[2]/div/div[1]/div/div/div/a","Header","HTML","341309","65671"
"Hyperlink","https://irishealing.com/blog/page/3/","https://irishealing.com/","Home","","True","","","200","OK","Absolute","//body/div[@class='wrapper-page']/div/div/section[1]/div/div/div/div/div/div/div/div/div/div/div/ol/li[1]/a","Content","HTML","341309","65671"
"Hyperlink","https://irishealing.com/blog/page/3/","https://irishealing.com/","","Home","True","","","200","OK","Absolute","//body/footer/div/div/section[2]/div/div[1]/div/div[1]/div/div/div/a","Footer","HTML","341309","65671"
"Hyperlink","https://irishealing.com/blog/page/3/","https://irishealing.com/","","Iris Healing® – Luxury Addiction Treatment","True","","","200","OK","Absolute","//body/div[@class='canvas-mobile']/div/div[@class='top-canvas']/a[@class='logo-mm']","Content","HTML","341309","65671"
"Hyperlink","https://irishealing.com/blog/mental-health-journey/","https://irishealing.com/","","Home","True","","","200","OK","Absolute","//body/div[@class='wrapper-page']/header/div/div/div/div/section[1]/div/div/div/section[1]/div/div[1]/div/div[1]/div/div/div/a","Header","HTML","341309","65671"
"Hyperlink","https://irishealing.com/blog/mental-health-journey/","https://irishealing.com/","","","True","","","200","OK","Absolute","//body/div[@class='wrapper-page']/header/div/div/div/div/section[2]/div/div[1]/div/div/div/a","Header","HTML","341309","65671"
"Hyperlink","https://irishealing.com/blog/mental-health-journey/","https://irishealing.com/","Home","","True","","","200","OK","Absolute","//body/div[@class='wrapper-page']/div/section/div/div/div/div/div[1]/div[@class='breadcrumb-main']/div/div/ol/li[1]/a","Content","HTML","341309","65671"
"Hyperlink","https://irishealing.com/blog/mental-health-journey/","https://irishealing.com/","Iris Healing","","True","","","200","OK","Absolute","//body/div[@class='wrapper-page']/div/section/div/div/div/div/div[2]/div/div/div[1]/article/div[@class='entry-content']/div/div[2]/p[61]/a[1]","Content","HTML","341309","65671"
"Hyperlink","https://irishealing.com/blog/mental-health-journey/","https://irishealing.com/","","Home","True","","","200","OK","Absolute","//body/footer/div/div/section[2]/div/div[1]/div/div[1]/div/div/div/a","Footer","HTML","341309","65671"
"Hyperlink","https://irishealing.com/blog/mental-health-journey/","https://irishealing.com/","","Iris Healing® – Luxury Addiction Treatment","True","","","200","OK","Absolute","//body/div[@class='canvas-mobile']/div/div[@class='top-canvas']/a[@class='logo-mm']","Content","HTML","341309","65671"
"Hyperlink","https://irishealing.com/blog/can-you-work-while-in-rehab/","https://irishealing.com/","","Home","True","","","200","OK","Absolute","//body/div[@class='wrapper-page']/header/div/div/div/div/section[1]/div/div/div/section[1]/div/div[1]/div/div[1]/div/div/div/a","Header","HTML","341309","65671"
"Hyperlink","https://irishealing.com/blog/can-you-work-while-in-rehab/","https://irishealing.com/","","","True","","","200","OK","Absolute","//body/div[@class='wrapper-page']/header/div/div/div/div/section[2]/div/div[1]/div/div/div/a","Header","HTML","341309","65671"
"Hyperlink","https://irishealing.com/blog/can-you-work-while-in-rehab/","https://irishealing.com/","Home","","True","","","200","OK","Absolute","//body/div[@class='wrapper-page']/div/section/div/div/div/div/div[1]/div[@class='breadcrumb-main']/div/div/ol/li[1]/a","Content","HTML","341309","65671"
"Hyperlink","https://irishealing.com/blog/can-you-work-while-in-rehab/","https://irishealing.com/","","Home","True","","","200","OK","Absolute","//body/footer/div/div/section[2]/div/div[1]/div/div[1]/div/div/div/a","Footer","HTML","341309","65671"
"Hyperlink","https://irishealing.com/blog/can-you-work-while-in-rehab/","https://irishealing.com/","","Iris Healing® – Luxury Addiction Treatment","True","","","200","OK","Absolute","//body/div[@class='canvas-mobile']/div/div[@class='top-canvas']/a[@class='logo-mm']","Content","HTML","341309","65671"
"Hyperlink","https://irishealing.com/blog/how-much-does-outpatient-mental-health-cost/","https://irishealing.com/","","Home","True","","","200","OK","Absolute","//body/div[@class='wrapper-page']/header/div/div/div/div/section[1]/div/div/div/section[1]/div/div[1]/div/div[1]/div/div/div/a","Header","HTML","341309","65671"
"Hyperlink","https://irishealing.com/blog/how-much-does-outpatient-mental-health-cost/","https://irishealing.com/","","","True","","","200","OK","Absolute","//body/div[@class='wrapper-page']/header/div/div/div/div/section[2]/div/div[1]/div/div/div/a","Header","HTML","341309","65671"
"Hyperlink","https://irishealing.com/blog/how-much-does-outpatient-mental-health-cost/","https://irishealing.com/","Home","","True","","","200","OK","Absolute","//body/div[@class='wrapper-page']/div/section/div/div/div/div/div[1]/div[@class='breadcrumb-main']/div/div/ol/li[1]/a","Content","HTML","341309","65671"
"Hyperlink","https://irishealing.com/blog/how-much-does-outpatient-mental-health-cost/","https://irishealing.com/","","Home","True","","","200","OK","Absolute","//body/footer/div/div/section[2]/div/div[1]/div/div[1]/div/div/div/a","Footer","HTML","341309","65671"
"Hyperlink","https://irishealing.com/blog/how-much-does-outpatient-mental-health-cost/","https://irishealing.com/","","Iris Healing® – Luxury Addiction Treatment","True","","","200","OK","Absolute","//body/div[@class='canvas-mobile']/div/div[@class='top-canvas']/a[@class='logo-mm']","Content","HTML","341309","65671"
"Hyperlink","https://irishealing.com/blog/what-does-relapse-mean-in-mental-health/","https://irishealing.com/","","Home","True","","","200","OK","Absolute","//body/div[@class='wrapper-page']/header/div/div/div/div/section[1]/div/div/div/section[1]/div/div[1]/div/div[1]/div/div/div/a","Header","HTML","341309","65671"
"Hyperlink","https://irishealing.com/blog/what-does-relapse-mean-in-mental-health/","https://irishealing.com/","","","True","","","200","OK","Absolute","//body/div[@class='wrapper-page']/header/div/div/div/div/section[2]/div/div[1]/div/div/div/a","Header","HTML","341309","65671"
"Hyperlink","https://irishealing.com/blog/what-does-relapse-mean-in-mental-health/","https://irishealing.com/","Home","","True","","","200","OK","Absolute","//body/div[@class='wrapper-page']/div/section/div/div/div/div/div[1]/div[@class='breadcrumb-main']/div/div/ol/li[1]/a","Content","HTML","341309","65671"
"Hyperlink","https://irishealing.com/blog/what-does-relapse-mean-in-mental-health/","https://irishealing.com/","","Home","True","","","200","OK","Absolute","//body/footer/div/div/section[2]/div/div[1]/div/div[1]/div/div/div/a","Footer","HTML","341309","65671"
"Hyperlink","https://irishealing.com/blog/what-does-relapse-mean-in-mental-health/","https://irishealing.com/","","Iris Healing® – Luxury Addiction Treatment","True","","","200","OK","Absolute","//body/div[@class='canvas-mobile']/div/div[@class='top-canvas']/a[@class='logo-mm']","Content","HTML","341309","65671"
"Hyperlink","https://irishealing.com/ocd/","https://irishealing.com/","","Home","True","","","200","OK","Absolute","//body/div[@class='wrapper-page']/header/div/div/div/div/section[1]/div/div/div/section[1]/div/div[1]/div/div[1]/div/div/div/a","Header","HTML","341309","65671"
"Hyperlink","https://irishealing.com/ocd/","https://irishealing.com/","","","True","","","200","OK","Absolute","//body/div[@class='wrapper-page']/header/div/div/div/div/section[2]/div/div[1]/div/div/div/a","Header","HTML","341309","65671"
"Hyperlink","https://irishealing.com/ocd/","https://irishealing.com/","Home","","True","","","200","OK","Absolute","//body/div[@class='wrapper-page']/div/div/section[1]/div/div/div/div/div/div/div/div/div[@class='breadcrumb-main']/div/div/ol/li[1]/a","Content","HTML","341309","65671"
"Hyperlink","https://irishealing.com/ocd/","https://irishealing.com/","","Home","True","","","200","OK","Absolute","//body/footer/div/div/section[2]/div/div[1]/div/div[1]/div/div/div/a","Footer","HTML","341309","65671"
"Hyperlink","https://irishealing.com/ocd/","https://irishealing.com/","","Iris Healing® – Luxury Addiction Treatment","True","","","200","OK","Absolute","//body/div[@class='canvas-mobile']/div/div[@class='top-canvas']/a[@class='logo-mm']","Content","HTML","341309","65671"
"Hyperlink","https://irishealing.com/addiction/","https://irishealing.com/","","Home","True","","","200","OK","Absolute","//body/div[@class='wrapper-page']/header/div/div/div/div/section[1]/div/div/div/section[1]/div/div[1]/div/div[1]/div/div/div/a","Header","HTML","341309","65671"
"Hyperlink","https://irishealing.com/addiction/","https://irishealing.com/","","","True","","","200","OK","Absolute","//body/div[@class='wrapper-page']/header/div/div/div/div/section[2]/div/div[1]/div/div/div/a","Header","HTML","341309","65671"
"Hyperlink","https://irishealing.com/addiction/","https://irishealing.com/","Home","","True","","","200","OK","Absolute","//body/div[@class='wrapper-page']/div/div/section[1]/div/div/div/div/div/div/div/div/div[@class='breadcrumb-main']/div/div/ol/li[1]/a","Content","HTML","341309","65671"
"Hyperlink","https://irishealing.com/addiction/","https://irishealing.com/","","Home","True","","","200","OK","Absolute","//body/footer/div/div/section[2]/div/div[1]/div/div[1]/div/div/div/a","Footer","HTML","341309","65671"
"Hyperlink","https://irishealing.com/addiction/","https://irishealing.com/","","Iris Healing® – Luxury Addiction Treatment","True","","","200","OK","Absolute","//body/div[@class='canvas-mobile']/div/div[@class='top-canvas']/a[@class='logo-mm']","Content","HTML","341309","65671"
"Hyperlink","https://irishealing.com/chronic-pain/","https://irishealing.com/","","Home","True","","","200","OK","Absolute","//body/div[@class='wrapper-page']/header/div/div/div/div/section[1]/div/div/div/section[1]/div/div[1]/div/div[1]/div/div/div/a","Header","HTML","341309","65671"
"Hyperlink","https://irishealing.com/chronic-pain/","https://irishealing.com/","","","True","","","200","OK","Absolute","//body/div[@class='wrapper-page']/header/div/div/div/div/section[2]/div/div[1]/div/div/div/a","Header","HTML","341309","65671"
"Hyperlink","https://irishealing.com/chronic-pain/","https://irishealing.com/","Home","","True","","","200","OK","Absolute","//body/div[@class='wrapper-page']/div/div/section[1]/div/div/div/div/div/div/div/div/div[@class='breadcrumb-main']/div/div/ol/li[1]/a","Content","HTML","341309","65671"
"Hyperlink","https://irishealing.com/chronic-pain/","https://irishealing.com/","","Home","True","","","200","OK","Absolute","//body/footer/div/div/section[2]/div/div[1]/div/div[1]/div/div/div/a","Footer","HTML","341309","65671"
"Hyperlink","https://irishealing.com/chronic-pain/","https://irishealing.com/","","Iris Healing® – Luxury Addiction Treatment","True","","","200","OK","Absolute","//body/div[@class='canvas-mobile']/div/div[@class='top-canvas']/a[@class='logo-mm']","Content","HTML","341309","65671"
"Hyperlink","https://irishealing.com/ptsd/","https://irishealing.com/","","Home","True","","","200","OK","Absolute","//body/div[@class='wrapper-page']/header/div/div/div/div/section[1]/div/div/div/section[1]/div/div[1]/div/div[1]/div/div/div/a","Header","HTML","341309","65671"
"Hyperlink","https://irishealing.com/ptsd/","https://irishealing.com/","","","True","","","200","OK","Absolute","//body/div[@class='wrapper-page']/header/div/div/div/div/section[2]/div/div[1]/div/div/div/a","Header","HTML","341309","65671"
"Hyperlink","https://irishealing.com/ptsd/","https://irishealing.com/","Home","","True","","","200","OK","Absolute","//body/div[@class='wrapper-page']/div/div/section[1]/div/div/div/div/div/div/div/div/div[@class='breadcrumb-main']/div/div/ol/li[1]/a","Content","HTML","341309","65671"
"Hyperlink","https://irishealing.com/ptsd/","https://irishealing.com/","","Home","True","","","200","OK","Absolute","//body/footer/div/div/section[2]/div/div[1]/div/div[1]/div/div/div/a","Footer","HTML","341309","65671"
"Hyperlink","https://irishealing.com/ptsd/","https://irishealing.com/","","Iris Healing® – Luxury Addiction Treatment","True","","","200","OK","Absolute","//body/div[@class='canvas-mobile']/div/div[@class='top-canvas']/a[@class='logo-mm']","Content","HTML","341309","65671"
"HTTP Redirect","https://www.irishealing.com/drug-and-alcohol-detox-in-los-angeles/","https://irishealing.com/","","","True","","","200","OK","Absolute","","","HTTP","341309","65671"
"HTTP Redirect","https://www.irishealing.com/partial-hospitalization-program-in-los-angeles/","https://irishealing.com/","","","True","","","200","OK","Absolute","","","HTTP","341309","65671"
"HTTP Redirect","https://www.irishealing.com/addiction-treatment-in-los-angeles/","https://irishealing.com/","","","True","","","200","OK","Absolute","","","HTTP","341309","65671"
"HTTP Redirect","https://www.irishealing.com/dual-diagnosis-treatment-in-los-angeles-ca/","https://irishealing.com/","","","True","","","200","OK","Absolute","","","HTTP","341309","65671"
"HTTP Redirect","https://www.irishealing.com/mental-health-treatment-centers-in-los-angeles-ca/","https://irishealing.com/","","","True","","","200","OK","Absolute","","","HTTP","341309","65671"
"HTTP Redirect","https://www.irishealing.com/treatment-levels-of-care-mental-health-iop-php-residential-inpatient/","https://irishealing.com/","","","True","","","200","OK","Absolute","","","HTTP","341309","65671"
"HTTP Redirect","https://irishealing.com/programs/intensive-outpatient-program/","https://irishealing.com/","","","True","","","200","OK","Absolute","","","HTTP","341309","65671"
"HTTP Redirect","https://irishealing.com/online-insurance-verification-tms/","https://irishealing.com/","","","True","","","200","OK","Absolute","","","HTTP","341309","65671"
"Hyperlink","https://irishealing.com/blog/difference-between-php-program-iop-treatment/","https://irishealing.com/","","Home","True","","","200","OK","Absolute","//body/div[@class='wrapper-page']/header/div/div/div/div/section[1]/div/div/div/section[1]/div/div[1]/div/div[1]/div/div/div/a","Header","HTML","341309","65671"
"Hyperlink","https://irishealing.com/blog/difference-between-php-program-iop-treatment/","https://irishealing.com/","","","True","","","200","OK","Absolute","//body/div[@class='wrapper-page']/header/div/div/div/div/section[2]/div/div[1]/div/div/div/a","Header","HTML","341309","65671"
"Hyperlink","https://irishealing.com/blog/difference-between-php-program-iop-treatment/","https://irishealing.com/","Home","","True","","","200","OK","Absolute","//body/div[@class='wrapper-page']/div/section/div/div/div/div/div[1]/div[@class='breadcrumb-main']/div/div/ol/li[1]/a","Content","HTML","341309","65671"
"Hyperlink","https://irishealing.com/blog/difference-between-php-program-iop-treatment/","https://irishealing.com/","","Home","True","","","200","OK","Absolute","//body/footer/div/div/section[2]/div/div[1]/div/div[1]/div/div/div/a","Footer","HTML","341309","65671"
"Hyperlink","https://irishealing.com/blog/difference-between-php-program-iop-treatment/","https://irishealing.com/","","Iris Healing® – Luxury Addiction Treatment","True","","","200","OK","Absolute","//body/div[@class='canvas-mobile']/div/div[@class='top-canvas']/a[@class='logo-mm']","Content","HTML","341309","65671"
"HTTP Redirect","https://irishealing.com/intensive-outpatient/","https://irishealing.com/","","","True","","","200","OK","Absolute","","","HTTP","341309","65671"
"HTTP Redirect","https://irishealing.com/partial-hospitalization/","https://irishealing.com/","","","True","","","200","OK","Absolute","","","HTTP","341309","65671"
"HTTP Redirect","https://irishealing.com/residential-inpatient/","https://irishealing.com/","","","True","","","200","OK","Absolute","","","HTTP","341309","65671"
"HTTP Redirect","https://irishealing.com/addiction-treatment-in-los-angeles/","https://irishealing.com/","","","True","","","200","OK","Absolute","","","HTTP","341309","65671"
"HTTP Redirect","https://irishealing.com/outpatient-rehab-in-los-angeles/","https://irishealing.com/","","","True","","","200","OK","Absolute","","","HTTP","341309","65671"
"HTTP Redirect","https://irishealing.com/fentanyl/","https://irishealing.com/","","","True","","","200","OK","Absolute","","","HTTP","341309","65671"
"HTTP Redirect","https://irishealing.com/cocaine/","https://irishealing.com/","","","True","","","200","OK","Absolute","","","HTTP","341309","65671"
"HTTP Redirect","https://irishealing.com/stimulants/","https://irishealing.com/","","","True","","","200","OK","Absolute","","","HTTP","341309","65671"
"HTTP Redirect","https://irishealing.com/alcohol-rehab-los-angeles/","https://irishealing.com/","","","True","","","200","OK","Absolute","","","HTTP","341309","65671"
"HTTP Redirect","https://irishealing.com/benzo-rehab-los-angeles/","https://irishealing.com/","","","True","","","200","OK","Absolute","","","HTTP","341309","65671"
"HTTP Redirect","https://irishealing.com/mental-health-treatment-los-angeles/ocd-treatment-los-angeles/_wp_link_placeholder","https://irishealing.com/","","","True","","","200","OK","Absolute","","","HTTP","341309","65671"
"Hyperlink","https://irishealing.com/12-step-programs/","https://irishealing.com/","","Home","True","","","200","OK","Absolute","//body/div[@class='wrapper-page']/header/div/div/div/div/section[1]/div/div/div/section[1]/div/div[1]/div/div[1]/div/div/div/a","Header","HTML","341309","65671"
"Hyperlink","https://irishealing.com/12-step-programs/","https://irishealing.com/","","","True","","","200","OK","Absolute","//body/div[@class='wrapper-page']/header/div/div/div/div/section[2]/div/div[1]/div/div/div/a","Header","HTML","341309","65671"
"Hyperlink","https://irishealing.com/12-step-programs/","https://irishealing.com/","Home","","True","","","200","OK","Absolute","//body/div[@class='wrapper-page']/div/div/section[1]/div/div/div/div/div/div/div/div/div/div/div/ol/li[1]/a","Content","HTML","341309","65671"
"Hyperlink","https://irishealing.com/12-step-programs/","https://irishealing.com/","","Home","True","","","200","OK","Absolute","//body/footer/div/div/section[2]/div/div[1]/div/div[1]/div/div/div/a","Footer","HTML","341309","65671"
"Hyperlink","https://irishealing.com/12-step-programs/","https://irishealing.com/","","Iris Healing® – Luxury Addiction Treatment","True","","","200","OK","Absolute","//body/div[@class='canvas-mobile']/div/div[@class='top-canvas']/a[@class='logo-mm']","Content","HTML","341309","65671"
"Hyperlink","https://irishealing.com/contact-us-tms/","https://irishealing.com/","","Home","True","","","200","OK","Absolute","//body/div[@class='wrapper-page']/header/div/div/div/div/section[1]/div/div/div/section[1]/div/div[1]/div/div[1]/div/div/div/a","Header","HTML","341309","65671"
"Hyperlink","https://irishealing.com/contact-us-tms/","https://irishealing.com/","","","True","","","200","OK","Absolute","//body/div[@class='wrapper-page']/header/div/div/div/div/section[2]/div/div[1]/div/div/div/a","Header","HTML","341309","65671"
"Hyperlink","https://irishealing.com/contact-us-tms/","https://irishealing.com/","Home","","True","","","200","OK","Absolute","//body/div[@class='wrapper-page']/div/section/div/div/div/div/div/div/div/div/div[1]/section[1]/div/div/div/div/div/div/div/div/div[@class='breadcrumb-main']/div/div/ol/li[1]/a","Content","HTML","341309","65671"
"Hyperlink","https://irishealing.com/contact-us-tms/","https://irishealing.com/","","Home","True","","","200","OK","Absolute","//body/footer/div/div/section[2]/div/div[1]/div/div[1]/div/div/div/a","Footer","HTML","341309","65671"
"Hyperlink","https://irishealing.com/contact-us-tms/","https://irishealing.com/","","Iris Healing® – Luxury Addiction Treatment","True","","","200","OK","Absolute","//body/div[@class='canvas-mobile']/div/div[@class='top-canvas']/a[@class='logo-mm']","Content","HTML","341309","65671"
"Hyperlink","https://irishealing.com/blog/drug-withdrawal/","https://irishealing.com/","","Home","True","","","200","OK","Absolute","//body/div[@class='wrapper-page']/header/div/div/div/div/section[1]/div/div/div/section[1]/div/div[1]/div/div[1]/div/div/div/a","Header","HTML","341309","65671"
"Hyperlink","https://irishealing.com/blog/drug-withdrawal/","https://irishealing.com/","","","True","","","200","OK","Absolute","//body/div[@class='wrapper-page']/header/div/div/div/div/section[2]/div/div[1]/div/div/div/a","Header","HTML","341309","65671"
"Hyperlink","https://irishealing.com/blog/drug-withdrawal/","https://irishealing.com/","Home","","True","","","200","OK","Absolute","//body/div[@class='wrapper-page']/div/section/div/div/div/div/div[1]/div[@class='breadcrumb-main']/div/div/ol/li[1]/a","Content","HTML","341309","65671"
"Hyperlink","https://irishealing.com/blog/drug-withdrawal/","https://irishealing.com/","","Home","True","","","200","OK","Absolute","//body/footer/div/div/section[2]/div/div[1]/div/div[1]/div/div/div/a","Footer","HTML","341309","65671"
"Hyperlink","https://irishealing.com/blog/drug-withdrawal/","https://irishealing.com/","","Iris Healing® – Luxury Addiction Treatment","True","","","200","OK","Absolute","//body/div[@class='canvas-mobile']/div/div[@class='top-canvas']/a[@class='logo-mm']","Content","HTML","341309","65671"
"Hyperlink","https://irishealing.com/blog/cbt-therapy-addiction/","https://irishealing.com/","","Home","True","","","200","OK","Absolute","//body/div[@class='wrapper-page']/header/div/div/div/div/section[1]/div/div/div/section[1]/div/div[1]/div/div[1]/div/div/div/a","Header","HTML","341309","65671"
"Hyperlink","https://irishealing.com/blog/cbt-therapy-addiction/","https://irishealing.com/","","","True","","","200","OK","Absolute","//body/div[@class='wrapper-page']/header/div/div/div/div/section[2]/div/div[1]/div/div/div/a","Header","HTML","341309","65671"
"Hyperlink","https://irishealing.com/blog/cbt-therapy-addiction/","https://irishealing.com/","Home","","True","","","200","OK","Absolute","//body/div[@class='wrapper-page']/div/section/div/div/div/div/div[1]/div[@class='breadcrumb-main']/div/div/ol/li[1]/a","Content","HTML","341309","65671"
"Hyperlink","https://irishealing.com/blog/cbt-therapy-addiction/","https://irishealing.com/","","Home","True","","","200","OK","Absolute","//body/footer/div/div/section[2]/div/div[1]/div/div[1]/div/div/div/a","Footer","HTML","341309","65671"
"Hyperlink","https://irishealing.com/blog/cbt-therapy-addiction/","https://irishealing.com/","","Iris Healing® – Luxury Addiction Treatment","True","","","200","OK","Absolute","//body/div[@class='canvas-mobile']/div/div[@class='top-canvas']/a[@class='logo-mm']","Content","HTML","341309","65671"
"Hyperlink","https://irishealing.com/blog/benzos-and-alcohol/","https://irishealing.com/","","Home","True","","","200","OK","Absolute","//body/div[@class='wrapper-page']/header/div/div/div/div/section[1]/div/div/div/section[1]/div/div[1]/div/div[1]/div/div/div/a","Header","HTML","341309","65671"
"Hyperlink","https://irishealing.com/blog/benzos-and-alcohol/","https://irishealing.com/","","","True","","","200","OK","Absolute","//body/div[@class='wrapper-page']/header/div/div/div/div/section[2]/div/div[1]/div/div/div/a","Header","HTML","341309","65671"
"Hyperlink","https://irishealing.com/blog/benzos-and-alcohol/","https://irishealing.com/","Home","","True","","","200","OK","Absolute","//body/div[@class='wrapper-page']/div/section/div/div/div/div/div[1]/div[@class='breadcrumb-main']/div/div/ol/li[1]/a","Content","HTML","341309","65671"
"Hyperlink","https://irishealing.com/blog/benzos-and-alcohol/","https://irishealing.com/","","Home","True","","","200","OK","Absolute","//body/footer/div/div/section[2]/div/div[1]/div/div[1]/div/div/div/a","Footer","HTML","341309","65671"
"Hyperlink","https://irishealing.com/blog/benzos-and-alcohol/","https://irishealing.com/","","Iris Healing® – Luxury Addiction Treatment","True","","","200","OK","Absolute","//body/div[@class='canvas-mobile']/div/div[@class='top-canvas']/a[@class='logo-mm']","Content","HTML","341309","65671"
"Hyperlink","https://irishealing.com/blog/tms-medicare-coverage/","https://irishealing.com/","","Home","True","","","200","OK","Absolute","//body/div[@class='wrapper-page']/header/div/div/div/div/section[1]/div/div/div/section[1]/div/div[1]/div/div[1]/div/div/div/a","Header","HTML","341309","65671"
"Hyperlink","https://irishealing.com/blog/tms-medicare-coverage/","https://irishealing.com/","","","True","","","200","OK","Absolute","//body/div[@class='wrapper-page']/header/div/div/div/div/section[2]/div/div[1]/div/div/div/a","Header","HTML","341309","65671"
"Hyperlink","https://irishealing.com/blog/tms-medicare-coverage/","https://irishealing.com/","Home","","True","","","200","OK","Absolute","//body/div[@class='wrapper-page']/div/section/div/div/div/div/div[1]/div[@class='breadcrumb-main']/div/div/ol/li[1]/a","Content","HTML","341309","65671"
"Hyperlink","https://irishealing.com/blog/tms-medicare-coverage/","https://irishealing.com/","","Home","True","","","200","OK","Absolute","//body/footer/div/div/section[2]/div/div[1]/div/div[1]/div/div/div/a","Footer","HTML","341309","65671"
"Hyperlink","https://irishealing.com/blog/tms-medicare-coverage/","https://irishealing.com/","","Iris Healing® – Luxury Addiction Treatment","True","","","200","OK","Absolute","//body/div[@class='canvas-mobile']/div/div[@class='top-canvas']/a[@class='logo-mm']","Content","HTML","341309","65671"
"Hyperlink","https://irishealing.com/blog/mental-health-services/","https://irishealing.com/","","Home","True","","","200","OK","Absolute","//body/div[@class='wrapper-page']/header/div/div/div/div/section[1]/div/div/div/section[1]/div/div[1]/div/div[1]/div/div/div/a","Header","HTML","341309","65671"
"Hyperlink","https://irishealing.com/blog/mental-health-services/","https://irishealing.com/","","","True","","","200","OK","Absolute","//body/div[@class='wrapper-page']/header/div/div/div/div/section[2]/div/div[1]/div/div/div/a","Header","HTML","341309","65671"
"Hyperlink","https://irishealing.com/blog/mental-health-services/","https://irishealing.com/","Home","","True","","","200","OK","Absolute","//body/div[@class='wrapper-page']/div/section/div/div/div/div/div[1]/div[@class='breadcrumb-main']/div/div/ol/li[1]/a","Content","HTML","341309","65671"
"Hyperlink","https://irishealing.com/blog/mental-health-services/","https://irishealing.com/","","Home","True","","","200","OK","Absolute","//body/footer/div/div/section[2]/div/div[1]/div/div[1]/div/div/div/a","Footer","HTML","341309","65671"
"Hyperlink","https://irishealing.com/blog/mental-health-services/","https://irishealing.com/","","Iris Healing® – Luxury Addiction Treatment","True","","","200","OK","Absolute","//body/div[@class='canvas-mobile']/div/div[@class='top-canvas']/a[@class='logo-mm']","Content","HTML","341309","65671"
"Hyperlink","https://irishealing.com/jessica-cahn/","https://irishealing.com/","","Home","True","","","200","OK","Absolute","//body/div[@class='wrapper-page']/header/div/div/div/div/section[1]/div/div/div/section[1]/div/div[1]/div/div[1]/div/div/div/a","Header","HTML","341309","65671"
"Hyperlink","https://irishealing.com/jessica-cahn/","https://irishealing.com/","","","True","","","200","OK","Absolute","//body/div[@class='wrapper-page']/header/div/div/div/div/section[2]/div/div[1]/div/div/div/a","Header","HTML","341309","65671"
"Hyperlink","https://irishealing.com/jessica-cahn/","https://irishealing.com/","Home","","True","","","200","OK","Absolute","//body/div[@class='wrapper-page']/div/section/div/div/div/div/div/div/div/div/div[1]/section[1]/div/div/div/div/div/div/div/div/div/div/div/ol/li[1]/a","Content","HTML","341309","65671"
"Hyperlink","https://irishealing.com/jessica-cahn/","https://irishealing.com/","","Home","True","","","200","OK","Absolute","//body/footer/div/div/section[2]/div/div[1]/div/div[1]/div/div/div/a","Footer","HTML","341309","65671"
"Hyperlink","https://irishealing.com/jessica-cahn/","https://irishealing.com/","","Iris Healing® – Luxury Addiction Treatment","True","","","200","OK","Absolute","//body/div[@class='canvas-mobile']/div/div[@class='top-canvas']/a[@class='logo-mm']","Content","HTML","341309","65671"
"Hyperlink","https://irishealing.com/blog/massage-therapy-in-effective-alcohol-detox-program/","https://irishealing.com/","","Home","True","","","200","OK","Absolute","//body/div[@class='wrapper-page']/header/div/div/div/div/section[1]/div/div/div/section[1]/div/div[1]/div/div[1]/div/div/div/a","Header","HTML","341309","65671"
"Hyperlink","https://irishealing.com/blog/massage-therapy-in-effective-alcohol-detox-program/","https://irishealing.com/","","","True","","","200","OK","Absolute","//body/div[@class='wrapper-page']/header/div/div/div/div/section[2]/div/div[1]/div/div/div/a","Header","HTML","341309","65671"
"Hyperlink","https://irishealing.com/blog/massage-therapy-in-effective-alcohol-detox-program/","https://irishealing.com/","Home","","True","","","200","OK","Absolute","//body/div[@class='wrapper-page']/div/section/div/div/div/div/div[1]/div[@class='breadcrumb-main']/div/div/ol/li[1]/a","Content","HTML","341309","65671"
"Hyperlink","https://irishealing.com/blog/massage-therapy-in-effective-alcohol-detox-program/","https://irishealing.com/","","Home","True","","","200","OK","Absolute","//body/footer/div/div/section[2]/div/div[1]/div/div[1]/div/div/div/a","Footer","HTML","341309","65671"
"Hyperlink","https://irishealing.com/blog/massage-therapy-in-effective-alcohol-detox-program/","https://irishealing.com/","","Iris Healing® – Luxury Addiction Treatment","True","","","200","OK","Absolute","//body/div[@class='canvas-mobile']/div/div[@class='top-canvas']/a[@class='logo-mm']","Content","HTML","341309","65671"
"Hyperlink","https://irishealing.com/blog/national-recovery-month-in-september/","https://irishealing.com/","","Home","True","","","200","OK","Absolute","//body/div[@class='wrapper-page']/header/div/div/div/div/section[1]/div/div/div/section[1]/div/div[1]/div/div[1]/div/div/div/a","Header","HTML","341309","65671"
"Hyperlink","https://irishealing.com/blog/national-recovery-month-in-september/","https://irishealing.com/","","","True","","","200","OK","Absolute","//body/div[@class='wrapper-page']/header/div/div/div/div/section[2]/div/div[1]/div/div/div/a","Header","HTML","341309","65671"
"Hyperlink","https://irishealing.com/blog/national-recovery-month-in-september/","https://irishealing.com/","Home","","True","","","200","OK","Absolute","//body/div[@class='wrapper-page']/div/section/div/div/div/div/div[1]/div[@class='breadcrumb-main']/div/div/ol/li[1]/a","Content","HTML","341309","65671"
"Hyperlink","https://irishealing.com/blog/national-recovery-month-in-september/","https://irishealing.com/","","Home","True","","","200","OK","Absolute","//body/footer/div/div/section[2]/div/div[1]/div/div[1]/div/div/div/a","Footer","HTML","341309","65671"
"Hyperlink","https://irishealing.com/blog/national-recovery-month-in-september/","https://irishealing.com/","","Iris Healing® – Luxury Addiction Treatment","True","","","200","OK","Absolute","//body/div[@class='canvas-mobile']/div/div[@class='top-canvas']/a[@class='logo-mm']","Content","HTML","341309","65671"
"Hyperlink","https://irishealing.com/blog/codependency/","https://irishealing.com/","","Home","True","","","200","OK","Absolute","//body/div[@class='wrapper-page']/header/div/div/div/div/section[1]/div/div/div/section[1]/div/div[1]/div/div[1]/div/div/div/a","Header","HTML","341309","65671"
"Hyperlink","https://irishealing.com/blog/codependency/","https://irishealing.com/","","","True","","","200","OK","Absolute","//body/div[@class='wrapper-page']/header/div/div/div/div/section[2]/div/div[1]/div/div/div/a","Header","HTML","341309","65671"
"Hyperlink","https://irishealing.com/blog/codependency/","https://irishealing.com/","Home","","True","","","200","OK","Absolute","//body/div[@class='wrapper-page']/div/section/div/div/div/div/div[1]/div[@class='breadcrumb-main']/div/div/ol/li[1]/a","Content","HTML","341309","65671"
"Hyperlink","https://irishealing.com/blog/codependency/","https://irishealing.com/","","Home","True","","","200","OK","Absolute","//body/footer/div/div/section[2]/div/div[1]/div/div[1]/div/div/div/a","Footer","HTML","341309","65671"
"Hyperlink","https://irishealing.com/blog/codependency/","https://irishealing.com/","","Iris Healing® – Luxury Addiction Treatment","True","","","200","OK","Absolute","//body/div[@class='canvas-mobile']/div/div[@class='top-canvas']/a[@class='logo-mm']","Content","HTML","341309","65671"
"Hyperlink","https://irishealing.com/blog/what-does-adderall-do-if-you-dont-have-adhd/","https://irishealing.com/","","Home","True","","","200","OK","Absolute","//body/div[@class='wrapper-page']/header/div/div/div/div/section[1]/div/div/div/section[1]/div/div[1]/div/div[1]/div/div/div/a","Header","HTML","341309","65671"
"Hyperlink","https://irishealing.com/blog/what-does-adderall-do-if-you-dont-have-adhd/","https://irishealing.com/","","","True","","","200","OK","Absolute","//body/div[@class='wrapper-page']/header/div/div/div/div/section[2]/div/div[1]/div/div/div/a","Header","HTML","341309","65671"
"Hyperlink","https://irishealing.com/blog/what-does-adderall-do-if-you-dont-have-adhd/","https://irishealing.com/","Home","","True","","","200","OK","Absolute","//body/div[@class='wrapper-page']/div/section/div/div/div/div/div[1]/div[@class='breadcrumb-main']/div/div/ol/li[1]/a","Content","HTML","341309","65671"
"Hyperlink","https://irishealing.com/blog/what-does-adderall-do-if-you-dont-have-adhd/","https://irishealing.com/","","Home","True","","","200","OK","Absolute","//body/footer/div/div/section[2]/div/div[1]/div/div[1]/div/div/div/a","Footer","HTML","341309","65671"
"Hyperlink","https://irishealing.com/blog/what-does-adderall-do-if-you-dont-have-adhd/","https://irishealing.com/","","Iris Healing® – Luxury Addiction Treatment","True","","","200","OK","Absolute","//body/div[@class='canvas-mobile']/div/div[@class='top-canvas']/a[@class='logo-mm']","Content","HTML","341309","65671"
"Hyperlink","https://irishealing.com/blog/cocaine-in-urine/","https://irishealing.com/","","Home","True","","","200","OK","Absolute","//body/div[@class='wrapper-page']/header/div/div/div/div/section[1]/div/div/div/section[1]/div/div[1]/div/div[1]/div/div/div/a","Header","HTML","341309","65671"
"Hyperlink","https://irishealing.com/blog/cocaine-in-urine/","https://irishealing.com/","","","True","","","200","OK","Absolute","//body/div[@class='wrapper-page']/header/div/div/div/div/section[2]/div/div[1]/div/div/div/a","Header","HTML","341309","65671"
"Hyperlink","https://irishealing.com/blog/cocaine-in-urine/","https://irishealing.com/","Home","","True","","","200","OK","Absolute","//body/div[@class='wrapper-page']/div/section/div/div/div/div/div[1]/div[@class='breadcrumb-main']/div/div/ol/li[1]/a","Content","HTML","341309","65671"
"Hyperlink","https://irishealing.com/blog/cocaine-in-urine/","https://irishealing.com/","","Home","True","","","200","OK","Absolute","//body/footer/div/div/section[2]/div/div[1]/div/div[1]/div/div/div/a","Footer","HTML","341309","65671"
"Hyperlink","https://irishealing.com/blog/cocaine-in-urine/","https://irishealing.com/","","Iris Healing® – Luxury Addiction Treatment","True","","","200","OK","Absolute","//body/div[@class='canvas-mobile']/div/div[@class='top-canvas']/a[@class='logo-mm']","Content","HTML","341309","65671"
"Hyperlink","https://irishealing.com/blog/healing-retreat-in-california-with-nutrition/","https://irishealing.com/","","Home","True","","","200","OK","Absolute","//body/div[@class='wrapper-page']/header/div/div/div/div/section[1]/div/div/div/section[1]/div/div[1]/div/div[1]/div/div/div/a","Header","HTML","341309","65671"
"Hyperlink","https://irishealing.com/blog/healing-retreat-in-california-with-nutrition/","https://irishealing.com/","","","True","","","200","OK","Absolute","//body/div[@class='wrapper-page']/header/div/div/div/div/section[2]/div/div[1]/div/div/div/a","Header","HTML","341309","65671"
"Hyperlink","https://irishealing.com/blog/healing-retreat-in-california-with-nutrition/","https://irishealing.com/","Home","","True","","","200","OK","Absolute","//body/div[@class='wrapper-page']/div/section/div/div/div/div/div[1]/div[@class='breadcrumb-main']/div/div/ol/li[1]/a","Content","HTML","341309","65671"
"Hyperlink","https://irishealing.com/blog/healing-retreat-in-california-with-nutrition/","https://irishealing.com/","","Home","True","","","200","OK","Absolute","//body/footer/div/div/section[2]/div/div[1]/div/div[1]/div/div/div/a","Footer","HTML","341309","65671"
"Hyperlink","https://irishealing.com/blog/healing-retreat-in-california-with-nutrition/","https://irishealing.com/","","Iris Healing® – Luxury Addiction Treatment","True","","","200","OK","Absolute","//body/div[@class='canvas-mobile']/div/div[@class='top-canvas']/a[@class='logo-mm']","Content","HTML","341309","65671"
"Hyperlink","https://irishealing.com/blog/wellness-retreats-for-depression-after-divorce/","https://irishealing.com/","","Home","True","","","200","OK","Absolute","//body/div[@class='wrapper-page']/header/div/div/div/div/section[1]/div/div/div/section[1]/div/div[1]/div/div[1]/div/div/div/a","Header","HTML","341309","65671"
"Hyperlink","https://irishealing.com/blog/wellness-retreats-for-depression-after-divorce/","https://irishealing.com/","","","True","","","200","OK","Absolute","//body/div[@class='wrapper-page']/header/div/div/div/div/section[2]/div/div[1]/div/div/div/a","Header","HTML","341309","65671"
"Hyperlink","https://irishealing.com/blog/wellness-retreats-for-depression-after-divorce/","https://irishealing.com/","Home","","True","","","200","OK","Absolute","//body/div[@class='wrapper-page']/div/section/div/div/div/div/div[1]/div[@class='breadcrumb-main']/div/div/ol/li[1]/a","Content","HTML","341309","65671"
"Hyperlink","https://irishealing.com/blog/wellness-retreats-for-depression-after-divorce/","https://irishealing.com/","","Home","True","","","200","OK","Absolute","//body/footer/div/div/section[2]/div/div[1]/div/div[1]/div/div/div/a","Footer","HTML","341309","65671"
"Hyperlink","https://irishealing.com/blog/wellness-retreats-for-depression-after-divorce/","https://irishealing.com/","","Iris Healing® – Luxury Addiction Treatment","True","","","200","OK","Absolute","//body/div[@class='canvas-mobile']/div/div[@class='top-canvas']/a[@class='logo-mm']","Content","HTML","341309","65671"
"Hyperlink","https://irishealing.com/iris-recommended-books/","https://irishealing.com/","","Home","True","","","200","OK","Absolute","//body/div[@class='wrapper-page']/header/div/div/div/div/section[1]/div/div/div/section[1]/div/div[1]/div/div[1]/div/div/div/a","Header","HTML","341309","65671"
"Hyperlink","https://irishealing.com/iris-recommended-books/","https://irishealing.com/","","","True","","","200","OK","Absolute","//body/div[@class='wrapper-page']/header/div/div/div/div/section[2]/div/div[1]/div/div/div/a","Header","HTML","341309","65671"
"Hyperlink","https://irishealing.com/iris-recommended-books/","https://irishealing.com/","Home","","True","","","200","OK","Absolute","//body/div[@class='wrapper-page']/div/section/div/div/div/div/div/div/div/div/div[1]/section[1]/div/div/div/div/div/div/div/div/div/div/div/ol/li[1]/a","Content","HTML","341309","65671"
"Hyperlink","https://irishealing.com/iris-recommended-books/","https://irishealing.com/","","Home","True","","","200","OK","Absolute","//body/footer/div/div/section[2]/div/div[1]/div/div[1]/div/div/div/a","Footer","HTML","341309","65671"
"Hyperlink","https://irishealing.com/iris-recommended-books/","https://irishealing.com/","","Iris Healing® – Luxury Addiction Treatment","True","","","200","OK","Absolute","//body/div[@class='canvas-mobile']/div/div[@class='top-canvas']/a[@class='logo-mm']","Content","HTML","341309","65671"
"Hyperlink","https://irishealing.com/blog/refuge-recovery-buddhist-addiction-treatment/","https://irishealing.com/","","Home","True","","","200","OK","Absolute","//body/div[@class='wrapper-page']/header/div/div/div/div/section[1]/div/div/div/section[1]/div/div[1]/div/div[1]/div/div/div/a","Header","HTML","341309","65671"
"Hyperlink","https://irishealing.com/blog/refuge-recovery-buddhist-addiction-treatment/","https://irishealing.com/","","","True","","","200","OK","Absolute","//body/div[@class='wrapper-page']/header/div/div/div/div/section[2]/div/div[1]/div/div/div/a","Header","HTML","341309","65671"
"Hyperlink","https://irishealing.com/blog/refuge-recovery-buddhist-addiction-treatment/","https://irishealing.com/","Home","","True","","","200","OK","Absolute","//body/div[@class='wrapper-page']/div/section/div/div/div/div/div[1]/div[@class='breadcrumb-main']/div/div/ol/li[1]/a","Content","HTML","341309","65671"
"Hyperlink","https://irishealing.com/blog/refuge-recovery-buddhist-addiction-treatment/","https://irishealing.com/","","Home","True","","","200","OK","Absolute","//body/footer/div/div/section[2]/div/div[1]/div/div[1]/div/div/div/a","Footer","HTML","341309","65671"
"Hyperlink","https://irishealing.com/blog/refuge-recovery-buddhist-addiction-treatment/","https://irishealing.com/","","Iris Healing® – Luxury Addiction Treatment","True","","","200","OK","Absolute","//body/div[@class='canvas-mobile']/div/div[@class='top-canvas']/a[@class='logo-mm']","Content","HTML","341309","65671"
"Hyperlink","https://irishealing.com/blog/opiods-and-america/","https://irishealing.com/","","Home","True","","","200","OK","Absolute","//body/div[@class='wrapper-page']/header/div/div/div/div/section[1]/div/div/div/section[1]/div/div[1]/div/div[1]/div/div/div/a","Header","HTML","341309","65671"
"Hyperlink","https://irishealing.com/blog/opiods-and-america/","https://irishealing.com/","","","True","","","200","OK","Absolute","//body/div[@class='wrapper-page']/header/div/div/div/div/section[2]/div/div[1]/div/div/div/a","Header","HTML","341309","65671"
"Hyperlink","https://irishealing.com/blog/opiods-and-america/","https://irishealing.com/","Home","","True","","","200","OK","Absolute","//body/div[@class='wrapper-page']/div/section/div/div/div/div/div[1]/div[@class='breadcrumb-main']/div/div/ol/li[1]/a","Content","HTML","341309","65671"
"Hyperlink","https://irishealing.com/blog/opiods-and-america/","https://irishealing.com/","","Home","True","","","200","OK","Absolute","//body/footer/div/div/section[2]/div/div[1]/div/div[1]/div/div/div/a","Footer","HTML","341309","65671"
"Hyperlink","https://irishealing.com/blog/opiods-and-america/","https://irishealing.com/","","Iris Healing® – Luxury Addiction Treatment","True","","","200","OK","Absolute","//body/div[@class='canvas-mobile']/div/div[@class='top-canvas']/a[@class='logo-mm']","Content","HTML","341309","65671"
"Hyperlink","https://irishealing.com/janine-fox-catc-ii-caade/","https://irishealing.com/","","Home","True","","","200","OK","Absolute","//body/div[@class='wrapper-page']/header/div/div/div/div/section[1]/div/div/div/section[1]/div/div[1]/div/div[1]/div/div/div/a","Header","HTML","341309","65671"
"Hyperlink","https://irishealing.com/janine-fox-catc-ii-caade/","https://irishealing.com/","","","True","","","200","OK","Absolute","//body/div[@class='wrapper-page']/header/div/div/div/div/section[2]/div/div[1]/div/div/div/a","Header","HTML","341309","65671"
"Hyperlink","https://irishealing.com/janine-fox-catc-ii-caade/","https://irishealing.com/","Home","","True","","","200","OK","Absolute","//body/div[@class='wrapper-page']/div/section/div/div/div/div/div/div/div/div/div[1]/section[1]/div/div/div/div/div/div/div/div/div/div/div/ol/li[1]/a","Content","HTML","341309","65671"
"Hyperlink","https://irishealing.com/janine-fox-catc-ii-caade/","https://irishealing.com/","","Home","True","","","200","OK","Absolute","//body/footer/div/div/section[2]/div/div[1]/div/div[1]/div/div/div/a","Footer","HTML","341309","65671"
"Hyperlink","https://irishealing.com/janine-fox-catc-ii-caade/","https://irishealing.com/","","Iris Healing® – Luxury Addiction Treatment","True","","","200","OK","Absolute","//body/div[@class='canvas-mobile']/div/div[@class='top-canvas']/a[@class='logo-mm']","Content","HTML","341309","65671"
"Hyperlink","https://irishealing.com/blog/sentencing-alternatives-treatment-vs-incarceration-for-drug-offenders/","https://irishealing.com/","","Home","True","","","200","OK","Absolute","//body/div[@class='wrapper-page']/header/div/div/div/div/section[1]/div/div/div/section[1]/div/div[1]/div/div[1]/div/div/div/a","Header","HTML","341309","65671"
"Hyperlink","https://irishealing.com/blog/sentencing-alternatives-treatment-vs-incarceration-for-drug-offenders/","https://irishealing.com/","","","True","","","200","OK","Absolute","//body/div[@class='wrapper-page']/header/div/div/div/div/section[2]/div/div[1]/div/div/div/a","Header","HTML","341309","65671"
"Hyperlink","https://irishealing.com/blog/sentencing-alternatives-treatment-vs-incarceration-for-drug-offenders/","https://irishealing.com/","Home","","True","","","200","OK","Absolute","//body/div[@class='wrapper-page']/div/section/div/div/div/div/div[1]/div[@class='breadcrumb-main']/div/div/ol/li[1]/a","Content","HTML","341309","65671"
"Hyperlink","https://irishealing.com/blog/sentencing-alternatives-treatment-vs-incarceration-for-drug-offenders/","https://irishealing.com/","","Home","True","","","200","OK","Absolute","//body/footer/div/div/section[2]/div/div[1]/div/div[1]/div/div/div/a","Footer","HTML","341309","65671"
"Hyperlink","https://irishealing.com/blog/sentencing-alternatives-treatment-vs-incarceration-for-drug-offenders/","https://irishealing.com/","","Iris Healing® – Luxury Addiction Treatment","True","","","200","OK","Absolute","//body/div[@class='canvas-mobile']/div/div[@class='top-canvas']/a[@class='logo-mm']","Content","HTML","341309","65671"
"Hyperlink","https://irishealing.com/blog/gaslighting/","https://irishealing.com/","","Home","True","","","200","OK","Absolute","//body/div[@class='wrapper-page']/header/div/div/div/div/section[1]/div/div/div/section[1]/div/div[1]/div/div[1]/div/div/div/a","Header","HTML","341309","65671"
"Hyperlink","https://irishealing.com/blog/gaslighting/","https://irishealing.com/","","","True","","","200","OK","Absolute","//body/div[@class='wrapper-page']/header/div/div/div/div/section[2]/div/div[1]/div/div/div/a","Header","HTML","341309","65671"
"Hyperlink","https://irishealing.com/blog/gaslighting/","https://irishealing.com/","Home","","True","","","200","OK","Absolute","//body/div[@class='wrapper-page']/div/section/div/div/div/div/div[1]/div[@class='breadcrumb-main']/div/div/ol/li[1]/a","Content","HTML","341309","65671"
"Hyperlink","https://irishealing.com/blog/gaslighting/","https://irishealing.com/","","Home","True","","","200","OK","Absolute","//body/footer/div/div/section[2]/div/div[1]/div/div[1]/div/div/div/a","Footer","HTML","341309","65671"
"Hyperlink","https://irishealing.com/blog/gaslighting/","https://irishealing.com/","","Iris Healing® – Luxury Addiction Treatment","True","","","200","OK","Absolute","//body/div[@class='canvas-mobile']/div/div[@class='top-canvas']/a[@class='logo-mm']","Content","HTML","341309","65671"
"Hyperlink","https://irishealing.com/blog/alcohol-detox-program-next-step/","https://irishealing.com/","","Home","True","","","200","OK","Absolute","//body/div[@class='wrapper-page']/header/div/div/div/div/section[1]/div/div/div/section[1]/div/div[1]/div/div[1]/div/div/div/a","Header","HTML","341309","65671"
"Hyperlink","https://irishealing.com/blog/alcohol-detox-program-next-step/","https://irishealing.com/","","","True","","","200","OK","Absolute","//body/div[@class='wrapper-page']/header/div/div/div/div/section[2]/div/div[1]/div/div/div/a","Header","HTML","341309","65671"
"Hyperlink","https://irishealing.com/blog/alcohol-detox-program-next-step/","https://irishealing.com/","Home","","True","","","200","OK","Absolute","//body/div[@class='wrapper-page']/div/section/div/div/div/div/div[1]/div[@class='breadcrumb-main']/div/div/ol/li[1]/a","Content","HTML","341309","65671"
"Hyperlink","https://irishealing.com/blog/alcohol-detox-program-next-step/","https://irishealing.com/","","Home","True","","","200","OK","Absolute","//body/footer/div/div/section[2]/div/div[1]/div/div[1]/div/div/div/a","Footer","HTML","341309","65671"
"Hyperlink","https://irishealing.com/blog/alcohol-detox-program-next-step/","https://irishealing.com/","","Iris Healing® – Luxury Addiction Treatment","True","","","200","OK","Absolute","//body/div[@class='canvas-mobile']/div/div[@class='top-canvas']/a[@class='logo-mm']","Content","HTML","341309","65671"
"Hyperlink","https://irishealing.com/stress-and-addiction/","https://irishealing.com/","","Home","True","","","200","OK","Absolute","//body/div[@class='wrapper-page']/header/div/div/div/div/section[1]/div/div/div/section[1]/div/div[1]/div/div[1]/div/div/div/a","Header","HTML","341309","65671"
"Hyperlink","https://irishealing.com/stress-and-addiction/","https://irishealing.com/","","","True","","","200","OK","Absolute","//body/div[@class='wrapper-page']/header/div/div/div/div/section[2]/div/div[1]/div/div/div/a","Header","HTML","341309","65671"
"Hyperlink","https://irishealing.com/stress-and-addiction/","https://irishealing.com/","Home","","True","","","200","OK","Absolute","//body/div[@class='wrapper-page']/div/div/section[1]/div/div/div/div/div/div/div/div/div[@class='breadcrumb-main']/div/div/ol/li[1]/a","Content","HTML","341309","65671"
"Hyperlink","https://irishealing.com/stress-and-addiction/","https://irishealing.com/","","Home","True","","","200","OK","Absolute","//body/footer/div/div/section[2]/div/div[1]/div/div[1]/div/div/div/a","Footer","HTML","341309","65671"
"Hyperlink","https://irishealing.com/stress-and-addiction/","https://irishealing.com/","","Iris Healing® – Luxury Addiction Treatment","True","","","200","OK","Absolute","//body/div[@class='canvas-mobile']/div/div[@class='top-canvas']/a[@class='logo-mm']","Content","HTML","341309","65671"
"Hyperlink","https://irishealing.com/blog/postpartum-baby-blues-vs-depression/","https://irishealing.com/","","Home","True","","","200","OK","Absolute","//body/div[@class='wrapper-page']/header/div/div/div/div/section[1]/div/div/div/section[1]/div/div[1]/div/div[1]/div/div/div/a","Header","HTML","341309","65671"
"Hyperlink","https://irishealing.com/blog/postpartum-baby-blues-vs-depression/","https://irishealing.com/","","","True","","","200","OK","Absolute","//body/div[@class='wrapper-page']/header/div/div/div/div/section[2]/div/div[1]/div/div/div/a","Header","HTML","341309","65671"
"Hyperlink","https://irishealing.com/blog/postpartum-baby-blues-vs-depression/","https://irishealing.com/","Home","","True","","","200","OK","Absolute","//body/div[@class='wrapper-page']/div/section/div/div/div/div/div[1]/div[@class='breadcrumb-main']/div/div/ol/li[1]/a","Content","HTML","341309","65671"
"Hyperlink","https://irishealing.com/blog/postpartum-baby-blues-vs-depression/","https://irishealing.com/","","Home","True","","","200","OK","Absolute","//body/footer/div/div/section[2]/div/div[1]/div/div[1]/div/div/div/a","Footer","HTML","341309","65671"
"Hyperlink","https://irishealing.com/blog/postpartum-baby-blues-vs-depression/","https://irishealing.com/","","Iris Healing® – Luxury Addiction Treatment","True","","","200","OK","Absolute","//body/div[@class='canvas-mobile']/div/div[@class='top-canvas']/a[@class='logo-mm']","Content","HTML","341309","65671"
"Hyperlink","https://irishealing.com/blog/how-to-help-an-addict/","https://irishealing.com/","","Home","True","","","200","OK","Absolute","//body/div[@class='wrapper-page']/header/div/div/div/div/section[1]/div/div/div/section[1]/div/div[1]/div/div[1]/div/div/div/a","Header","HTML","341309","65671"
"Hyperlink","https://irishealing.com/blog/how-to-help-an-addict/","https://irishealing.com/","","","True","","","200","OK","Absolute","//body/div[@class='wrapper-page']/header/div/div/div/div/section[2]/div/div[1]/div/div/div/a","Header","HTML","341309","65671"
"Hyperlink","https://irishealing.com/blog/how-to-help-an-addict/","https://irishealing.com/","Home","","True","","","200","OK","Absolute","//body/div[@class='wrapper-page']/div/section/div/div/div/div/div[1]/div[@class='breadcrumb-main']/div/div/ol/li[1]/a","Content","HTML","341309","65671"
"Hyperlink","https://irishealing.com/blog/how-to-help-an-addict/","https://irishealing.com/","","Home","True","","","200","OK","Absolute","//body/footer/div/div/section[2]/div/div[1]/div/div[1]/div/div/div/a","Footer","HTML","341309","65671"
"Hyperlink","https://irishealing.com/blog/how-to-help-an-addict/","https://irishealing.com/","","Iris Healing® – Luxury Addiction Treatment","True","","","200","OK","Absolute","//body/div[@class='canvas-mobile']/div/div[@class='top-canvas']/a[@class='logo-mm']","Content","HTML","341309","65671"
"Hyperlink","https://irishealing.com/blog/tms-for-tinnitus/","https://irishealing.com/","","Home","True","","","200","OK","Absolute","//body/div[@class='wrapper-page']/header/div/div/div/div/section[1]/div/div/div/section[1]/div/div[1]/div/div[1]/div/div/div/a","Header","HTML","341309","65671"
"Hyperlink","https://irishealing.com/blog/tms-for-tinnitus/","https://irishealing.com/","","","True","","","200","OK","Absolute","//body/div[@class='wrapper-page']/header/div/div/div/div/section[2]/div/div[1]/div/div/div/a","Header","HTML","341309","65671"
"Hyperlink","https://irishealing.com/blog/tms-for-tinnitus/","https://irishealing.com/","Home","","True","","","200","OK","Absolute","//body/div[@class='wrapper-page']/div/section/div/div/div/div/div[1]/div[@class='breadcrumb-main']/div/div/ol/li[1]/a","Content","HTML","341309","65671"
"Hyperlink","https://irishealing.com/blog/tms-for-tinnitus/","https://irishealing.com/","","Home","True","","","200","OK","Absolute","//body/footer/div/div/section[2]/div/div[1]/div/div[1]/div/div/div/a","Footer","HTML","341309","65671"
"Hyperlink","https://irishealing.com/blog/tms-for-tinnitus/","https://irishealing.com/","","Iris Healing® – Luxury Addiction Treatment","True","","","200","OK","Absolute","//body/div[@class='canvas-mobile']/div/div[@class='top-canvas']/a[@class='logo-mm']","Content","HTML","341309","65671"
"Hyperlink","https://irishealing.com/blog/mental-health-and-physical-health/","https://irishealing.com/","","Home","True","","","200","OK","Absolute","//body/div[@class='wrapper-page']/header/div/div/div/div/section[1]/div/div/div/section[1]/div/div[1]/div/div[1]/div/div/div/a","Header","HTML","341309","65671"
"Hyperlink","https://irishealing.com/blog/mental-health-and-physical-health/","https://irishealing.com/","","","True","","","200","OK","Absolute","//body/div[@class='wrapper-page']/header/div/div/div/div/section[2]/div/div[1]/div/div/div/a","Header","HTML","341309","65671"
"Hyperlink","https://irishealing.com/blog/mental-health-and-physical-health/","https://irishealing.com/","Home","","True","","","200","OK","Absolute","//body/div[@class='wrapper-page']/div/section/div/div/div/div/div[1]/div[@class='breadcrumb-main']/div/div/ol/li[1]/a","Content","HTML","341309","65671"
"Hyperlink","https://irishealing.com/blog/mental-health-and-physical-health/","https://irishealing.com/","","Home","True","","","200","OK","Absolute","//body/footer/div/div/section[2]/div/div[1]/div/div[1]/div/div/div/a","Footer","HTML","341309","65671"
"Hyperlink","https://irishealing.com/blog/mental-health-and-physical-health/","https://irishealing.com/","","Iris Healing® – Luxury Addiction Treatment","True","","","200","OK","Absolute","//body/div[@class='canvas-mobile']/div/div[@class='top-canvas']/a[@class='logo-mm']","Content","HTML","341309","65671"
"Hyperlink","https://irishealing.com/blog/what-causes-depression/","https://irishealing.com/","","Home","True","","","200","OK","Absolute","//body/div[@class='wrapper-page']/header/div/div/div/div/section[1]/div/div/div/section[1]/div/div[1]/div/div[1]/div/div/div/a","Header","HTML","341309","65671"
"Hyperlink","https://irishealing.com/blog/what-causes-depression/","https://irishealing.com/","","","True","","","200","OK","Absolute","//body/div[@class='wrapper-page']/header/div/div/div/div/section[2]/div/div[1]/div/div/div/a","Header","HTML","341309","65671"
"Hyperlink","https://irishealing.com/blog/what-causes-depression/","https://irishealing.com/","Home","","True","","","200","OK","Absolute","//body/div[@class='wrapper-page']/div/section/div/div/div/div/div[1]/div[@class='breadcrumb-main']/div/div/ol/li[1]/a","Content","HTML","341309","65671"
"Hyperlink","https://irishealing.com/blog/what-causes-depression/","https://irishealing.com/","","Home","True","","","200","OK","Absolute","//body/footer/div/div/section[2]/div/div[1]/div/div[1]/div/div/div/a","Footer","HTML","341309","65671"
"Hyperlink","https://irishealing.com/blog/what-causes-depression/","https://irishealing.com/","","Iris Healing® – Luxury Addiction Treatment","True","","","200","OK","Absolute","//body/div[@class='canvas-mobile']/div/div[@class='top-canvas']/a[@class='logo-mm']","Content","HTML","341309","65671"
"Hyperlink","https://irishealing.com/blog/influence-of-buddhism-in-holistic-rehab/","https://irishealing.com/","","Home","True","","","200","OK","Absolute","//body/div[@class='wrapper-page']/header/div/div/div/div/section[1]/div/div/div/section[1]/div/div[1]/div/div[1]/div/div/div/a","Header","HTML","341309","65671"
"Hyperlink","https://irishealing.com/blog/influence-of-buddhism-in-holistic-rehab/","https://irishealing.com/","","","True","","","200","OK","Absolute","//body/div[@class='wrapper-page']/header/div/div/div/div/section[2]/div/div[1]/div/div/div/a","Header","HTML","341309","65671"
"Hyperlink","https://irishealing.com/blog/influence-of-buddhism-in-holistic-rehab/","https://irishealing.com/","Home","","True","","","200","OK","Absolute","//body/div[@class='wrapper-page']/div/section/div/div/div/div/div[1]/div[@class='breadcrumb-main']/div/div/ol/li[1]/a","Content","HTML","341309","65671"
"Hyperlink","https://irishealing.com/blog/influence-of-buddhism-in-holistic-rehab/","https://irishealing.com/","","Home","True","","","200","OK","Absolute","//body/footer/div/div/section[2]/div/div[1]/div/div[1]/div/div/div/a","Footer","HTML","341309","65671"
"Hyperlink","https://irishealing.com/blog/influence-of-buddhism-in-holistic-rehab/","https://irishealing.com/","","Iris Healing® – Luxury Addiction Treatment","True","","","200","OK","Absolute","//body/div[@class='canvas-mobile']/div/div[@class='top-canvas']/a[@class='logo-mm']","Content","HTML","341309","65671"
"Hyperlink","https://irishealing.com/blog/iris-healing-holistic-rehab-in-california-celebrated-its-third-anniversary/","https://irishealing.com/","","Home","True","","","200","OK","Absolute","//body/div[@class='wrapper-page']/header/div/div/div/div/section[1]/div/div/div/section[1]/div/div[1]/div/div[1]/div/div/div/a","Header","HTML","341309","65671"
"Hyperlink","https://irishealing.com/blog/iris-healing-holistic-rehab-in-california-celebrated-its-third-anniversary/","https://irishealing.com/","","","True","","","200","OK","Absolute","//body/div[@class='wrapper-page']/header/div/div/div/div/section[2]/div/div[1]/div/div/div/a","Header","HTML","341309","65671"
"Hyperlink","https://irishealing.com/blog/iris-healing-holistic-rehab-in-california-celebrated-its-third-anniversary/","https://irishealing.com/","Home","","True","","","200","OK","Absolute","//body/div[@class='wrapper-page']/div/section/div/div/div/div/div[1]/div[@class='breadcrumb-main']/div/div/ol/li[1]/a","Content","HTML","341309","65671"
"Hyperlink","https://irishealing.com/blog/iris-healing-holistic-rehab-in-california-celebrated-its-third-anniversary/","https://irishealing.com/","","Home","True","","","200","OK","Absolute","//body/footer/div/div/section[2]/div/div[1]/div/div[1]/div/div/div/a","Footer","HTML","341309","65671"
"Hyperlink","https://irishealing.com/blog/iris-healing-holistic-rehab-in-california-celebrated-its-third-anniversary/","https://irishealing.com/","","Iris Healing® – Luxury Addiction Treatment","True","","","200","OK","Absolute","//body/div[@class='canvas-mobile']/div/div[@class='top-canvas']/a[@class='logo-mm']","Content","HTML","341309","65671"
"Hyperlink","https://irishealing.com/rehab-12-steps/","https://irishealing.com/","","Home","True","","","200","OK","Absolute","//body/div[@class='wrapper-page']/header/div/div/div/div/section[1]/div/div/div/section[1]/div/div[1]/div/div[1]/div/div/div/a","Header","HTML","341309","65671"
"Hyperlink","https://irishealing.com/rehab-12-steps/","https://irishealing.com/","","","True","","","200","OK","Absolute","//body/div[@class='wrapper-page']/header/div/div/div/div/section[2]/div/div[1]/div/div/div/a","Header","HTML","341309","65671"
"Hyperlink","https://irishealing.com/rehab-12-steps/","https://irishealing.com/","Home","","True","","","200","OK","Absolute","//body/div[@class='wrapper-page']/div/div/section[1]/div/div/div/div/div/div/div/div/div[@class='breadcrumb-main']/div/div/ol/li[1]/a","Content","HTML","341309","65671"
"Hyperlink","https://irishealing.com/rehab-12-steps/","https://irishealing.com/","","Home","True","","","200","OK","Absolute","//body/footer/div/div/section[2]/div/div[1]/div/div[1]/div/div/div/a","Footer","HTML","341309","65671"
"Hyperlink","https://irishealing.com/rehab-12-steps/","https://irishealing.com/","","Iris Healing® – Luxury Addiction Treatment","True","","","200","OK","Absolute","//body/div[@class='canvas-mobile']/div/div[@class='top-canvas']/a[@class='logo-mm']","Content","HTML","341309","65671"
"Hyperlink","https://irishealing.com/blog/lexapro-and-weed-can-marijuana-antidepressants-be-used-together/","https://irishealing.com/","","Home","True","","","200","OK","Absolute","//body/div[@class='wrapper-page']/header/div/div/div/div/section[1]/div/div/div/section[1]/div/div[1]/div/div[1]/div/div/div/a","Header","HTML","341309","65671"
"Hyperlink","https://irishealing.com/blog/lexapro-and-weed-can-marijuana-antidepressants-be-used-together/","https://irishealing.com/","","","True","","","200","OK","Absolute","//body/div[@class='wrapper-page']/header/div/div/div/div/section[2]/div/div[1]/div/div/div/a","Header","HTML","341309","65671"
"Hyperlink","https://irishealing.com/blog/lexapro-and-weed-can-marijuana-antidepressants-be-used-together/","https://irishealing.com/","Home","","True","","","200","OK","Absolute","//body/div[@class='wrapper-page']/div/section/div/div/div/div/div[1]/div[@class='breadcrumb-main']/div/div/ol/li[1]/a","Content","HTML","341309","65671"
"Hyperlink","https://irishealing.com/blog/lexapro-and-weed-can-marijuana-antidepressants-be-used-together/","https://irishealing.com/","","Home","True","","","200","OK","Absolute","//body/footer/div/div/section[2]/div/div[1]/div/div[1]/div/div/div/a","Footer","HTML","341309","65671"
"Hyperlink","https://irishealing.com/blog/lexapro-and-weed-can-marijuana-antidepressants-be-used-together/","https://irishealing.com/","","Iris Healing® – Luxury Addiction Treatment","True","","","200","OK","Absolute","//body/div[@class='canvas-mobile']/div/div[@class='top-canvas']/a[@class='logo-mm']","Content","HTML","341309","65671"
"Hyperlink","https://irishealing.com/sarah-nelson/","https://irishealing.com/","","Home","True","","","200","OK","Absolute","//body/div[@class='wrapper-page']/header/div/div/div/div/section[1]/div/div/div/section[1]/div/div[1]/div/div[1]/div/div/div/a","Header","HTML","341309","65671"
"Hyperlink","https://irishealing.com/sarah-nelson/","https://irishealing.com/","","","True","","","200","OK","Absolute","//body/div[@class='wrapper-page']/header/div/div/div/div/section[2]/div/div[1]/div/div/div/a","Header","HTML","341309","65671"
"Hyperlink","https://irishealing.com/sarah-nelson/","https://irishealing.com/","Home","","True","","","200","OK","Absolute","//body/div[@class='wrapper-page']/div/section/div/div/div/div/div/div/div/div/div[1]/section[1]/div/div/div/div/div/div/div/div/div/div/div/ol/li[1]/a","Content","HTML","341309","65671"
"Hyperlink","https://irishealing.com/sarah-nelson/","https://irishealing.com/","","Home","True","","","200","OK","Absolute","//body/footer/div/div/section[2]/div/div[1]/div/div[1]/div/div/div/a","Footer","HTML","341309","65671"
"Hyperlink","https://irishealing.com/sarah-nelson/","https://irishealing.com/","","Iris Healing® – Luxury Addiction Treatment","True","","","200","OK","Absolute","//body/div[@class='canvas-mobile']/div/div[@class='top-canvas']/a[@class='logo-mm']","Content","HTML","341309","65671"
"Hyperlink","https://irishealing.com/blog/new-season-new-beginnings/","https://irishealing.com/","","Home","True","","","200","OK","Absolute","//body/div[@class='wrapper-page']/header/div/div/div/div/section[1]/div/div/div/section[1]/div/div[1]/div/div[1]/div/div/div/a","Header","HTML","341309","65671"
"Hyperlink","https://irishealing.com/blog/new-season-new-beginnings/","https://irishealing.com/","","","True","","","200","OK","Absolute","//body/div[@class='wrapper-page']/header/div/div/div/div/section[2]/div/div[1]/div/div/div/a","Header","HTML","341309","65671"
"Hyperlink","https://irishealing.com/blog/new-season-new-beginnings/","https://irishealing.com/","Home","","True","","","200","OK","Absolute","//body/div[@class='wrapper-page']/div/section/div/div/div/div/div[1]/div[@class='breadcrumb-main']/div/div/ol/li[1]/a","Content","HTML","341309","65671"
"Hyperlink","https://irishealing.com/blog/new-season-new-beginnings/","https://irishealing.com/","","Home","True","","","200","OK","Absolute","//body/footer/div/div/section[2]/div/div[1]/div/div[1]/div/div/div/a","Footer","HTML","341309","65671"
"Hyperlink","https://irishealing.com/blog/new-season-new-beginnings/","https://irishealing.com/","","Iris Healing® – Luxury Addiction Treatment","True","","","200","OK","Absolute","//body/div[@class='canvas-mobile']/div/div[@class='top-canvas']/a[@class='logo-mm']","Content","HTML","341309","65671"
"Hyperlink","https://irishealing.com/blog/eap-therapy-at-our-trauma-healing-retreat/","https://irishealing.com/","","Home","True","","","200","OK","Absolute","//body/div[@class='wrapper-page']/header/div/div/div/div/section[1]/div/div/div/section[1]/div/div[1]/div/div[1]/div/div/div/a","Header","HTML","341309","65671"
"Hyperlink","https://irishealing.com/blog/eap-therapy-at-our-trauma-healing-retreat/","https://irishealing.com/","","","True","","","200","OK","Absolute","//body/div[@class='wrapper-page']/header/div/div/div/div/section[2]/div/div[1]/div/div/div/a","Header","HTML","341309","65671"
"Hyperlink","https://irishealing.com/blog/eap-therapy-at-our-trauma-healing-retreat/","https://irishealing.com/","Home","","True","","","200","OK","Absolute","//body/div[@class='wrapper-page']/div/section/div/div/div/div/div[1]/div[@class='breadcrumb-main']/div/div/ol/li[1]/a","Content","HTML","341309","65671"
"Hyperlink","https://irishealing.com/blog/eap-therapy-at-our-trauma-healing-retreat/","https://irishealing.com/","","Home","True","","","200","OK","Absolute","//body/footer/div/div/section[2]/div/div[1]/div/div[1]/div/div/div/a","Footer","HTML","341309","65671"
"Hyperlink","https://irishealing.com/blog/eap-therapy-at-our-trauma-healing-retreat/","https://irishealing.com/","","Iris Healing® – Luxury Addiction Treatment","True","","","200","OK","Absolute","//body/div[@class='canvas-mobile']/div/div[@class='top-canvas']/a[@class='logo-mm']","Content","HTML","341309","65671"
"Hyperlink","https://irishealing.com/blog/what-is-the-timeline-for-alcohol-detox-treatment/","https://irishealing.com/","","Home","True","","","200","OK","Absolute","//body/div[@class='wrapper-page']/header/div/div/div/div/section[1]/div/div/div/section[1]/div/div[1]/div/div[1]/div/div/div/a","Header","HTML","341309","65671"
"Hyperlink","https://irishealing.com/blog/what-is-the-timeline-for-alcohol-detox-treatment/","https://irishealing.com/","","","True","","","200","OK","Absolute","//body/div[@class='wrapper-page']/header/div/div/div/div/section[2]/div/div[1]/div/div/div/a","Header","HTML","341309","65671"
"Hyperlink","https://irishealing.com/blog/what-is-the-timeline-for-alcohol-detox-treatment/","https://irishealing.com/","Home","","True","","","200","OK","Absolute","//body/div[@class='wrapper-page']/div/section/div/div/div/div/div[1]/div[@class='breadcrumb-main']/div/div/ol/li[1]/a","Content","HTML","341309","65671"
"Hyperlink","https://irishealing.com/blog/what-is-the-timeline-for-alcohol-detox-treatment/","https://irishealing.com/","","Home","True","","","200","OK","Absolute","//body/footer/div/div/section[2]/div/div[1]/div/div[1]/div/div/div/a","Footer","HTML","341309","65671"
"Hyperlink","https://irishealing.com/blog/what-is-the-timeline-for-alcohol-detox-treatment/","https://irishealing.com/","","Iris Healing® – Luxury Addiction Treatment","True","","","200","OK","Absolute","//body/div[@class='canvas-mobile']/div/div[@class='top-canvas']/a[@class='logo-mm']","Content","HTML","341309","65671"
"Hyperlink","https://irishealing.com/blog/what-is-a-high-dose-of-klonopin/","https://irishealing.com/","","Home","True","","","200","OK","Absolute","//body/div[@class='wrapper-page']/header/div/div/div/div/section[1]/div/div/div/section[1]/div/div[1]/div/div[1]/div/div/div/a","Header","HTML","341309","65671"
"Hyperlink","https://irishealing.com/blog/what-is-a-high-dose-of-klonopin/","https://irishealing.com/","","","True","","","200","OK","Absolute","//body/div[@class='wrapper-page']/header/div/div/div/div/section[2]/div/div[1]/div/div/div/a","Header","HTML","341309","65671"
"Hyperlink","https://irishealing.com/blog/what-is-a-high-dose-of-klonopin/","https://irishealing.com/","Home","","True","","","200","OK","Absolute","//body/div[@class='wrapper-page']/div/section/div/div/div/div/div[1]/div[@class='breadcrumb-main']/div/div/ol/li[1]/a","Content","HTML","341309","65671"
"Hyperlink","https://irishealing.com/blog/what-is-a-high-dose-of-klonopin/","https://irishealing.com/","","Home","True","","","200","OK","Absolute","//body/footer/div/div/section[2]/div/div[1]/div/div[1]/div/div/div/a","Footer","HTML","341309","65671"
"Hyperlink","https://irishealing.com/blog/what-is-a-high-dose-of-klonopin/","https://irishealing.com/","","Iris Healing® – Luxury Addiction Treatment","True","","","200","OK","Absolute","//body/div[@class='canvas-mobile']/div/div[@class='top-canvas']/a[@class='logo-mm']","Content","HTML","341309","65671"
"Hyperlink","https://irishealing.com/blog/nervous-breakdown/","https://irishealing.com/","","Home","True","","","200","OK","Absolute","//body/div[@class='wrapper-page']/header/div/div/div/div/section[1]/div/div/div/section[1]/div/div[1]/div/div[1]/div/div/div/a","Header","HTML","341309","65671"
"Hyperlink","https://irishealing.com/blog/nervous-breakdown/","https://irishealing.com/","","","True","","","200","OK","Absolute","//body/div[@class='wrapper-page']/header/div/div/div/div/section[2]/div/div[1]/div/div/div/a","Header","HTML","341309","65671"
"Hyperlink","https://irishealing.com/blog/nervous-breakdown/","https://irishealing.com/","Home","","True","","","200","OK","Absolute","//body/div[@class='wrapper-page']/div/section/div/div/div/div/div[1]/div[@class='breadcrumb-main']/div/div/ol/li[1]/a","Content","HTML","341309","65671"
"Hyperlink","https://irishealing.com/blog/nervous-breakdown/","https://irishealing.com/","","Home","True","","","200","OK","Absolute","//body/footer/div/div/section[2]/div/div[1]/div/div[1]/div/div/div/a","Footer","HTML","341309","65671"
"Hyperlink","https://irishealing.com/blog/nervous-breakdown/","https://irishealing.com/","","Iris Healing® – Luxury Addiction Treatment","True","","","200","OK","Absolute","//body/div[@class='canvas-mobile']/div/div[@class='top-canvas']/a[@class='logo-mm']","Content","HTML","341309","65671"
"Hyperlink","https://irishealing.com/blog/methamphetamine-rehab/","https://irishealing.com/","","Home","True","","","200","OK","Absolute","//body/div[@class='wrapper-page']/header/div/div/div/div/section[1]/div/div/div/section[1]/div/div[1]/div/div[1]/div/div/div/a","Header","HTML","341309","65671"
"Hyperlink","https://irishealing.com/blog/methamphetamine-rehab/","https://irishealing.com/","","","True","","","200","OK","Absolute","//body/div[@class='wrapper-page']/header/div/div/div/div/section[2]/div/div[1]/div/div/div/a","Header","HTML","341309","65671"
"Hyperlink","https://irishealing.com/blog/methamphetamine-rehab/","https://irishealing.com/","Home","","True","","","200","OK","Absolute","//body/div[@class='wrapper-page']/div/section/div/div/div/div/div[1]/div[@class='breadcrumb-main']/div/div/ol/li[1]/a","Content","HTML","341309","65671"
"Hyperlink","https://irishealing.com/blog/methamphetamine-rehab/","https://irishealing.com/","","Home","True","","","200","OK","Absolute","//body/footer/div/div/section[2]/div/div[1]/div/div[1]/div/div/div/a","Footer","HTML","341309","65671"
"Hyperlink","https://irishealing.com/blog/methamphetamine-rehab/","https://irishealing.com/","","Iris Healing® – Luxury Addiction Treatment","True","","","200","OK","Absolute","//body/div[@class='canvas-mobile']/div/div[@class='top-canvas']/a[@class='logo-mm']","Content","HTML","341309","65671"
"Hyperlink","https://irishealing.com/blog/improve-mental-health/","https://irishealing.com/","","Home","True","","","200","OK","Absolute","//body/div[@class='wrapper-page']/header/div/div/div/div/section[1]/div/div/div/section[1]/div/div[1]/div/div[1]/div/div/div/a","Header","HTML","341309","65671"
"Hyperlink","https://irishealing.com/blog/improve-mental-health/","https://irishealing.com/","","","True","","","200","OK","Absolute","//body/div[@class='wrapper-page']/header/div/div/div/div/section[2]/div/div[1]/div/div/div/a","Header","HTML","341309","65671"
"Hyperlink","https://irishealing.com/blog/improve-mental-health/","https://irishealing.com/","Home","","True","","","200","OK","Absolute","//body/div[@class='wrapper-page']/div/section/div/div/div/div/div[1]/div[@class='breadcrumb-main']/div/div/ol/li[1]/a","Content","HTML","341309","65671"
"Hyperlink","https://irishealing.com/blog/improve-mental-health/","https://irishealing.com/","","Home","True","","","200","OK","Absolute","//body/footer/div/div/section[2]/div/div[1]/div/div[1]/div/div/div/a","Footer","HTML","341309","65671"
"Hyperlink","https://irishealing.com/blog/improve-mental-health/","https://irishealing.com/","","Iris Healing® – Luxury Addiction Treatment","True","","","200","OK","Absolute","//body/div[@class='canvas-mobile']/div/div[@class='top-canvas']/a[@class='logo-mm']","Content","HTML","341309","65671"
"Hyperlink","https://irishealing.com/blog/aa-meetings-near-woodland-hills-california/","https://irishealing.com/","","Home","True","","","200","OK","Absolute","//body/div[@class='wrapper-page']/header/div/div/div/div/section[1]/div/div/div/section[1]/div/div[1]/div/div[1]/div/div/div/a","Header","HTML","341309","65671"
"Hyperlink","https://irishealing.com/blog/aa-meetings-near-woodland-hills-california/","https://irishealing.com/","","","True","","","200","OK","Absolute","//body/div[@class='wrapper-page']/header/div/div/div/div/section[2]/div/div[1]/div/div/div/a","Header","HTML","341309","65671"
"Hyperlink","https://irishealing.com/blog/aa-meetings-near-woodland-hills-california/","https://irishealing.com/","Home","","True","","","200","OK","Absolute","//body/div[@class='wrapper-page']/div/section/div/div/div/div/div[1]/div[@class='breadcrumb-main']/div/div/ol/li[1]/a","Content","HTML","341309","65671"
"Hyperlink","https://irishealing.com/blog/aa-meetings-near-woodland-hills-california/","https://irishealing.com/","Iris Healing®","","True","","","200","OK","Root-Relative","//body/div[@class='wrapper-page']/div/section/div/div/div/div/div[2]/div/div/div[1]/article/div[@class='entry-content']/div/div[2]/div/section/div/div/div/div/div/p[8]/a[1]","Content","HTML","341309","65671"
"Hyperlink","https://irishealing.com/blog/aa-meetings-near-woodland-hills-california/","https://irishealing.com/","Iris Healing®","","True","","","200","OK","Root-Relative","//body/div[@class='wrapper-page']/div/section/div/div/div/div/div[2]/div/div/div[1]/article/div[@class='entry-content']/div/div[2]/div/section/div/div/div/div/div/p[9]/a","Content","HTML","341309","65671"
"Hyperlink","https://irishealing.com/blog/aa-meetings-near-woodland-hills-california/","https://irishealing.com/","","Home","True","","","200","OK","Absolute","//body/footer/div/div/section[2]/div/div[1]/div/div[1]/div/div/div/a","Footer","HTML","341309","65671"
"Hyperlink","https://irishealing.com/blog/aa-meetings-near-woodland-hills-california/","https://irishealing.com/","","Iris Healing® – Luxury Addiction Treatment","True","","","200","OK","Absolute","//body/div[@class='canvas-mobile']/div/div[@class='top-canvas']/a[@class='logo-mm']","Content","HTML","341309","65671"
"Hyperlink","https://irishealing.com/addiction-treatment/iris-tms-wellness-mental-health-treatment-in-woodland-hills-ca/","https://irishealing.com/","","Home","True","","","200","OK","Absolute","//body/div[@class='wrapper-page']/header/div/div/div/div/section[1]/div/div/div/section[1]/div/div[1]/div/div[1]/div/div/div/a","Header","HTML","341309","65671"
"Hyperlink","https://irishealing.com/addiction-treatment/iris-tms-wellness-mental-health-treatment-in-woodland-hills-ca/","https://irishealing.com/","","","True","","","200","OK","Absolute","//body/div[@class='wrapper-page']/header/div/div/div/div/section[2]/div/div[1]/div/div/div/a","Header","HTML","341309","65671"
"Hyperlink","https://irishealing.com/addiction-treatment/iris-tms-wellness-mental-health-treatment-in-woodland-hills-ca/","https://irishealing.com/","Home","","True","","","200","OK","Absolute","//body/div[@class='wrapper-page']/div/div/section[1]/div/div/div/div/div/div/div/div/div[@class='breadcrumb-main']/div/div/ol/li[1]/a","Content","HTML","341309","65671"
"Hyperlink","https://irishealing.com/addiction-treatment/iris-tms-wellness-mental-health-treatment-in-woodland-hills-ca/","https://irishealing.com/","","Home","True","","","200","OK","Absolute","//body/footer/div/div/section[2]/div/div[1]/div/div[1]/div/div/div/a","Footer","HTML","341309","65671"
"Hyperlink","https://irishealing.com/addiction-treatment/iris-tms-wellness-mental-health-treatment-in-woodland-hills-ca/","https://irishealing.com/","","Iris Healing® – Luxury Addiction Treatment","True","","","200","OK","Absolute","//body/div[@class='canvas-mobile']/div/div[@class='top-canvas']/a[@class='logo-mm']","Content","HTML","341309","65671"
"Hyperlink","https://irishealing.com/blog/alcohol-belly-in-men/","https://irishealing.com/","","Home","True","","","200","OK","Absolute","//body/div[@class='wrapper-page']/header/div/div/div/div/section[1]/div/div/div/section[1]/div/div[1]/div/div[1]/div/div/div/a","Header","HTML","341309","65671"
"Hyperlink","https://irishealing.com/blog/alcohol-belly-in-men/","https://irishealing.com/","","","True","","","200","OK","Absolute","//body/div[@class='wrapper-page']/header/div/div/div/div/section[2]/div/div[1]/div/div/div/a","Header","HTML","341309","65671"
"Hyperlink","https://irishealing.com/blog/alcohol-belly-in-men/","https://irishealing.com/","Home","","True","","","200","OK","Absolute","//body/div[@class='wrapper-page']/div/section/div/div/div/div/div[1]/div[@class='breadcrumb-main']/div/div/ol/li[1]/a","Content","HTML","341309","65671"
"Hyperlink","https://irishealing.com/blog/alcohol-belly-in-men/","https://irishealing.com/","","Home","True","","","200","OK","Absolute","//body/footer/div/div/section[2]/div/div[1]/div/div[1]/div/div/div/a","Footer","HTML","341309","65671"
"Hyperlink","https://irishealing.com/blog/alcohol-belly-in-men/","https://irishealing.com/","","Iris Healing® – Luxury Addiction Treatment","True","","","200","OK","Absolute","//body/div[@class='canvas-mobile']/div/div[@class='top-canvas']/a[@class='logo-mm']","Content","HTML","341309","65671"
"Hyperlink","https://irishealing.com/blog/famous-people-with-bipolar-disorder-celebs-coping-with-bipolar/","https://irishealing.com/","","Home","True","","","200","OK","Absolute","//body/div[@class='wrapper-page']/header/div/div/div/div/section[1]/div/div/div/section[1]/div/div[1]/div/div[1]/div/div/div/a","Header","HTML","341309","65671"
"Hyperlink","https://irishealing.com/blog/famous-people-with-bipolar-disorder-celebs-coping-with-bipolar/","https://irishealing.com/","","","True","","","200","OK","Absolute","//body/div[@class='wrapper-page']/header/div/div/div/div/section[2]/div/div[1]/div/div/div/a","Header","HTML","341309","65671"
"Hyperlink","https://irishealing.com/blog/famous-people-with-bipolar-disorder-celebs-coping-with-bipolar/","https://irishealing.com/","Home","","True","","","200","OK","Absolute","//body/div[@class='wrapper-page']/div/section/div/div/div/div/div[1]/div[@class='breadcrumb-main']/div/div/ol/li[1]/a","Content","HTML","341309","65671"
"Hyperlink","https://irishealing.com/blog/famous-people-with-bipolar-disorder-celebs-coping-with-bipolar/","https://irishealing.com/","","Home","True","","","200","OK","Absolute","//body/footer/div/div/section[2]/div/div[1]/div/div[1]/div/div/div/a","Footer","HTML","341309","65671"
"Hyperlink","https://irishealing.com/blog/famous-people-with-bipolar-disorder-celebs-coping-with-bipolar/","https://irishealing.com/","","Iris Healing® – Luxury Addiction Treatment","True","","","200","OK","Absolute","//body/div[@class='canvas-mobile']/div/div[@class='top-canvas']/a[@class='logo-mm']","Content","HTML","341309","65671"
"Hyperlink","https://irishealing.com/blog/mental-health-awareness-month/","https://irishealing.com/","","Home","True","","","200","OK","Absolute","//body/div[@class='wrapper-page']/header/div/div/div/div/section[1]/div/div/div/section[1]/div/div[1]/div/div[1]/div/div/div/a","Header","HTML","341309","65671"
"Hyperlink","https://irishealing.com/blog/mental-health-awareness-month/","https://irishealing.com/","","","True","","","200","OK","Absolute","//body/div[@class='wrapper-page']/header/div/div/div/div/section[2]/div/div[1]/div/div/div/a","Header","HTML","341309","65671"
"Hyperlink","https://irishealing.com/blog/mental-health-awareness-month/","https://irishealing.com/","Home","","True","","","200","OK","Absolute","//body/div[@class='wrapper-page']/div/section/div/div/div/div/div[1]/div[@class='breadcrumb-main']/div/div/ol/li[1]/a","Content","HTML","341309","65671"
"Hyperlink","https://irishealing.com/blog/mental-health-awareness-month/","https://irishealing.com/","","Home","True","","","200","OK","Absolute","//body/footer/div/div/section[2]/div/div[1]/div/div[1]/div/div/div/a","Footer","HTML","341309","65671"
"Hyperlink","https://irishealing.com/blog/mental-health-awareness-month/","https://irishealing.com/","","Iris Healing® – Luxury Addiction Treatment","True","","","200","OK","Absolute","//body/div[@class='canvas-mobile']/div/div[@class='top-canvas']/a[@class='logo-mm']","Content","HTML","341309","65671"
"Hyperlink","https://irishealing.com/blog/why-am-i-sleeping-so-much/","https://irishealing.com/","","Home","True","","","200","OK","Absolute","//body/div[@class='wrapper-page']/header/div/div/div/div/section[1]/div/div/div/section[1]/div/div[1]/div/div[1]/div/div/div/a","Header","HTML","341309","65671"
"Hyperlink","https://irishealing.com/blog/why-am-i-sleeping-so-much/","https://irishealing.com/","","","True","","","200","OK","Absolute","//body/div[@class='wrapper-page']/header/div/div/div/div/section[2]/div/div[1]/div/div/div/a","Header","HTML","341309","65671"
"Hyperlink","https://irishealing.com/blog/why-am-i-sleeping-so-much/","https://irishealing.com/","Home","","True","","","200","OK","Absolute","//body/div[@class='wrapper-page']/div/section/div/div/div/div/div[1]/div[@class='breadcrumb-main']/div/div/ol/li[1]/a","Content","HTML","341309","65671"
"Hyperlink","https://irishealing.com/blog/why-am-i-sleeping-so-much/","https://irishealing.com/","","Home","True","","","200","OK","Absolute","//body/footer/div/div/section[2]/div/div[1]/div/div[1]/div/div/div/a","Footer","HTML","341309","65671"
"Hyperlink","https://irishealing.com/blog/why-am-i-sleeping-so-much/","https://irishealing.com/","","Iris Healing® – Luxury Addiction Treatment","True","","","200","OK","Absolute","//body/div[@class='canvas-mobile']/div/div[@class='top-canvas']/a[@class='logo-mm']","Content","HTML","341309","65671"
"Hyperlink","https://irishealing.com/blog/medical-professionals-and-addiction/","https://irishealing.com/","","Home","True","","","200","OK","Absolute","//body/div[@class='wrapper-page']/header/div/div/div/div/section[1]/div/div/div/section[1]/div/div[1]/div/div[1]/div/div/div/a","Header","HTML","341309","65671"
"Hyperlink","https://irishealing.com/blog/medical-professionals-and-addiction/","https://irishealing.com/","","","True","","","200","OK","Absolute","//body/div[@class='wrapper-page']/header/div/div/div/div/section[2]/div/div[1]/div/div/div/a","Header","HTML","341309","65671"
"Hyperlink","https://irishealing.com/blog/medical-professionals-and-addiction/","https://irishealing.com/","Home","","True","","","200","OK","Absolute","//body/div[@class='wrapper-page']/div/section/div/div/div/div/div[1]/div[@class='breadcrumb-main']/div/div/ol/li[1]/a","Content","HTML","341309","65671"
"Hyperlink","https://irishealing.com/blog/medical-professionals-and-addiction/","https://irishealing.com/","","Home","True","","","200","OK","Absolute","//body/footer/div/div/section[2]/div/div[1]/div/div[1]/div/div/div/a","Footer","HTML","341309","65671"
"Hyperlink","https://irishealing.com/blog/medical-professionals-and-addiction/","https://irishealing.com/","","Iris Healing® – Luxury Addiction Treatment","True","","","200","OK","Absolute","//body/div[@class='canvas-mobile']/div/div[@class='top-canvas']/a[@class='logo-mm']","Content","HTML","341309","65671"
"Hyperlink","https://irishealing.com/marcos-guillen/","https://irishealing.com/","","Home","True","","","200","OK","Absolute","//body/div[@class='wrapper-page']/header/div/div/div/div/section[1]/div/div/div/section[1]/div/div[1]/div/div[1]/div/div/div/a","Header","HTML","341309","65671"
"Hyperlink","https://irishealing.com/marcos-guillen/","https://irishealing.com/","","","True","","","200","OK","Absolute","//body/div[@class='wrapper-page']/header/div/div/div/div/section[2]/div/div[1]/div/div/div/a","Header","HTML","341309","65671"
"Hyperlink","https://irishealing.com/marcos-guillen/","https://irishealing.com/","Home","","True","","","200","OK","Absolute","//body/div[@class='wrapper-page']/div/section/div/div/div/div/div/div/div/div/div[1]/section[1]/div/div/div/div/div/div/div/div/div/div/div/ol/li[1]/a","Content","HTML","341309","65671"
"Hyperlink","https://irishealing.com/marcos-guillen/","https://irishealing.com/","","Home","True","","","200","OK","Absolute","//body/footer/div/div/section[2]/div/div[1]/div/div[1]/div/div/div/a","Footer","HTML","341309","65671"
"Hyperlink","https://irishealing.com/marcos-guillen/","https://irishealing.com/","","Iris Healing® – Luxury Addiction Treatment","True","","","200","OK","Absolute","//body/div[@class='canvas-mobile']/div/div[@class='top-canvas']/a[@class='logo-mm']","Content","HTML","341309","65671"
"Hyperlink","https://irishealing.com/blog/what-a-holistic-drug-rehab-can-offer/","https://irishealing.com/","","Home","True","","","200","OK","Absolute","//body/div[@class='wrapper-page']/header/div/div/div/div/section[1]/div/div/div/section[1]/div/div[1]/div/div[1]/div/div/div/a","Header","HTML","341309","65671"
"Hyperlink","https://irishealing.com/blog/what-a-holistic-drug-rehab-can-offer/","https://irishealing.com/","","","True","","","200","OK","Absolute","//body/div[@class='wrapper-page']/header/div/div/div/div/section[2]/div/div[1]/div/div/div/a","Header","HTML","341309","65671"
"Hyperlink","https://irishealing.com/blog/what-a-holistic-drug-rehab-can-offer/","https://irishealing.com/","Home","","True","","","200","OK","Absolute","//body/div[@class='wrapper-page']/div/section/div/div/div/div/div[1]/div[@class='breadcrumb-main']/div/div/ol/li[1]/a","Content","HTML","341309","65671"
"Hyperlink","https://irishealing.com/blog/what-a-holistic-drug-rehab-can-offer/","https://irishealing.com/","","Home","True","","","200","OK","Absolute","//body/footer/div/div/section[2]/div/div[1]/div/div[1]/div/div/div/a","Footer","HTML","341309","65671"
"Hyperlink","https://irishealing.com/blog/what-a-holistic-drug-rehab-can-offer/","https://irishealing.com/","","Iris Healing® – Luxury Addiction Treatment","True","","","200","OK","Absolute","//body/div[@class='canvas-mobile']/div/div[@class='top-canvas']/a[@class='logo-mm']","Content","HTML","341309","65671"
"Hyperlink","https://irishealing.com/blog/tms-for-depression/","https://irishealing.com/","","Home","True","","","200","OK","Absolute","//body/div[@class='wrapper-page']/header/div/div/div/div/section[1]/div/div/div/section[1]/div/div[1]/div/div[1]/div/div/div/a","Header","HTML","341309","65671"
"Hyperlink","https://irishealing.com/blog/tms-for-depression/","https://irishealing.com/","","","True","","","200","OK","Absolute","//body/div[@class='wrapper-page']/header/div/div/div/div/section[2]/div/div[1]/div/div/div/a","Header","HTML","341309","65671"
"Hyperlink","https://irishealing.com/blog/tms-for-depression/","https://irishealing.com/","Home","","True","","","200","OK","Absolute","//body/div[@class='wrapper-page']/div/section/div/div/div/div/div[1]/div[@class='breadcrumb-main']/div/div/ol/li[1]/a","Content","HTML","341309","65671"
"Hyperlink","https://irishealing.com/blog/tms-for-depression/","https://irishealing.com/","","Home","True","","","200","OK","Absolute","//body/footer/div/div/section[2]/div/div[1]/div/div[1]/div/div/div/a","Footer","HTML","341309","65671"
"Hyperlink","https://irishealing.com/blog/tms-for-depression/","https://irishealing.com/","","Iris Healing® – Luxury Addiction Treatment","True","","","200","OK","Absolute","//body/div[@class='canvas-mobile']/div/div[@class='top-canvas']/a[@class='logo-mm']","Content","HTML","341309","65671"
"Hyperlink","https://irishealing.com/blog/recovery-with-outpatient-programs/","https://irishealing.com/","","Home","True","","","200","OK","Absolute","//body/div[@class='wrapper-page']/header/div/div/div/div/section[1]/div/div/div/section[1]/div/div[1]/div/div[1]/div/div/div/a","Header","HTML","341309","65671"
"Hyperlink","https://irishealing.com/blog/recovery-with-outpatient-programs/","https://irishealing.com/","","","True","","","200","OK","Absolute","//body/div[@class='wrapper-page']/header/div/div/div/div/section[2]/div/div[1]/div/div/div/a","Header","HTML","341309","65671"
"Hyperlink","https://irishealing.com/blog/recovery-with-outpatient-programs/","https://irishealing.com/","Home","","True","","","200","OK","Absolute","//body/div[@class='wrapper-page']/div/section/div/div/div/div/div[1]/div[@class='breadcrumb-main']/div/div/ol/li[1]/a","Content","HTML","341309","65671"
"Hyperlink","https://irishealing.com/blog/recovery-with-outpatient-programs/","https://irishealing.com/","","Home","True","","","200","OK","Absolute","//body/footer/div/div/section[2]/div/div[1]/div/div[1]/div/div/div/a","Footer","HTML","341309","65671"
"Hyperlink","https://irishealing.com/blog/recovery-with-outpatient-programs/","https://irishealing.com/","","Iris Healing® – Luxury Addiction Treatment","True","","","200","OK","Absolute","//body/div[@class='canvas-mobile']/div/div[@class='top-canvas']/a[@class='logo-mm']","Content","HTML","341309","65671"
"Hyperlink","https://irishealing.com/blog/ocd-and-addiction/","https://irishealing.com/","","Home","True","","","200","OK","Absolute","//body/div[@class='wrapper-page']/header/div/div/div/div/section[1]/div/div/div/section[1]/div/div[1]/div/div[1]/div/div/div/a","Header","HTML","341309","65671"
"Hyperlink","https://irishealing.com/blog/ocd-and-addiction/","https://irishealing.com/","","","True","","","200","OK","Absolute","//body/div[@class='wrapper-page']/header/div/div/div/div/section[2]/div/div[1]/div/div/div/a","Header","HTML","341309","65671"
"Hyperlink","https://irishealing.com/blog/ocd-and-addiction/","https://irishealing.com/","Home","","True","","","200","OK","Absolute","//body/div[@class='wrapper-page']/div/section/div/div/div/div/div[1]/div[@class='breadcrumb-main']/div/div/ol/li[1]/a","Content","HTML","341309","65671"
"Hyperlink","https://irishealing.com/blog/ocd-and-addiction/","https://irishealing.com/","","Home","True","","","200","OK","Absolute","//body/footer/div/div/section[2]/div/div[1]/div/div[1]/div/div/div/a","Footer","HTML","341309","65671"
"Hyperlink","https://irishealing.com/blog/ocd-and-addiction/","https://irishealing.com/","","Iris Healing® – Luxury Addiction Treatment","True","","","200","OK","Absolute","//body/div[@class='canvas-mobile']/div/div[@class='top-canvas']/a[@class='logo-mm']","Content","HTML","341309","65671"
"Hyperlink","https://irishealing.com/blog/how-mindfulness-doesnt-mean-meditation/","https://irishealing.com/","","Home","True","","","200","OK","Absolute","//body/div[@class='wrapper-page']/header/div/div/div/div/section[1]/div/div/div/section[1]/div/div[1]/div/div[1]/div/div/div/a","Header","HTML","341309","65671"
"Hyperlink","https://irishealing.com/blog/how-mindfulness-doesnt-mean-meditation/","https://irishealing.com/","","","True","","","200","OK","Absolute","//body/div[@class='wrapper-page']/header/div/div/div/div/section[2]/div/div[1]/div/div/div/a","Header","HTML","341309","65671"
"Hyperlink","https://irishealing.com/blog/how-mindfulness-doesnt-mean-meditation/","https://irishealing.com/","Home","","True","","","200","OK","Absolute","//body/div[@class='wrapper-page']/div/section/div/div/div/div/div[1]/div[@class='breadcrumb-main']/div/div/ol/li[1]/a","Content","HTML","341309","65671"
"Hyperlink","https://irishealing.com/blog/how-mindfulness-doesnt-mean-meditation/","https://irishealing.com/","","Home","True","","","200","OK","Absolute","//body/footer/div/div/section[2]/div/div[1]/div/div[1]/div/div/div/a","Footer","HTML","341309","65671"
"Hyperlink","https://irishealing.com/blog/how-mindfulness-doesnt-mean-meditation/","https://irishealing.com/","","Iris Healing® – Luxury Addiction Treatment","True","","","200","OK","Absolute","//body/div[@class='canvas-mobile']/div/div[@class='top-canvas']/a[@class='logo-mm']","Content","HTML","341309","65671"
"Hyperlink","https://irishealing.com/damarcus-l-morton/","https://irishealing.com/","","Home","True","","","200","OK","Absolute","//body/div[@class='wrapper-page']/header/div/div/div/div/section[1]/div/div/div/section[1]/div/div[1]/div/div[1]/div/div/div/a","Header","HTML","341309","65671"
"Hyperlink","https://irishealing.com/damarcus-l-morton/","https://irishealing.com/","","","True","","","200","OK","Absolute","//body/div[@class='wrapper-page']/header/div/div/div/div/section[2]/div/div[1]/div/div/div/a","Header","HTML","341309","65671"
"Hyperlink","https://irishealing.com/damarcus-l-morton/","https://irishealing.com/","Home","","True","","","200","OK","Absolute","//body/div[@class='wrapper-page']/div/section/div/div/div/div/div/div/div/div/div[1]/section[1]/div/div/div/div/div/div/div/div/div/div/div/ol/li[1]/a","Content","HTML","341309","65671"
"Hyperlink","https://irishealing.com/damarcus-l-morton/","https://irishealing.com/","","Home","True","","","200","OK","Absolute","//body/footer/div/div/section[2]/div/div[1]/div/div[1]/div/div/div/a","Footer","HTML","341309","65671"
"Hyperlink","https://irishealing.com/damarcus-l-morton/","https://irishealing.com/","","Iris Healing® – Luxury Addiction Treatment","True","","","200","OK","Absolute","//body/div[@class='canvas-mobile']/div/div[@class='top-canvas']/a[@class='logo-mm']","Content","HTML","341309","65671"
"Hyperlink","https://irishealing.com/shannon-savage-howie/","https://irishealing.com/","","Home","True","","","200","OK","Absolute","//body/div[@class='wrapper-page']/header/div/div/div/div/section[1]/div/div/div/section[1]/div/div[1]/div/div[1]/div/div/div/a","Header","HTML","341309","65671"
"Hyperlink","https://irishealing.com/shannon-savage-howie/","https://irishealing.com/","","","True","","","200","OK","Absolute","//body/div[@class='wrapper-page']/header/div/div/div/div/section[2]/div/div[1]/div/div/div/a","Header","HTML","341309","65671"
"Hyperlink","https://irishealing.com/shannon-savage-howie/","https://irishealing.com/","Home","","True","","","200","OK","Absolute","//body/div[@class='wrapper-page']/div/section/div/div/div/div/div/div/div/div/div[1]/section[1]/div/div/div/div/div/div/div/div/div/div/div/ol/li[1]/a","Content","HTML","341309","65671"
"Hyperlink","https://irishealing.com/shannon-savage-howie/","https://irishealing.com/","","Home","True","","","200","OK","Absolute","//body/footer/div/div/section[2]/div/div[1]/div/div[1]/div/div/div/a","Footer","HTML","341309","65671"
"Hyperlink","https://irishealing.com/shannon-savage-howie/","https://irishealing.com/","","Iris Healing® – Luxury Addiction Treatment","True","","","200","OK","Absolute","//body/div[@class='canvas-mobile']/div/div[@class='top-canvas']/a[@class='logo-mm']","Content","HTML","341309","65671"
"Hyperlink","https://irishealing.com/blog/how-to-heal-from-childhood-trauma/","https://irishealing.com/","","Home","True","","","200","OK","Absolute","//body/div[@class='wrapper-page']/header/div/div/div/div/section[1]/div/div/div/section[1]/div/div[1]/div/div[1]/div/div/div/a","Header","HTML","341309","65671"
"Hyperlink","https://irishealing.com/blog/how-to-heal-from-childhood-trauma/","https://irishealing.com/","","","True","","","200","OK","Absolute","//body/div[@class='wrapper-page']/header/div/div/div/div/section[2]/div/div[1]/div/div/div/a","Header","HTML","341309","65671"
"Hyperlink","https://irishealing.com/blog/how-to-heal-from-childhood-trauma/","https://irishealing.com/","Home","","True","","","200","OK","Absolute","//body/div[@class='wrapper-page']/div/section/div/div/div/div/div[1]/div[@class='breadcrumb-main']/div/div/ol/li[1]/a","Content","HTML","341309","65671"
"Hyperlink","https://irishealing.com/blog/how-to-heal-from-childhood-trauma/","https://irishealing.com/","","Home","True","","","200","OK","Absolute","//body/footer/div/div/section[2]/div/div[1]/div/div[1]/div/div/div/a","Footer","HTML","341309","65671"
"Hyperlink","https://irishealing.com/blog/how-to-heal-from-childhood-trauma/","https://irishealing.com/","","Iris Healing® – Luxury Addiction Treatment","True","","","200","OK","Absolute","//body/div[@class='canvas-mobile']/div/div[@class='top-canvas']/a[@class='logo-mm']","Content","HTML","341309","65671"
"Hyperlink","https://irishealing.com/blog/6-movies-about-borderline-personality-disorder-bpd/","https://irishealing.com/","","Home","True","","","200","OK","Absolute","//body/div[@class='wrapper-page']/header/div/div/div/div/section[1]/div/div/div/section[1]/div/div[1]/div/div[1]/div/div/div/a","Header","HTML","341309","65671"
"Hyperlink","https://irishealing.com/blog/6-movies-about-borderline-personality-disorder-bpd/","https://irishealing.com/","","","True","","","200","OK","Absolute","//body/div[@class='wrapper-page']/header/div/div/div/div/section[2]/div/div[1]/div/div/div/a","Header","HTML","341309","65671"
"Hyperlink","https://irishealing.com/blog/6-movies-about-borderline-personality-disorder-bpd/","https://irishealing.com/","Home","","True","","","200","OK","Absolute","//body/div[@class='wrapper-page']/div/section/div/div/div/div/div[1]/div[@class='breadcrumb-main']/div/div/ol/li[1]/a","Content","HTML","341309","65671"
"Hyperlink","https://irishealing.com/blog/6-movies-about-borderline-personality-disorder-bpd/","https://irishealing.com/","","Home","True","","","200","OK","Absolute","//body/footer/div/div/section[2]/div/div[1]/div/div[1]/div/div/div/a","Footer","HTML","341309","65671"
"Hyperlink","https://irishealing.com/blog/6-movies-about-borderline-personality-disorder-bpd/","https://irishealing.com/","","Iris Healing® – Luxury Addiction Treatment","True","","","200","OK","Absolute","//body/div[@class='canvas-mobile']/div/div[@class='top-canvas']/a[@class='logo-mm']","Content","HTML","341309","65671"
"Hyperlink","https://irishealing.com/blog/successful-holistic-drug-rehab-in-los-angeles/","https://irishealing.com/","","Home","True","","","200","OK","Absolute","//body/div[@class='wrapper-page']/header/div/div/div/div/section[1]/div/div/div/section[1]/div/div[1]/div/div[1]/div/div/div/a","Header","HTML","341309","65671"
"Hyperlink","https://irishealing.com/blog/successful-holistic-drug-rehab-in-los-angeles/","https://irishealing.com/","","","True","","","200","OK","Absolute","//body/div[@class='wrapper-page']/header/div/div/div/div/section[2]/div/div[1]/div/div/div/a","Header","HTML","341309","65671"
"Hyperlink","https://irishealing.com/blog/successful-holistic-drug-rehab-in-los-angeles/","https://irishealing.com/","Home","","True","","","200","OK","Absolute","//body/div[@class='wrapper-page']/div/section/div/div/div/div/div[1]/div[@class='breadcrumb-main']/div/div/ol/li[1]/a","Content","HTML","341309","65671"
"Hyperlink","https://irishealing.com/blog/successful-holistic-drug-rehab-in-los-angeles/","https://irishealing.com/","","Home","True","","","200","OK","Absolute","//body/footer/div/div/section[2]/div/div[1]/div/div[1]/div/div/div/a","Footer","HTML","341309","65671"
"Hyperlink","https://irishealing.com/blog/successful-holistic-drug-rehab-in-los-angeles/","https://irishealing.com/","","Iris Healing® – Luxury Addiction Treatment","True","","","200","OK","Absolute","//body/div[@class='canvas-mobile']/div/div[@class='top-canvas']/a[@class='logo-mm']","Content","HTML","341309","65671"
"Hyperlink","https://irishealing.com/blog/what-is-bipolar-depression/","https://irishealing.com/","","Home","True","","","200","OK","Absolute","//body/div[@class='wrapper-page']/header/div/div/div/div/section[1]/div/div/div/section[1]/div/div[1]/div/div[1]/div/div/div/a","Header","HTML","341309","65671"
"Hyperlink","https://irishealing.com/blog/what-is-bipolar-depression/","https://irishealing.com/","","","True","","","200","OK","Absolute","//body/div[@class='wrapper-page']/header/div/div/div/div/section[2]/div/div[1]/div/div/div/a","Header","HTML","341309","65671"
"Hyperlink","https://irishealing.com/blog/what-is-bipolar-depression/","https://irishealing.com/","Home","","True","","","200","OK","Absolute","//body/div[@class='wrapper-page']/div/section/div/div/div/div/div[1]/div[@class='breadcrumb-main']/div/div/ol/li[1]/a","Content","HTML","341309","65671"
"Hyperlink","https://irishealing.com/blog/what-is-bipolar-depression/","https://irishealing.com/","","Home","True","","","200","OK","Absolute","//body/footer/div/div/section[2]/div/div[1]/div/div[1]/div/div/div/a","Footer","HTML","341309","65671"
"Hyperlink","https://irishealing.com/blog/what-is-bipolar-depression/","https://irishealing.com/","","Iris Healing® – Luxury Addiction Treatment","True","","","200","OK","Absolute","//body/div[@class='canvas-mobile']/div/div[@class='top-canvas']/a[@class='logo-mm']","Content","HTML","341309","65671"
"Hyperlink","https://irishealing.com/blog/why-do-bipolar-relationships-fail/","https://irishealing.com/","","Home","True","","","200","OK","Absolute","//body/div[@class='wrapper-page']/header/div/div/div/div/section[1]/div/div/div/section[1]/div/div[1]/div/div[1]/div/div/div/a","Header","HTML","341309","65671"
"Hyperlink","https://irishealing.com/blog/why-do-bipolar-relationships-fail/","https://irishealing.com/","","","True","","","200","OK","Absolute","//body/div[@class='wrapper-page']/header/div/div/div/div/section[2]/div/div[1]/div/div/div/a","Header","HTML","341309","65671"
"Hyperlink","https://irishealing.com/blog/why-do-bipolar-relationships-fail/","https://irishealing.com/","Home","","True","","","200","OK","Absolute","//body/div[@class='wrapper-page']/div/section/div/div/div/div/div[1]/div[@class='breadcrumb-main']/div/div/ol/li[1]/a","Content","HTML","341309","65671"
"Hyperlink","https://irishealing.com/blog/why-do-bipolar-relationships-fail/","https://irishealing.com/","","Home","True","","","200","OK","Absolute","//body/footer/div/div/section[2]/div/div[1]/div/div[1]/div/div/div/a","Footer","HTML","341309","65671"
"Hyperlink","https://irishealing.com/blog/why-do-bipolar-relationships-fail/","https://irishealing.com/","","Iris Healing® – Luxury Addiction Treatment","True","","","200","OK","Absolute","//body/div[@class='canvas-mobile']/div/div[@class='top-canvas']/a[@class='logo-mm']","Content","HTML","341309","65671"
"Hyperlink","https://irishealing.com/blog/the-hero-in-all-of-us/","https://irishealing.com/","","Home","True","","","200","OK","Absolute","//body/div[@class='wrapper-page']/header/div/div/div/div/section[1]/div/div/div/section[1]/div/div[1]/div/div[1]/div/div/div/a","Header","HTML","341309","65671"
"Hyperlink","https://irishealing.com/blog/the-hero-in-all-of-us/","https://irishealing.com/","","","True","","","200","OK","Absolute","//body/div[@class='wrapper-page']/header/div/div/div/div/section[2]/div/div[1]/div/div/div/a","Header","HTML","341309","65671"
"Hyperlink","https://irishealing.com/blog/the-hero-in-all-of-us/","https://irishealing.com/","Home","","True","","","200","OK","Absolute","//body/div[@class='wrapper-page']/div/section/div/div/div/div/div[1]/div[@class='breadcrumb-main']/div/div/ol/li[1]/a","Content","HTML","341309","65671"
"Hyperlink","https://irishealing.com/blog/the-hero-in-all-of-us/","https://irishealing.com/","","Home","True","","","200","OK","Absolute","//body/footer/div/div/section[2]/div/div[1]/div/div[1]/div/div/div/a","Footer","HTML","341309","65671"
"Hyperlink","https://irishealing.com/blog/the-hero-in-all-of-us/","https://irishealing.com/","","Iris Healing® – Luxury Addiction Treatment","True","","","200","OK","Absolute","//body/div[@class='canvas-mobile']/div/div[@class='top-canvas']/a[@class='logo-mm']","Content","HTML","341309","65671"
"Hyperlink","https://irishealing.com/blog/free-brainspotting-group-consultation-with-dr-stephen-lamotte/","https://irishealing.com/","","Home","True","","","200","OK","Absolute","//body/div[@class='wrapper-page']/header/div/div/div/div/section[1]/div/div/div/section[1]/div/div[1]/div/div[1]/div/div/div/a","Header","HTML","341309","65671"
"Hyperlink","https://irishealing.com/blog/free-brainspotting-group-consultation-with-dr-stephen-lamotte/","https://irishealing.com/","","","True","","","200","OK","Absolute","//body/div[@class='wrapper-page']/header/div/div/div/div/section[2]/div/div[1]/div/div/div/a","Header","HTML","341309","65671"
"Hyperlink","https://irishealing.com/blog/free-brainspotting-group-consultation-with-dr-stephen-lamotte/","https://irishealing.com/","Home","","True","","","200","OK","Absolute","//body/div[@class='wrapper-page']/div/section/div/div/div/div/div[1]/div[@class='breadcrumb-main']/div/div/ol/li[1]/a","Content","HTML","341309","65671"
"Hyperlink","https://irishealing.com/blog/free-brainspotting-group-consultation-with-dr-stephen-lamotte/","https://irishealing.com/","","Home","True","","","200","OK","Absolute","//body/footer/div/div/section[2]/div/div[1]/div/div[1]/div/div/div/a","Footer","HTML","341309","65671"
"Hyperlink","https://irishealing.com/blog/free-brainspotting-group-consultation-with-dr-stephen-lamotte/","https://irishealing.com/","","Iris Healing® – Luxury Addiction Treatment","True","","","200","OK","Absolute","//body/div[@class='canvas-mobile']/div/div[@class='top-canvas']/a[@class='logo-mm']","Content","HTML","341309","65671"
"Hyperlink","https://irishealing.com/blog/sleep-disorders-and-addiction/","https://irishealing.com/","","Home","True","","","200","OK","Absolute","//body/div[@class='wrapper-page']/header/div/div/div/div/section[1]/div/div/div/section[1]/div/div[1]/div/div[1]/div/div/div/a","Header","HTML","341309","65671"
"Hyperlink","https://irishealing.com/blog/sleep-disorders-and-addiction/","https://irishealing.com/","","","True","","","200","OK","Absolute","//body/div[@class='wrapper-page']/header/div/div/div/div/section[2]/div/div[1]/div/div/div/a","Header","HTML","341309","65671"
"Hyperlink","https://irishealing.com/blog/sleep-disorders-and-addiction/","https://irishealing.com/","Home","","True","","","200","OK","Absolute","//body/div[@class='wrapper-page']/div/section/div/div/div/div/div[1]/div[@class='breadcrumb-main']/div/div/ol/li[1]/a","Content","HTML","341309","65671"
"Hyperlink","https://irishealing.com/blog/sleep-disorders-and-addiction/","https://irishealing.com/","","Home","True","","","200","OK","Absolute","//body/footer/div/div/section[2]/div/div[1]/div/div[1]/div/div/div/a","Footer","HTML","341309","65671"
"Hyperlink","https://irishealing.com/blog/sleep-disorders-and-addiction/","https://irishealing.com/","","Iris Healing® – Luxury Addiction Treatment","True","","","200","OK","Absolute","//body/div[@class='canvas-mobile']/div/div[@class='top-canvas']/a[@class='logo-mm']","Content","HTML","341309","65671"
"Hyperlink","https://irishealing.com/blog/sound-therapy-healing-to-treat-insomnia/","https://irishealing.com/","","Home","True","","","200","OK","Absolute","//body/div[@class='wrapper-page']/header/div/div/div/div/section[1]/div/div/div/section[1]/div/div[1]/div/div[1]/div/div/div/a","Header","HTML","341309","65671"
"Hyperlink","https://irishealing.com/blog/sound-therapy-healing-to-treat-insomnia/","https://irishealing.com/","","","True","","","200","OK","Absolute","//body/div[@class='wrapper-page']/header/div/div/div/div/section[2]/div/div[1]/div/div/div/a","Header","HTML","341309","65671"
"Hyperlink","https://irishealing.com/blog/sound-therapy-healing-to-treat-insomnia/","https://irishealing.com/","Home","","True","","","200","OK","Absolute","//body/div[@class='wrapper-page']/div/section/div/div/div/div/div[1]/div[@class='breadcrumb-main']/div/div/ol/li[1]/a","Content","HTML","341309","65671"
"Hyperlink","https://irishealing.com/blog/sound-therapy-healing-to-treat-insomnia/","https://irishealing.com/","","Home","True","","","200","OK","Absolute","//body/footer/div/div/section[2]/div/div[1]/div/div[1]/div/div/div/a","Footer","HTML","341309","65671"
"Hyperlink","https://irishealing.com/blog/sound-therapy-healing-to-treat-insomnia/","https://irishealing.com/","","Iris Healing® – Luxury Addiction Treatment","True","","","200","OK","Absolute","//body/div[@class='canvas-mobile']/div/div[@class='top-canvas']/a[@class='logo-mm']","Content","HTML","341309","65671"
"Hyperlink","https://irishealing.com/blog/what-to-know-about-dual-diagnosis-treatment-centers-in-california/","https://irishealing.com/","","Home","True","","","200","OK","Absolute","//body/div[@class='wrapper-page']/header/div/div/div/div/section[1]/div/div/div/section[1]/div/div[1]/div/div[1]/div/div/div/a","Header","HTML","341309","65671"
"Hyperlink","https://irishealing.com/blog/what-to-know-about-dual-diagnosis-treatment-centers-in-california/","https://irishealing.com/","","","True","","","200","OK","Absolute","//body/div[@class='wrapper-page']/header/div/div/div/div/section[2]/div/div[1]/div/div/div/a","Header","HTML","341309","65671"
"Hyperlink","https://irishealing.com/blog/what-to-know-about-dual-diagnosis-treatment-centers-in-california/","https://irishealing.com/","Home","","True","","","200","OK","Absolute","//body/div[@class='wrapper-page']/div/section/div/div/div/div/div[1]/div[@class='breadcrumb-main']/div/div/ol/li[1]/a","Content","HTML","341309","65671"
"Hyperlink","https://irishealing.com/blog/what-to-know-about-dual-diagnosis-treatment-centers-in-california/","https://irishealing.com/","","Home","True","","","200","OK","Absolute","//body/footer/div/div/section[2]/div/div[1]/div/div[1]/div/div/div/a","Footer","HTML","341309","65671"
"Hyperlink","https://irishealing.com/blog/what-to-know-about-dual-diagnosis-treatment-centers-in-california/","https://irishealing.com/","","Iris Healing® – Luxury Addiction Treatment","True","","","200","OK","Absolute","//body/div[@class='canvas-mobile']/div/div[@class='top-canvas']/a[@class='logo-mm']","Content","HTML","341309","65671"
"Hyperlink","https://irishealing.com/blog/neurofeedback-using-science-address-addiction-co-occurring-disorders/","https://irishealing.com/","","Home","True","","","200","OK","Absolute","//body/div[@class='wrapper-page']/header/div/div/div/div/section[1]/div/div/div/section[1]/div/div[1]/div/div[1]/div/div/div/a","Header","HTML","341309","65671"
"Hyperlink","https://irishealing.com/blog/neurofeedback-using-science-address-addiction-co-occurring-disorders/","https://irishealing.com/","","","True","","","200","OK","Absolute","//body/div[@class='wrapper-page']/header/div/div/div/div/section[2]/div/div[1]/div/div/div/a","Header","HTML","341309","65671"
"Hyperlink","https://irishealing.com/blog/neurofeedback-using-science-address-addiction-co-occurring-disorders/","https://irishealing.com/","Home","","True","","","200","OK","Absolute","//body/div[@class='wrapper-page']/div/section/div/div/div/div/div[1]/div[@class='breadcrumb-main']/div/div/ol/li[1]/a","Content","HTML","341309","65671"
"Hyperlink","https://irishealing.com/blog/neurofeedback-using-science-address-addiction-co-occurring-disorders/","https://irishealing.com/","","Home","True","","","200","OK","Absolute","//body/footer/div/div/section[2]/div/div[1]/div/div[1]/div/div/div/a","Footer","HTML","341309","65671"
"Hyperlink","https://irishealing.com/blog/neurofeedback-using-science-address-addiction-co-occurring-disorders/","https://irishealing.com/","","Iris Healing® – Luxury Addiction Treatment","True","","","200","OK","Absolute","//body/div[@class='canvas-mobile']/div/div[@class='top-canvas']/a[@class='logo-mm']","Content","HTML","341309","65671"
"Hyperlink","https://irishealing.com/blog/building-a-bond-with-equine-therapy/","https://irishealing.com/","","Home","True","","","200","OK","Absolute","//body/div[@class='wrapper-page']/header/div/div/div/div/section[1]/div/div/div/section[1]/div/div[1]/div/div[1]/div/div/div/a","Header","HTML","341309","65671"
"Hyperlink","https://irishealing.com/blog/building-a-bond-with-equine-therapy/","https://irishealing.com/","","","True","","","200","OK","Absolute","//body/div[@class='wrapper-page']/header/div/div/div/div/section[2]/div/div[1]/div/div/div/a","Header","HTML","341309","65671"
"Hyperlink","https://irishealing.com/blog/building-a-bond-with-equine-therapy/","https://irishealing.com/","Home","","True","","","200","OK","Absolute","//body/div[@class='wrapper-page']/div/section/div/div/div/div/div[1]/div[@class='breadcrumb-main']/div/div/ol/li[1]/a","Content","HTML","341309","65671"
"Hyperlink","https://irishealing.com/blog/building-a-bond-with-equine-therapy/","https://irishealing.com/","","Home","True","","","200","OK","Absolute","//body/footer/div/div/section[2]/div/div[1]/div/div[1]/div/div/div/a","Footer","HTML","341309","65671"
"Hyperlink","https://irishealing.com/blog/building-a-bond-with-equine-therapy/","https://irishealing.com/","","Iris Healing® – Luxury Addiction Treatment","True","","","200","OK","Absolute","//body/div[@class='canvas-mobile']/div/div[@class='top-canvas']/a[@class='logo-mm']","Content","HTML","341309","65671"
"Hyperlink","https://irishealing.com/blog/mental-health-illnesses/","https://irishealing.com/","","Home","True","","","200","OK","Absolute","//body/div[@class='wrapper-page']/header/div/div/div/div/section[1]/div/div/div/section[1]/div/div[1]/div/div[1]/div/div/div/a","Header","HTML","341309","65671"
"Hyperlink","https://irishealing.com/blog/mental-health-illnesses/","https://irishealing.com/","","","True","","","200","OK","Absolute","//body/div[@class='wrapper-page']/header/div/div/div/div/section[2]/div/div[1]/div/div/div/a","Header","HTML","341309","65671"
"Hyperlink","https://irishealing.com/blog/mental-health-illnesses/","https://irishealing.com/","Home","","True","","","200","OK","Absolute","//body/div[@class='wrapper-page']/div/section/div/div/div/div/div[1]/div[@class='breadcrumb-main']/div/div/ol/li[1]/a","Content","HTML","341309","65671"
"Hyperlink","https://irishealing.com/blog/mental-health-illnesses/","https://irishealing.com/","","Home","True","","","200","OK","Absolute","//body/footer/div/div/section[2]/div/div[1]/div/div[1]/div/div/div/a","Footer","HTML","341309","65671"
"Hyperlink","https://irishealing.com/blog/mental-health-illnesses/","https://irishealing.com/","","Iris Healing® – Luxury Addiction Treatment","True","","","200","OK","Absolute","//body/div[@class='canvas-mobile']/div/div[@class='top-canvas']/a[@class='logo-mm']","Content","HTML","341309","65671"
"Hyperlink","https://irishealing.com/irina-kapustina/","https://irishealing.com/","","Home","True","","","200","OK","Absolute","//body/div[@class='wrapper-page']/header/div/div/div/div/section[1]/div/div/div/section[1]/div/div[1]/div/div[1]/div/div/div/a","Header","HTML","341309","65671"
"Hyperlink","https://irishealing.com/irina-kapustina/","https://irishealing.com/","","","True","","","200","OK","Absolute","//body/div[@class='wrapper-page']/header/div/div/div/div/section[2]/div/div[1]/div/div/div/a","Header","HTML","341309","65671"
"Hyperlink","https://irishealing.com/irina-kapustina/","https://irishealing.com/","Home","","True","","","200","OK","Absolute","//body/div[@class='wrapper-page']/div/section/div/div/div/div/div/div/div/div/div[1]/section[1]/div/div/div/div/div/div/div/div/div/div/div/ol/li[1]/a","Content","HTML","341309","65671"
"Hyperlink","https://irishealing.com/irina-kapustina/","https://irishealing.com/","","Home","True","","","200","OK","Absolute","//body/footer/div/div/section[2]/div/div[1]/div/div[1]/div/div/div/a","Footer","HTML","341309","65671"
"Hyperlink","https://irishealing.com/irina-kapustina/","https://irishealing.com/","","Iris Healing® – Luxury Addiction Treatment","True","","","200","OK","Absolute","//body/div[@class='canvas-mobile']/div/div[@class='top-canvas']/a[@class='logo-mm']","Content","HTML","341309","65671"
"Hyperlink","https://irishealing.com/blog/june-is-ptsd-awareness-month-post-traumatic-stress-disorder/","https://irishealing.com/","","Home","True","","","200","OK","Absolute","//body/div[@class='wrapper-page']/header/div/div/div/div/section[1]/div/div/div/section[1]/div/div[1]/div/div[1]/div/div/div/a","Header","HTML","341309","65671"
"Hyperlink","https://irishealing.com/blog/june-is-ptsd-awareness-month-post-traumatic-stress-disorder/","https://irishealing.com/","","","True","","","200","OK","Absolute","//body/div[@class='wrapper-page']/header/div/div/div/div/section[2]/div/div[1]/div/div/div/a","Header","HTML","341309","65671"
"Hyperlink","https://irishealing.com/blog/june-is-ptsd-awareness-month-post-traumatic-stress-disorder/","https://irishealing.com/","Home","","True","","","200","OK","Absolute","//body/div[@class='wrapper-page']/div/section/div/div/div/div/div[1]/div[@class='breadcrumb-main']/div/div/ol/li[1]/a","Content","HTML","341309","65671"
"Hyperlink","https://irishealing.com/blog/june-is-ptsd-awareness-month-post-traumatic-stress-disorder/","https://irishealing.com/","","Home","True","","","200","OK","Absolute","//body/footer/div/div/section[2]/div/div[1]/div/div[1]/div/div/div/a","Footer","HTML","341309","65671"
"Hyperlink","https://irishealing.com/blog/june-is-ptsd-awareness-month-post-traumatic-stress-disorder/","https://irishealing.com/","","Iris Healing® – Luxury Addiction Treatment","True","","","200","OK","Absolute","//body/div[@class='canvas-mobile']/div/div[@class='top-canvas']/a[@class='logo-mm']","Content","HTML","341309","65671"
"Hyperlink","https://irishealing.com/blog/eating-disorders-and-addiction/","https://irishealing.com/","","Home","True","","","200","OK","Absolute","//body/div[@class='wrapper-page']/header/div/div/div/div/section[1]/div/div/div/section[1]/div/div[1]/div/div[1]/div/div/div/a","Header","HTML","341309","65671"
"Hyperlink","https://irishealing.com/blog/eating-disorders-and-addiction/","https://irishealing.com/","","","True","","","200","OK","Absolute","//body/div[@class='wrapper-page']/header/div/div/div/div/section[2]/div/div[1]/div/div/div/a","Header","HTML","341309","65671"
"Hyperlink","https://irishealing.com/blog/eating-disorders-and-addiction/","https://irishealing.com/","Home","","True","","","200","OK","Absolute","//body/div[@class='wrapper-page']/div/section/div/div/div/div/div[1]/div[@class='breadcrumb-main']/div/div/ol/li[1]/a","Content","HTML","341309","65671"
"Hyperlink","https://irishealing.com/blog/eating-disorders-and-addiction/","https://irishealing.com/","","Home","True","","","200","OK","Absolute","//body/footer/div/div/section[2]/div/div[1]/div/div[1]/div/div/div/a","Footer","HTML","341309","65671"
"Hyperlink","https://irishealing.com/blog/eating-disorders-and-addiction/","https://irishealing.com/","","Iris Healing® – Luxury Addiction Treatment","True","","","200","OK","Absolute","//body/div[@class='canvas-mobile']/div/div[@class='top-canvas']/a[@class='logo-mm']","Content","HTML","341309","65671"
"Hyperlink","https://irishealing.com/blog/buried-addictions-amid-opioid-crisis/","https://irishealing.com/","","Home","True","","","200","OK","Absolute","//body/div[@class='wrapper-page']/header/div/div/div/div/section[1]/div/div/div/section[1]/div/div[1]/div/div[1]/div/div/div/a","Header","HTML","341309","65671"
"Hyperlink","https://irishealing.com/blog/buried-addictions-amid-opioid-crisis/","https://irishealing.com/","","","True","","","200","OK","Absolute","//body/div[@class='wrapper-page']/header/div/div/div/div/section[2]/div/div[1]/div/div/div/a","Header","HTML","341309","65671"
"Hyperlink","https://irishealing.com/blog/buried-addictions-amid-opioid-crisis/","https://irishealing.com/","Home","","True","","","200","OK","Absolute","//body/div[@class='wrapper-page']/div/section/div/div/div/div/div[1]/div[@class='breadcrumb-main']/div/div/ol/li[1]/a","Content","HTML","341309","65671"
"Hyperlink","https://irishealing.com/blog/buried-addictions-amid-opioid-crisis/","https://irishealing.com/","","Home","True","","","200","OK","Absolute","//body/footer/div/div/section[2]/div/div[1]/div/div[1]/div/div/div/a","Footer","HTML","341309","65671"
"Hyperlink","https://irishealing.com/blog/buried-addictions-amid-opioid-crisis/","https://irishealing.com/","","Iris Healing® – Luxury Addiction Treatment","True","","","200","OK","Absolute","//body/div[@class='canvas-mobile']/div/div[@class='top-canvas']/a[@class='logo-mm']","Content","HTML","341309","65671"
"Hyperlink","https://irishealing.com/blog/alcohol-tremors/","https://irishealing.com/","","Home","True","","","200","OK","Absolute","//body/div[@class='wrapper-page']/header/div/div/div/div/section[1]/div/div/div/section[1]/div/div[1]/div/div[1]/div/div/div/a","Header","HTML","341309","65671"
"Hyperlink","https://irishealing.com/blog/alcohol-tremors/","https://irishealing.com/","","","True","","","200","OK","Absolute","//body/div[@class='wrapper-page']/header/div/div/div/div/section[2]/div/div[1]/div/div/div/a","Header","HTML","341309","65671"
"Hyperlink","https://irishealing.com/blog/alcohol-tremors/","https://irishealing.com/","Home","","True","","","200","OK","Absolute","//body/div[@class='wrapper-page']/div/section/div/div/div/div/div[1]/div[@class='breadcrumb-main']/div/div/ol/li[1]/a","Content","HTML","341309","65671"
"Hyperlink","https://irishealing.com/blog/alcohol-tremors/","https://irishealing.com/","","Home","True","","","200","OK","Absolute","//body/footer/div/div/section[2]/div/div[1]/div/div[1]/div/div/div/a","Footer","HTML","341309","65671"
"Hyperlink","https://irishealing.com/blog/alcohol-tremors/","https://irishealing.com/","","Iris Healing® – Luxury Addiction Treatment","True","","","200","OK","Absolute","//body/div[@class='canvas-mobile']/div/div[@class='top-canvas']/a[@class='logo-mm']","Content","HTML","341309","65671"
"Hyperlink","https://irishealing.com/blog/alcoholism-genetic/","https://irishealing.com/","","Home","True","","","200","OK","Absolute","//body/div[@class='wrapper-page']/header/div/div/div/div/section[1]/div/div/div/section[1]/div/div[1]/div/div[1]/div/div/div/a","Header","HTML","341309","65671"
"Hyperlink","https://irishealing.com/blog/alcoholism-genetic/","https://irishealing.com/","","","True","","","200","OK","Absolute","//body/div[@class='wrapper-page']/header/div/div/div/div/section[2]/div/div[1]/div/div/div/a","Header","HTML","341309","65671"
"Hyperlink","https://irishealing.com/blog/alcoholism-genetic/","https://irishealing.com/","Home","","True","","","200","OK","Absolute","//body/div[@class='wrapper-page']/div/section/div/div/div/div/div[1]/div[@class='breadcrumb-main']/div/div/ol/li[1]/a","Content","HTML","341309","65671"
"Hyperlink","https://irishealing.com/blog/alcoholism-genetic/","https://irishealing.com/","","Home","True","","","200","OK","Absolute","//body/footer/div/div/section[2]/div/div[1]/div/div[1]/div/div/div/a","Footer","HTML","341309","65671"
"Hyperlink","https://irishealing.com/blog/alcoholism-genetic/","https://irishealing.com/","","Iris Healing® – Luxury Addiction Treatment","True","","","200","OK","Absolute","//body/div[@class='canvas-mobile']/div/div[@class='top-canvas']/a[@class='logo-mm']","Content","HTML","341309","65671"
"Hyperlink","https://irishealing.com/blog/how-to-get-someone-mental-help-when-they-refuse/","https://irishealing.com/","","Home","True","","","200","OK","Absolute","//body/div[@class='wrapper-page']/header/div/div/div/div/section[1]/div/div/div/section[1]/div/div[1]/div/div[1]/div/div/div/a","Header","HTML","341309","65671"
"Hyperlink","https://irishealing.com/blog/how-to-get-someone-mental-help-when-they-refuse/","https://irishealing.com/","","","True","","","200","OK","Absolute","//body/div[@class='wrapper-page']/header/div/div/div/div/section[2]/div/div[1]/div/div/div/a","Header","HTML","341309","65671"
"Hyperlink","https://irishealing.com/blog/how-to-get-someone-mental-help-when-they-refuse/","https://irishealing.com/","Home","","True","","","200","OK","Absolute","//body/div[@class='wrapper-page']/div/section/div/div/div/div/div[1]/div[@class='breadcrumb-main']/div/div/ol/li[1]/a","Content","HTML","341309","65671"
"Hyperlink","https://irishealing.com/blog/how-to-get-someone-mental-help-when-they-refuse/","https://irishealing.com/","","Home","True","","","200","OK","Absolute","//body/footer/div/div/section[2]/div/div[1]/div/div[1]/div/div/div/a","Footer","HTML","341309","65671"
"Hyperlink","https://irishealing.com/blog/how-to-get-someone-mental-help-when-they-refuse/","https://irishealing.com/","","Iris Healing® – Luxury Addiction Treatment","True","","","200","OK","Absolute","//body/div[@class='canvas-mobile']/div/div[@class='top-canvas']/a[@class='logo-mm']","Content","HTML","341309","65671"
"Hyperlink","https://irishealing.com/blog/benadryl-side-effects/","https://irishealing.com/","","Home","True","","","200","OK","Absolute","//body/div[@class='wrapper-page']/header/div/div/div/div/section[1]/div/div/div/section[1]/div/div[1]/div/div[1]/div/div/div/a","Header","HTML","341309","65671"
"Hyperlink","https://irishealing.com/blog/benadryl-side-effects/","https://irishealing.com/","","","True","","","200","OK","Absolute","//body/div[@class='wrapper-page']/header/div/div/div/div/section[2]/div/div[1]/div/div/div/a","Header","HTML","341309","65671"
"Hyperlink","https://irishealing.com/blog/benadryl-side-effects/","https://irishealing.com/","Home","","True","","","200","OK","Absolute","//body/div[@class='wrapper-page']/div/section/div/div/div/div/div[1]/div[@class='breadcrumb-main']/div/div/ol/li[1]/a","Content","HTML","341309","65671"
"Hyperlink","https://irishealing.com/blog/benadryl-side-effects/","https://irishealing.com/","","Home","True","","","200","OK","Absolute","//body/footer/div/div/section[2]/div/div[1]/div/div[1]/div/div/div/a","Footer","HTML","341309","65671"
"Hyperlink","https://irishealing.com/blog/benadryl-side-effects/","https://irishealing.com/","","Iris Healing® – Luxury Addiction Treatment","True","","","200","OK","Absolute","//body/div[@class='canvas-mobile']/div/div[@class='top-canvas']/a[@class='logo-mm']","Content","HTML","341309","65671"
"Hyperlink","https://irishealing.com/blog/mental-health-and-substance-abuse/","https://irishealing.com/","","Home","True","","","200","OK","Absolute","//body/div[@class='wrapper-page']/header/div/div/div/div/section[1]/div/div/div/section[1]/div/div[1]/div/div[1]/div/div/div/a","Header","HTML","341309","65671"
"Hyperlink","https://irishealing.com/blog/mental-health-and-substance-abuse/","https://irishealing.com/","","","True","","","200","OK","Absolute","//body/div[@class='wrapper-page']/header/div/div/div/div/section[2]/div/div[1]/div/div/div/a","Header","HTML","341309","65671"
"Hyperlink","https://irishealing.com/blog/mental-health-and-substance-abuse/","https://irishealing.com/","Home","","True","","","200","OK","Absolute","//body/div[@class='wrapper-page']/div/section/div/div/div/div/div[1]/div[@class='breadcrumb-main']/div/div/ol/li[1]/a","Content","HTML","341309","65671"
"Hyperlink","https://irishealing.com/blog/mental-health-and-substance-abuse/","https://irishealing.com/","","Home","True","","","200","OK","Absolute","//body/footer/div/div/section[2]/div/div[1]/div/div[1]/div/div/div/a","Footer","HTML","341309","65671"
"Hyperlink","https://irishealing.com/blog/mental-health-and-substance-abuse/","https://irishealing.com/","","Iris Healing® – Luxury Addiction Treatment","True","","","200","OK","Absolute","//body/div[@class='canvas-mobile']/div/div[@class='top-canvas']/a[@class='logo-mm']","Content","HTML","341309","65671"
"Hyperlink","https://irishealing.com/blog/mental-health-young-adults/","https://irishealing.com/","","Home","True","","","200","OK","Absolute","//body/div[@class='wrapper-page']/header/div/div/div/div/section[1]/div/div/div/section[1]/div/div[1]/div/div[1]/div/div/div/a","Header","HTML","341309","65671"
"Hyperlink","https://irishealing.com/blog/mental-health-young-adults/","https://irishealing.com/","","","True","","","200","OK","Absolute","//body/div[@class='wrapper-page']/header/div/div/div/div/section[2]/div/div[1]/div/div/div/a","Header","HTML","341309","65671"
"Hyperlink","https://irishealing.com/blog/mental-health-young-adults/","https://irishealing.com/","Home","","True","","","200","OK","Absolute","//body/div[@class='wrapper-page']/div/section/div/div/div/div/div[1]/div[@class='breadcrumb-main']/div/div/ol/li[1]/a","Content","HTML","341309","65671"
"Hyperlink","https://irishealing.com/blog/mental-health-young-adults/","https://irishealing.com/","","Home","True","","","200","OK","Absolute","//body/footer/div/div/section[2]/div/div[1]/div/div[1]/div/div/div/a","Footer","HTML","341309","65671"
"Hyperlink","https://irishealing.com/blog/mental-health-young-adults/","https://irishealing.com/","","Iris Healing® – Luxury Addiction Treatment","True","","","200","OK","Absolute","//body/div[@class='canvas-mobile']/div/div[@class='top-canvas']/a[@class='logo-mm']","Content","HTML","341309","65671"
"Hyperlink","https://irishealing.com/blog/what-are-the-5-stages-of-addiction-drugs-alcohol/","https://irishealing.com/","","Home","True","","","200","OK","Absolute","//body/div[@class='wrapper-page']/header/div/div/div/div/section[1]/div/div/div/section[1]/div/div[1]/div/div[1]/div/div/div/a","Header","HTML","341309","65671"
"Hyperlink","https://irishealing.com/blog/what-are-the-5-stages-of-addiction-drugs-alcohol/","https://irishealing.com/","","","True","","","200","OK","Absolute","//body/div[@class='wrapper-page']/header/div/div/div/div/section[2]/div/div[1]/div/div/div/a","Header","HTML","341309","65671"
"Hyperlink","https://irishealing.com/blog/what-are-the-5-stages-of-addiction-drugs-alcohol/","https://irishealing.com/","Home","","True","","","200","OK","Absolute","//body/div[@class='wrapper-page']/div/section/div/div/div/div/div[1]/div[@class='breadcrumb-main']/div/div/ol/li[1]/a","Content","HTML","341309","65671"
"Hyperlink","https://irishealing.com/blog/what-are-the-5-stages-of-addiction-drugs-alcohol/","https://irishealing.com/","","Home","True","","","200","OK","Absolute","//body/footer/div/div/section[2]/div/div[1]/div/div[1]/div/div/div/a","Footer","HTML","341309","65671"
"Hyperlink","https://irishealing.com/blog/what-are-the-5-stages-of-addiction-drugs-alcohol/","https://irishealing.com/","","Iris Healing® – Luxury Addiction Treatment","True","","","200","OK","Absolute","//body/div[@class='canvas-mobile']/div/div[@class='top-canvas']/a[@class='logo-mm']","Content","HTML","341309","65671"
"Hyperlink","https://irishealing.com/blog/neurofeedback-for-anxiety/","https://irishealing.com/","","Home","True","","","200","OK","Absolute","//body/div[@class='wrapper-page']/header/div/div/div/div/section[1]/div/div/div/section[1]/div/div[1]/div/div[1]/div/div/div/a","Header","HTML","341309","65671"
"Hyperlink","https://irishealing.com/blog/neurofeedback-for-anxiety/","https://irishealing.com/","","","True","","","200","OK","Absolute","//body/div[@class='wrapper-page']/header/div/div/div/div/section[2]/div/div[1]/div/div/div/a","Header","HTML","341309","65671"
"Hyperlink","https://irishealing.com/blog/neurofeedback-for-anxiety/","https://irishealing.com/","Home","","True","","","200","OK","Absolute","//body/div[@class='wrapper-page']/div/section/div/div/div/div/div[1]/div[@class='breadcrumb-main']/div/div/ol/li[1]/a","Content","HTML","341309","65671"
"Hyperlink","https://irishealing.com/blog/neurofeedback-for-anxiety/","https://irishealing.com/","","Home","True","","","200","OK","Absolute","//body/footer/div/div/section[2]/div/div[1]/div/div[1]/div/div/div/a","Footer","HTML","341309","65671"
"Hyperlink","https://irishealing.com/blog/neurofeedback-for-anxiety/","https://irishealing.com/","","Iris Healing® – Luxury Addiction Treatment","True","","","200","OK","Absolute","//body/div[@class='canvas-mobile']/div/div[@class='top-canvas']/a[@class='logo-mm']","Content","HTML","341309","65671"
"Hyperlink","https://irishealing.com/blog/is-naproxen-addictive/","https://irishealing.com/","","Home","True","","","200","OK","Absolute","//body/div[@class='wrapper-page']/header/div/div/div/div/section[1]/div/div/div/section[1]/div/div[1]/div/div[1]/div/div/div/a","Header","HTML","341309","65671"
"Hyperlink","https://irishealing.com/blog/is-naproxen-addictive/","https://irishealing.com/","","","True","","","200","OK","Absolute","//body/div[@class='wrapper-page']/header/div/div/div/div/section[2]/div/div[1]/div/div/div/a","Header","HTML","341309","65671"
"Hyperlink","https://irishealing.com/blog/is-naproxen-addictive/","https://irishealing.com/","Home","","True","","","200","OK","Absolute","//body/div[@class='wrapper-page']/div/section/div/div/div/div/div[1]/div[@class='breadcrumb-main']/div/div/ol/li[1]/a","Content","HTML","341309","65671"
"Hyperlink","https://irishealing.com/blog/is-naproxen-addictive/","https://irishealing.com/","","Home","True","","","200","OK","Absolute","//body/footer/div/div/section[2]/div/div[1]/div/div[1]/div/div/div/a","Footer","HTML","341309","65671"
"Hyperlink","https://irishealing.com/blog/is-naproxen-addictive/","https://irishealing.com/","","Iris Healing® – Luxury Addiction Treatment","True","","","200","OK","Absolute","//body/div[@class='canvas-mobile']/div/div[@class='top-canvas']/a[@class='logo-mm']","Content","HTML","341309","65671"
"Hyperlink","https://irishealing.com/blog/an-insight-on-holistic-rehab-drug-possession-and-jail-time/","https://irishealing.com/","","Home","True","","","200","OK","Absolute","//body/div[@class='wrapper-page']/header/div/div/div/div/section[1]/div/div/div/section[1]/div/div[1]/div/div[1]/div/div/div/a","Header","HTML","341309","65671"
"Hyperlink","https://irishealing.com/blog/an-insight-on-holistic-rehab-drug-possession-and-jail-time/","https://irishealing.com/","","","True","","","200","OK","Absolute","//body/div[@class='wrapper-page']/header/div/div/div/div/section[2]/div/div[1]/div/div/div/a","Header","HTML","341309","65671"
"Hyperlink","https://irishealing.com/blog/an-insight-on-holistic-rehab-drug-possession-and-jail-time/","https://irishealing.com/","Home","","True","","","200","OK","Absolute","//body/div[@class='wrapper-page']/div/section/div/div/div/div/div[1]/div[@class='breadcrumb-main']/div/div/ol/li[1]/a","Content","HTML","341309","65671"
"Hyperlink","https://irishealing.com/blog/an-insight-on-holistic-rehab-drug-possession-and-jail-time/","https://irishealing.com/","","Home","True","","","200","OK","Absolute","//body/footer/div/div/section[2]/div/div[1]/div/div[1]/div/div/div/a","Footer","HTML","341309","65671"
"Hyperlink","https://irishealing.com/blog/an-insight-on-holistic-rehab-drug-possession-and-jail-time/","https://irishealing.com/","","Iris Healing® – Luxury Addiction Treatment","True","","","200","OK","Absolute","//body/div[@class='canvas-mobile']/div/div[@class='top-canvas']/a[@class='logo-mm']","Content","HTML","341309","65671"
"Hyperlink","https://irishealing.com/rehab-and-mental-health-facilities/","https://irishealing.com/","","Home","True","","","200","OK","Absolute","//body/div[@class='wrapper-page']/header/div/div/div/div/section[1]/div/div/div/section[1]/div/div[1]/div/div[1]/div/div/div/a","Header","HTML","341309","65671"
"Hyperlink","https://irishealing.com/rehab-and-mental-health-facilities/","https://irishealing.com/","","","True","","","200","OK","Absolute","//body/div[@class='wrapper-page']/header/div/div/div/div/section[2]/div/div[1]/div/div/div/a","Header","HTML","341309","65671"
"Hyperlink","https://irishealing.com/rehab-and-mental-health-facilities/","https://irishealing.com/","Home","","True","","","200","OK","Absolute","//body/div[@class='wrapper-page']/div/div/section[1]/div/div/div/div/div/div/div/div/div[@class='breadcrumb-main']/div/div/ol/li[1]/a","Content","HTML","341309","65671"
"Hyperlink","https://irishealing.com/rehab-and-mental-health-facilities/","https://irishealing.com/","rehab centers","","True","","","200","OK","Absolute","//body/div[@class='wrapper-page']/div/div/section[2]/div/div[2]/div/section[1]/div/div/div/div[3]/div/p/span/a","Content","HTML","341309","65671"
"Hyperlink","https://irishealing.com/rehab-and-mental-health-facilities/","https://irishealing.com/","","Home","True","","","200","OK","Absolute","//body/footer/div/div/section[2]/div/div[1]/div/div[1]/div/div/div/a","Footer","HTML","341309","65671"
"Hyperlink","https://irishealing.com/rehab-and-mental-health-facilities/","https://irishealing.com/","","Iris Healing® – Luxury Addiction Treatment","True","","","200","OK","Absolute","//body/div[@class='canvas-mobile']/div/div[@class='top-canvas']/a[@class='logo-mm']","Content","HTML","341309","65671"
"Hyperlink","https://irishealing.com/blog/meth-sores/","https://irishealing.com/","","Home","True","","","200","OK","Absolute","//body/div[@class='wrapper-page']/header/div/div/div/div/section[1]/div/div/div/section[1]/div/div[1]/div/div[1]/div/div/div/a","Header","HTML","341309","65671"
"Hyperlink","https://irishealing.com/blog/meth-sores/","https://irishealing.com/","","","True","","","200","OK","Absolute","//body/div[@class='wrapper-page']/header/div/div/div/div/section[2]/div/div[1]/div/div/div/a","Header","HTML","341309","65671"
"Hyperlink","https://irishealing.com/blog/meth-sores/","https://irishealing.com/","Home","","True","","","200","OK","Absolute","//body/div[@class='wrapper-page']/div/section/div/div/div/div/div[1]/div[@class='breadcrumb-main']/div/div/ol/li[1]/a","Content","HTML","341309","65671"
"Hyperlink","https://irishealing.com/blog/meth-sores/","https://irishealing.com/","","Home","True","","","200","OK","Absolute","//body/footer/div/div/section[2]/div/div[1]/div/div[1]/div/div/div/a","Footer","HTML","341309","65671"
"Hyperlink","https://irishealing.com/blog/meth-sores/","https://irishealing.com/","","Iris Healing® – Luxury Addiction Treatment","True","","","200","OK","Absolute","//body/div[@class='canvas-mobile']/div/div[@class='top-canvas']/a[@class='logo-mm']","Content","HTML","341309","65671"
"Hyperlink","https://irishealing.com/blog/love-a-drug-addict/","https://irishealing.com/","","Home","True","","","200","OK","Absolute","//body/div[@class='wrapper-page']/header/div/div/div/div/section[1]/div/div/div/section[1]/div/div[1]/div/div[1]/div/div/div/a","Header","HTML","341309","65671"
"Hyperlink","https://irishealing.com/blog/love-a-drug-addict/","https://irishealing.com/","","","True","","","200","OK","Absolute","//body/div[@class='wrapper-page']/header/div/div/div/div/section[2]/div/div[1]/div/div/div/a","Header","HTML","341309","65671"
"Hyperlink","https://irishealing.com/blog/love-a-drug-addict/","https://irishealing.com/","Home","","True","","","200","OK","Absolute","//body/div[@class='wrapper-page']/div/section/div/div/div/div/div[1]/div[@class='breadcrumb-main']/div/div/ol/li[1]/a","Content","HTML","341309","65671"
"Hyperlink","https://irishealing.com/blog/love-a-drug-addict/","https://irishealing.com/","","Home","True","","","200","OK","Absolute","//body/footer/div/div/section[2]/div/div[1]/div/div[1]/div/div/div/a","Footer","HTML","341309","65671"
"Hyperlink","https://irishealing.com/blog/love-a-drug-addict/","https://irishealing.com/","","Iris Healing® – Luxury Addiction Treatment","True","","","200","OK","Absolute","//body/div[@class='canvas-mobile']/div/div[@class='top-canvas']/a[@class='logo-mm']","Content","HTML","341309","65671"
"Hyperlink","https://irishealing.com/blog/mindbody-healing-somatic-therapy/","https://irishealing.com/","","Home","True","","","200","OK","Absolute","//body/div[@class='wrapper-page']/header/div/div/div/div/section[1]/div/div/div/section[1]/div/div[1]/div/div[1]/div/div/div/a","Header","HTML","341309","65671"
"Hyperlink","https://irishealing.com/blog/mindbody-healing-somatic-therapy/","https://irishealing.com/","","","True","","","200","OK","Absolute","//body/div[@class='wrapper-page']/header/div/div/div/div/section[2]/div/div[1]/div/div/div/a","Header","HTML","341309","65671"
"Hyperlink","https://irishealing.com/blog/mindbody-healing-somatic-therapy/","https://irishealing.com/","Home","","True","","","200","OK","Absolute","//body/div[@class='wrapper-page']/div/section/div/div/div/div/div[1]/div[@class='breadcrumb-main']/div/div/ol/li[1]/a","Content","HTML","341309","65671"
"Hyperlink","https://irishealing.com/blog/mindbody-healing-somatic-therapy/","https://irishealing.com/","","Home","True","","","200","OK","Absolute","//body/footer/div/div/section[2]/div/div[1]/div/div[1]/div/div/div/a","Footer","HTML","341309","65671"
"Hyperlink","https://irishealing.com/blog/mindbody-healing-somatic-therapy/","https://irishealing.com/","","Iris Healing® – Luxury Addiction Treatment","True","","","200","OK","Absolute","//body/div[@class='canvas-mobile']/div/div[@class='top-canvas']/a[@class='logo-mm']","Content","HTML","341309","65671"
"Hyperlink","https://irishealing.com/blog/using-mindfulness-in-spiritual-rehabilitation-retreats/","https://irishealing.com/","","Home","True","","","200","OK","Absolute","//body/div[@class='wrapper-page']/header/div/div/div/div/section[1]/div/div/div/section[1]/div/div[1]/div/div[1]/div/div/div/a","Header","HTML","341309","65671"
"Hyperlink","https://irishealing.com/blog/using-mindfulness-in-spiritual-rehabilitation-retreats/","https://irishealing.com/","","","True","","","200","OK","Absolute","//body/div[@class='wrapper-page']/header/div/div/div/div/section[2]/div/div[1]/div/div/div/a","Header","HTML","341309","65671"
"Hyperlink","https://irishealing.com/blog/using-mindfulness-in-spiritual-rehabilitation-retreats/","https://irishealing.com/","Home","","True","","","200","OK","Absolute","//body/div[@class='wrapper-page']/div/section/div/div/div/div/div[1]/div[@class='breadcrumb-main']/div/div/ol/li[1]/a","Content","HTML","341309","65671"
"Hyperlink","https://irishealing.com/blog/using-mindfulness-in-spiritual-rehabilitation-retreats/","https://irishealing.com/","","Home","True","","","200","OK","Absolute","//body/footer/div/div/section[2]/div/div[1]/div/div[1]/div/div/div/a","Footer","HTML","341309","65671"
"Hyperlink","https://irishealing.com/blog/using-mindfulness-in-spiritual-rehabilitation-retreats/","https://irishealing.com/","","Iris Healing® – Luxury Addiction Treatment","True","","","200","OK","Absolute","//body/div[@class='canvas-mobile']/div/div[@class='top-canvas']/a[@class='logo-mm']","Content","HTML","341309","65671"
"Hyperlink","https://irishealing.com/blog/hypnosis-therapy-treatment-to-change-habits/","https://irishealing.com/","","Home","True","","","200","OK","Absolute","//body/div[@class='wrapper-page']/header/div/div/div/div/section[1]/div/div/div/section[1]/div/div[1]/div/div[1]/div/div/div/a","Header","HTML","341309","65671"
"Hyperlink","https://irishealing.com/blog/hypnosis-therapy-treatment-to-change-habits/","https://irishealing.com/","","","True","","","200","OK","Absolute","//body/div[@class='wrapper-page']/header/div/div/div/div/section[2]/div/div[1]/div/div/div/a","Header","HTML","341309","65671"
"Hyperlink","https://irishealing.com/blog/hypnosis-therapy-treatment-to-change-habits/","https://irishealing.com/","Home","","True","","","200","OK","Absolute","//body/div[@class='wrapper-page']/div/section/div/div/div/div/div[1]/div[@class='breadcrumb-main']/div/div/ol/li[1]/a","Content","HTML","341309","65671"
"Hyperlink","https://irishealing.com/blog/hypnosis-therapy-treatment-to-change-habits/","https://irishealing.com/","","Home","True","","","200","OK","Absolute","//body/footer/div/div/section[2]/div/div[1]/div/div[1]/div/div/div/a","Footer","HTML","341309","65671"
"Hyperlink","https://irishealing.com/blog/hypnosis-therapy-treatment-to-change-habits/","https://irishealing.com/","","Iris Healing® – Luxury Addiction Treatment","True","","","200","OK","Absolute","//body/div[@class='canvas-mobile']/div/div[@class='top-canvas']/a[@class='logo-mm']","Content","HTML","341309","65671"
"Hyperlink","https://irishealing.com/addiction-recovery-yoga/","https://irishealing.com/","","Home","True","","","200","OK","Absolute","//body/div[@class='wrapper-page']/header/div/div/div/div/section[1]/div/div/div/section[1]/div/div[1]/div/div[1]/div/div/div/a","Header","HTML","341309","65671"
"Hyperlink","https://irishealing.com/addiction-recovery-yoga/","https://irishealing.com/","","","True","","","200","OK","Absolute","//body/div[@class='wrapper-page']/header/div/div/div/div/section[2]/div/div[1]/div/div/div/a","Header","HTML","341309","65671"
"Hyperlink","https://irishealing.com/addiction-recovery-yoga/","https://irishealing.com/","Home","","True","","","200","OK","Absolute","//body/div[@class='wrapper-page']/div/div/section[1]/div/div/div/div/div/div/div/div/div[@class='breadcrumb-main']/div/div/ol/li[1]/a","Content","HTML","341309","65671"
"Hyperlink","https://irishealing.com/addiction-recovery-yoga/","https://irishealing.com/","","Home","True","","","200","OK","Absolute","//body/footer/div/div/section[2]/div/div[1]/div/div[1]/div/div/div/a","Footer","HTML","341309","65671"
"Hyperlink","https://irishealing.com/addiction-recovery-yoga/","https://irishealing.com/","","Iris Healing® – Luxury Addiction Treatment","True","","","200","OK","Absolute","//body/div[@class='canvas-mobile']/div/div[@class='top-canvas']/a[@class='logo-mm']","Content","HTML","341309","65671"
"Hyperlink","https://irishealing.com/blog/the-connection-between-ptsd-and-addiction/","https://irishealing.com/","","Home","True","","","200","OK","Absolute","//body/div[@class='wrapper-page']/header/div/div/div/div/section[1]/div/div/div/section[1]/div/div[1]/div/div[1]/div/div/div/a","Header","HTML","341309","65671"
"Hyperlink","https://irishealing.com/blog/the-connection-between-ptsd-and-addiction/","https://irishealing.com/","","","True","","","200","OK","Absolute","//body/div[@class='wrapper-page']/header/div/div/div/div/section[2]/div/div[1]/div/div/div/a","Header","HTML","341309","65671"
"Hyperlink","https://irishealing.com/blog/the-connection-between-ptsd-and-addiction/","https://irishealing.com/","Home","","True","","","200","OK","Absolute","//body/div[@class='wrapper-page']/div/section/div/div/div/div/div[1]/div[@class='breadcrumb-main']/div/div/ol/li[1]/a","Content","HTML","341309","65671"
"Hyperlink","https://irishealing.com/blog/the-connection-between-ptsd-and-addiction/","https://irishealing.com/","","Home","True","","","200","OK","Absolute","//body/footer/div/div/section[2]/div/div[1]/div/div[1]/div/div/div/a","Footer","HTML","341309","65671"
"Hyperlink","https://irishealing.com/blog/the-connection-between-ptsd-and-addiction/","https://irishealing.com/","","Iris Healing® – Luxury Addiction Treatment","True","","","200","OK","Absolute","//body/div[@class='canvas-mobile']/div/div[@class='top-canvas']/a[@class='logo-mm']","Content","HTML","341309","65671"
"Hyperlink","https://irishealing.com/blog/tms-for-autism/","https://irishealing.com/","","Home","True","","","200","OK","Absolute","//body/div[@class='wrapper-page']/header/div/div/div/div/section[1]/div/div/div/section[1]/div/div[1]/div/div[1]/div/div/div/a","Header","HTML","341309","65671"
"Hyperlink","https://irishealing.com/blog/tms-for-autism/","https://irishealing.com/","","","True","","","200","OK","Absolute","//body/div[@class='wrapper-page']/header/div/div/div/div/section[2]/div/div[1]/div/div/div/a","Header","HTML","341309","65671"
"Hyperlink","https://irishealing.com/blog/tms-for-autism/","https://irishealing.com/","Home","","True","","","200","OK","Absolute","//body/div[@class='wrapper-page']/div/section/div/div/div/div/div[1]/div[@class='breadcrumb-main']/div/div/ol/li[1]/a","Content","HTML","341309","65671"
"Hyperlink","https://irishealing.com/blog/tms-for-autism/","https://irishealing.com/","","Home","True","","","200","OK","Absolute","//body/footer/div/div/section[2]/div/div[1]/div/div[1]/div/div/div/a","Footer","HTML","341309","65671"
"Hyperlink","https://irishealing.com/blog/tms-for-autism/","https://irishealing.com/","","Iris Healing® – Luxury Addiction Treatment","True","","","200","OK","Absolute","//body/div[@class='canvas-mobile']/div/div[@class='top-canvas']/a[@class='logo-mm']","Content","HTML","341309","65671"
"Hyperlink","https://irishealing.com/blog/equine-therapy-for-ptsd-and-addiction/","https://irishealing.com/","","Home","True","","","200","OK","Absolute","//body/div[@class='wrapper-page']/header/div/div/div/div/section[1]/div/div/div/section[1]/div/div[1]/div/div[1]/div/div/div/a","Header","HTML","341309","65671"
"Hyperlink","https://irishealing.com/blog/equine-therapy-for-ptsd-and-addiction/","https://irishealing.com/","","","True","","","200","OK","Absolute","//body/div[@class='wrapper-page']/header/div/div/div/div/section[2]/div/div[1]/div/div/div/a","Header","HTML","341309","65671"
"Hyperlink","https://irishealing.com/blog/equine-therapy-for-ptsd-and-addiction/","https://irishealing.com/","Home","","True","","","200","OK","Absolute","//body/div[@class='wrapper-page']/div/section/div/div/div/div/div[1]/div[@class='breadcrumb-main']/div/div/ol/li[1]/a","Content","HTML","341309","65671"
"Hyperlink","https://irishealing.com/blog/equine-therapy-for-ptsd-and-addiction/","https://irishealing.com/","","Home","True","","","200","OK","Absolute","//body/footer/div/div/section[2]/div/div[1]/div/div[1]/div/div/div/a","Footer","HTML","341309","65671"
"Hyperlink","https://irishealing.com/blog/equine-therapy-for-ptsd-and-addiction/","https://irishealing.com/","","Iris Healing® – Luxury Addiction Treatment","True","","","200","OK","Absolute","//body/div[@class='canvas-mobile']/div/div[@class='top-canvas']/a[@class='logo-mm']","Content","HTML","341309","65671"
"Hyperlink","https://irishealing.com/blog/mental-health-for-teens/","https://irishealing.com/","","Home","True","","","200","OK","Absolute","//body/div[@class='wrapper-page']/header/div/div/div/div/section[1]/div/div/div/section[1]/div/div[1]/div/div[1]/div/div/div/a","Header","HTML","341309","65671"
"Hyperlink","https://irishealing.com/blog/mental-health-for-teens/","https://irishealing.com/","","","True","","","200","OK","Absolute","//body/div[@class='wrapper-page']/header/div/div/div/div/section[2]/div/div[1]/div/div/div/a","Header","HTML","341309","65671"
"Hyperlink","https://irishealing.com/blog/mental-health-for-teens/","https://irishealing.com/","Home","","True","","","200","OK","Absolute","//body/div[@class='wrapper-page']/div/section/div/div/div/div/div[1]/div[@class='breadcrumb-main']/div/div/ol/li[1]/a","Content","HTML","341309","65671"
"Hyperlink","https://irishealing.com/blog/mental-health-for-teens/","https://irishealing.com/","","Home","True","","","200","OK","Absolute","//body/footer/div/div/section[2]/div/div[1]/div/div[1]/div/div/div/a","Footer","HTML","341309","65671"
"Hyperlink","https://irishealing.com/blog/mental-health-for-teens/","https://irishealing.com/","","Iris Healing® – Luxury Addiction Treatment","True","","","200","OK","Absolute","//body/div[@class='canvas-mobile']/div/div[@class='top-canvas']/a[@class='logo-mm']","Content","HTML","341309","65671"
"Hyperlink","https://irishealing.com/blog/what-is-transcranial-magnetic-stimulation-and-how-does-it-help/","https://irishealing.com/","","Home","True","","","200","OK","Absolute","//body/div[@class='wrapper-page']/header/div/div/div/div/section[1]/div/div/div/section[1]/div/div[1]/div/div[1]/div/div/div/a","Header","HTML","341309","65671"
"Hyperlink","https://irishealing.com/blog/what-is-transcranial-magnetic-stimulation-and-how-does-it-help/","https://irishealing.com/","","","True","","","200","OK","Absolute","//body/div[@class='wrapper-page']/header/div/div/div/div/section[2]/div/div[1]/div/div/div/a","Header","HTML","341309","65671"
"Hyperlink","https://irishealing.com/blog/what-is-transcranial-magnetic-stimulation-and-how-does-it-help/","https://irishealing.com/","Home","","True","","","200","OK","Absolute","//body/div[@class='wrapper-page']/div/section/div/div/div/div/div[1]/div[@class='breadcrumb-main']/div/div/ol/li[1]/a","Content","HTML","341309","65671"
"Hyperlink","https://irishealing.com/blog/what-is-transcranial-magnetic-stimulation-and-how-does-it-help/","https://irishealing.com/","","Home","True","","","200","OK","Absolute","//body/footer/div/div/section[2]/div/div[1]/div/div[1]/div/div/div/a","Footer","HTML","341309","65671"
"Hyperlink","https://irishealing.com/blog/what-is-transcranial-magnetic-stimulation-and-how-does-it-help/","https://irishealing.com/","","Iris Healing® – Luxury Addiction Treatment","True","","","200","OK","Absolute","//body/div[@class='canvas-mobile']/div/div[@class='top-canvas']/a[@class='logo-mm']","Content","HTML","341309","65671"
"Hyperlink","https://irishealing.com/blog/mdma-rehab/","https://irishealing.com/","","Home","True","","","200","OK","Absolute","//body/div[@class='wrapper-page']/header/div/div/div/div/section[1]/div/div/div/section[1]/div/div[1]/div/div[1]/div/div/div/a","Header","HTML","341309","65671"
"Hyperlink","https://irishealing.com/blog/mdma-rehab/","https://irishealing.com/","","","True","","","200","OK","Absolute","//body/div[@class='wrapper-page']/header/div/div/div/div/section[2]/div/div[1]/div/div/div/a","Header","HTML","341309","65671"
"Hyperlink","https://irishealing.com/blog/mdma-rehab/","https://irishealing.com/","Home","","True","","","200","OK","Absolute","//body/div[@class='wrapper-page']/div/section/div/div/div/div/div[1]/div[@class='breadcrumb-main']/div/div/ol/li[1]/a","Content","HTML","341309","65671"
"Hyperlink","https://irishealing.com/blog/mdma-rehab/","https://irishealing.com/","","Home","True","","","200","OK","Absolute","//body/footer/div/div/section[2]/div/div[1]/div/div[1]/div/div/div/a","Footer","HTML","341309","65671"
"Hyperlink","https://irishealing.com/blog/mdma-rehab/","https://irishealing.com/","","Iris Healing® – Luxury Addiction Treatment","True","","","200","OK","Absolute","//body/div[@class='canvas-mobile']/div/div[@class='top-canvas']/a[@class='logo-mm']","Content","HTML","341309","65671"
"Hyperlink","https://irishealing.com/blog/why-is-alcohol-detox-and-withdrawal-at-home-dangerous/","https://irishealing.com/","","Home","True","","","200","OK","Absolute","//body/div[@class='wrapper-page']/header/div/div/div/div/section[1]/div/div/div/section[1]/div/div[1]/div/div[1]/div/div/div/a","Header","HTML","341309","65671"
"Hyperlink","https://irishealing.com/blog/why-is-alcohol-detox-and-withdrawal-at-home-dangerous/","https://irishealing.com/","","","True","","","200","OK","Absolute","//body/div[@class='wrapper-page']/header/div/div/div/div/section[2]/div/div[1]/div/div/div/a","Header","HTML","341309","65671"
"Hyperlink","https://irishealing.com/blog/why-is-alcohol-detox-and-withdrawal-at-home-dangerous/","https://irishealing.com/","Home","","True","","","200","OK","Absolute","//body/div[@class='wrapper-page']/div/section/div/div/div/div/div[1]/div[@class='breadcrumb-main']/div/div/ol/li[1]/a","Content","HTML","341309","65671"
"Hyperlink","https://irishealing.com/blog/why-is-alcohol-detox-and-withdrawal-at-home-dangerous/","https://irishealing.com/","","Home","True","","","200","OK","Absolute","//body/footer/div/div/section[2]/div/div[1]/div/div[1]/div/div/div/a","Footer","HTML","341309","65671"
"Hyperlink","https://irishealing.com/blog/why-is-alcohol-detox-and-withdrawal-at-home-dangerous/","https://irishealing.com/","","Iris Healing® – Luxury Addiction Treatment","True","","","200","OK","Absolute","//body/div[@class='canvas-mobile']/div/div[@class='top-canvas']/a[@class='logo-mm']","Content","HTML","341309","65671"
"Hyperlink","https://irishealing.com/blog/depression-awareness-month-in-october/","https://irishealing.com/","","Home","True","","","200","OK","Absolute","//body/div[@class='wrapper-page']/header/div/div/div/div/section[1]/div/div/div/section[1]/div/div[1]/div/div[1]/div/div/div/a","Header","HTML","341309","65671"
"Hyperlink","https://irishealing.com/blog/depression-awareness-month-in-october/","https://irishealing.com/","","","True","","","200","OK","Absolute","//body/div[@class='wrapper-page']/header/div/div/div/div/section[2]/div/div[1]/div/div/div/a","Header","HTML","341309","65671"
"Hyperlink","https://irishealing.com/blog/depression-awareness-month-in-october/","https://irishealing.com/","Home","","True","","","200","OK","Absolute","//body/div[@class='wrapper-page']/div/section/div/div/div/div/div[1]/div[@class='breadcrumb-main']/div/div/ol/li[1]/a","Content","HTML","341309","65671"
"Hyperlink","https://irishealing.com/blog/depression-awareness-month-in-october/","https://irishealing.com/","","Home","True","","","200","OK","Absolute","//body/footer/div/div/section[2]/div/div[1]/div/div[1]/div/div/div/a","Footer","HTML","341309","65671"
"Hyperlink","https://irishealing.com/blog/depression-awareness-month-in-october/","https://irishealing.com/","","Iris Healing® – Luxury Addiction Treatment","True","","","200","OK","Absolute","//body/div[@class='canvas-mobile']/div/div[@class='top-canvas']/a[@class='logo-mm']","Content","HTML","341309","65671"
"Hyperlink","https://irishealing.com/blog/recognizing-codependency/","https://irishealing.com/","","Home","True","","","200","OK","Absolute","//body/div[@class='wrapper-page']/header/div/div/div/div/section[1]/div/div/div/section[1]/div/div[1]/div/div[1]/div/div/div/a","Header","HTML","341309","65671"
"Hyperlink","https://irishealing.com/blog/recognizing-codependency/","https://irishealing.com/","","","True","","","200","OK","Absolute","//body/div[@class='wrapper-page']/header/div/div/div/div/section[2]/div/div[1]/div/div/div/a","Header","HTML","341309","65671"
"Hyperlink","https://irishealing.com/blog/recognizing-codependency/","https://irishealing.com/","Home","","True","","","200","OK","Absolute","//body/div[@class='wrapper-page']/div/section/div/div/div/div/div[1]/div[@class='breadcrumb-main']/div/div/ol/li[1]/a","Content","HTML","341309","65671"
"Hyperlink","https://irishealing.com/blog/recognizing-codependency/","https://irishealing.com/","","Home","True","","","200","OK","Absolute","//body/footer/div/div/section[2]/div/div[1]/div/div[1]/div/div/div/a","Footer","HTML","341309","65671"
"Hyperlink","https://irishealing.com/blog/recognizing-codependency/","https://irishealing.com/","","Iris Healing® – Luxury Addiction Treatment","True","","","200","OK","Absolute","//body/div[@class='canvas-mobile']/div/div[@class='top-canvas']/a[@class='logo-mm']","Content","HTML","341309","65671"
"Hyperlink","https://irishealing.com/blog/looking-deeper-cannabis-induced-psychosis-facts-say/","https://irishealing.com/","","Home","True","","","200","OK","Absolute","//body/div[@class='wrapper-page']/header/div/div/div/div/section[1]/div/div/div/section[1]/div/div[1]/div/div[1]/div/div/div/a","Header","HTML","341309","65671"
"Hyperlink","https://irishealing.com/blog/looking-deeper-cannabis-induced-psychosis-facts-say/","https://irishealing.com/","","","True","","","200","OK","Absolute","//body/div[@class='wrapper-page']/header/div/div/div/div/section[2]/div/div[1]/div/div/div/a","Header","HTML","341309","65671"
"Hyperlink","https://irishealing.com/blog/looking-deeper-cannabis-induced-psychosis-facts-say/","https://irishealing.com/","Home","","True","","","200","OK","Absolute","//body/div[@class='wrapper-page']/div/section/div/div/div/div/div[1]/div[@class='breadcrumb-main']/div/div/ol/li[1]/a","Content","HTML","341309","65671"
"Hyperlink","https://irishealing.com/blog/looking-deeper-cannabis-induced-psychosis-facts-say/","https://irishealing.com/","","Home","True","","","200","OK","Absolute","//body/footer/div/div/section[2]/div/div[1]/div/div[1]/div/div/div/a","Footer","HTML","341309","65671"
"Hyperlink","https://irishealing.com/blog/looking-deeper-cannabis-induced-psychosis-facts-say/","https://irishealing.com/","","Iris Healing® – Luxury Addiction Treatment","True","","","200","OK","Absolute","//body/div[@class='canvas-mobile']/div/div[@class='top-canvas']/a[@class='logo-mm']","Content","HTML","341309","65671"
"Hyperlink","https://irishealing.com/blog/try-an-alternative-recovery-with-spiritual-rehabilitation-retreats/","https://irishealing.com/","","Home","True","","","200","OK","Absolute","//body/div[@class='wrapper-page']/header/div/div/div/div/section[1]/div/div/div/section[1]/div/div[1]/div/div[1]/div/div/div/a","Header","HTML","341309","65671"
"Hyperlink","https://irishealing.com/blog/try-an-alternative-recovery-with-spiritual-rehabilitation-retreats/","https://irishealing.com/","","","True","","","200","OK","Absolute","//body/div[@class='wrapper-page']/header/div/div/div/div/section[2]/div/div[1]/div/div/div/a","Header","HTML","341309","65671"
"Hyperlink","https://irishealing.com/blog/try-an-alternative-recovery-with-spiritual-rehabilitation-retreats/","https://irishealing.com/","Home","","True","","","200","OK","Absolute","//body/div[@class='wrapper-page']/div/section/div/div/div/div/div[1]/div[@class='breadcrumb-main']/div/div/ol/li[1]/a","Content","HTML","341309","65671"
"Hyperlink","https://irishealing.com/blog/try-an-alternative-recovery-with-spiritual-rehabilitation-retreats/","https://irishealing.com/","","Home","True","","","200","OK","Absolute","//body/footer/div/div/section[2]/div/div[1]/div/div[1]/div/div/div/a","Footer","HTML","341309","65671"
"Hyperlink","https://irishealing.com/blog/try-an-alternative-recovery-with-spiritual-rehabilitation-retreats/","https://irishealing.com/","","Iris Healing® – Luxury Addiction Treatment","True","","","200","OK","Absolute","//body/div[@class='canvas-mobile']/div/div[@class='top-canvas']/a[@class='logo-mm']","Content","HTML","341309","65671"
"Hyperlink","https://irishealing.com/dr-daniel-hoffman/","https://irishealing.com/","","Home","True","","","200","OK","Absolute","//body/div[@class='wrapper-page']/header/div/div/div/div/section[1]/div/div/div/section[1]/div/div[1]/div/div[1]/div/div/div/a","Header","HTML","341309","65671"
"Hyperlink","https://irishealing.com/dr-daniel-hoffman/","https://irishealing.com/","","","True","","","200","OK","Absolute","//body/div[@class='wrapper-page']/header/div/div/div/div/section[2]/div/div[1]/div/div/div/a","Header","HTML","341309","65671"
"Hyperlink","https://irishealing.com/dr-daniel-hoffman/","https://irishealing.com/","Home","","True","","","200","OK","Absolute","//body/div[@class='wrapper-page']/div/section/div/div/div/div/div/div/div/div/div[1]/section[1]/div/div/div/div/div/div/div/div/div/div/div/ol/li[1]/a","Content","HTML","341309","65671"
"Hyperlink","https://irishealing.com/dr-daniel-hoffman/","https://irishealing.com/","","Home","True","","","200","OK","Absolute","//body/footer/div/div/section[2]/div/div[1]/div/div[1]/div/div/div/a","Footer","HTML","341309","65671"
"Hyperlink","https://irishealing.com/dr-daniel-hoffman/","https://irishealing.com/","","Iris Healing® – Luxury Addiction Treatment","True","","","200","OK","Absolute","//body/div[@class='canvas-mobile']/div/div[@class='top-canvas']/a[@class='logo-mm']","Content","HTML","341309","65671"
"Hyperlink","https://irishealing.com/blog/facing-depression-clearing-mind-dark-thoughts/","https://irishealing.com/","","Home","True","","","200","OK","Absolute","//body/div[@class='wrapper-page']/header/div/div/div/div/section[1]/div/div/div/section[1]/div/div[1]/div/div[1]/div/div/div/a","Header","HTML","341309","65671"
"Hyperlink","https://irishealing.com/blog/facing-depression-clearing-mind-dark-thoughts/","https://irishealing.com/","","","True","","","200","OK","Absolute","//body/div[@class='wrapper-page']/header/div/div/div/div/section[2]/div/div[1]/div/div/div/a","Header","HTML","341309","65671"
"Hyperlink","https://irishealing.com/blog/facing-depression-clearing-mind-dark-thoughts/","https://irishealing.com/","Home","","True","","","200","OK","Absolute","//body/div[@class='wrapper-page']/div/section/div/div/div/div/div[1]/div[@class='breadcrumb-main']/div/div/ol/li[1]/a","Content","HTML","341309","65671"
"Hyperlink","https://irishealing.com/blog/facing-depression-clearing-mind-dark-thoughts/","https://irishealing.com/","","Home","True","","","200","OK","Absolute","//body/footer/div/div/section[2]/div/div[1]/div/div[1]/div/div/div/a","Footer","HTML","341309","65671"
"Hyperlink","https://irishealing.com/blog/facing-depression-clearing-mind-dark-thoughts/","https://irishealing.com/","","Iris Healing® – Luxury Addiction Treatment","True","","","200","OK","Absolute","//body/div[@class='canvas-mobile']/div/div[@class='top-canvas']/a[@class='logo-mm']","Content","HTML","341309","65671"
"Hyperlink","https://irishealing.com/blog/recovery-bill-of-rights-for-trauma-survivors/","https://irishealing.com/","","Home","True","","","200","OK","Absolute","//body/div[@class='wrapper-page']/header/div/div/div/div/section[1]/div/div/div/section[1]/div/div[1]/div/div[1]/div/div/div/a","Header","HTML","341309","65671"
"Hyperlink","https://irishealing.com/blog/recovery-bill-of-rights-for-trauma-survivors/","https://irishealing.com/","","","True","","","200","OK","Absolute","//body/div[@class='wrapper-page']/header/div/div/div/div/section[2]/div/div[1]/div/div/div/a","Header","HTML","341309","65671"
"Hyperlink","https://irishealing.com/blog/recovery-bill-of-rights-for-trauma-survivors/","https://irishealing.com/","Home","","True","","","200","OK","Absolute","//body/div[@class='wrapper-page']/div/section/div/div/div/div/div[1]/div[@class='breadcrumb-main']/div/div/ol/li[1]/a","Content","HTML","341309","65671"
"Hyperlink","https://irishealing.com/blog/recovery-bill-of-rights-for-trauma-survivors/","https://irishealing.com/","","Home","True","","","200","OK","Absolute","//body/footer/div/div/section[2]/div/div[1]/div/div[1]/div/div/div/a","Footer","HTML","341309","65671"
"Hyperlink","https://irishealing.com/blog/recovery-bill-of-rights-for-trauma-survivors/","https://irishealing.com/","","Iris Healing® – Luxury Addiction Treatment","True","","","200","OK","Absolute","//body/div[@class='canvas-mobile']/div/div[@class='top-canvas']/a[@class='logo-mm']","Content","HTML","341309","65671"
"Hyperlink","https://irishealing.com/blog/how-long-does-rehab-last/","https://irishealing.com/","","Home","True","","","200","OK","Absolute","//body/div[@class='wrapper-page']/header/div/div/div/div/section[1]/div/div/div/section[1]/div/div[1]/div/div[1]/div/div/div/a","Header","HTML","341309","65671"
"Hyperlink","https://irishealing.com/blog/how-long-does-rehab-last/","https://irishealing.com/","","","True","","","200","OK","Absolute","//body/div[@class='wrapper-page']/header/div/div/div/div/section[2]/div/div[1]/div/div/div/a","Header","HTML","341309","65671"
"Hyperlink","https://irishealing.com/blog/how-long-does-rehab-last/","https://irishealing.com/","Home","","True","","","200","OK","Absolute","//body/div[@class='wrapper-page']/div/section/div/div/div/div/div[1]/div[@class='breadcrumb-main']/div/div/ol/li[1]/a","Content","HTML","341309","65671"
"Hyperlink","https://irishealing.com/blog/how-long-does-rehab-last/","https://irishealing.com/","","Home","True","","","200","OK","Absolute","//body/footer/div/div/section[2]/div/div[1]/div/div[1]/div/div/div/a","Footer","HTML","341309","65671"
"Hyperlink","https://irishealing.com/blog/how-long-does-rehab-last/","https://irishealing.com/","","Iris Healing® – Luxury Addiction Treatment","True","","","200","OK","Absolute","//body/div[@class='canvas-mobile']/div/div[@class='top-canvas']/a[@class='logo-mm']","Content","HTML","341309","65671"
"Hyperlink","https://irishealing.com/blog/a-healing-recovery-truly-is-possible/","https://irishealing.com/","","Home","True","","","200","OK","Absolute","//body/div[@class='wrapper-page']/header/div/div/div/div/section[1]/div/div/div/section[1]/div/div[1]/div/div[1]/div/div/div/a","Header","HTML","341309","65671"
"Hyperlink","https://irishealing.com/blog/a-healing-recovery-truly-is-possible/","https://irishealing.com/","","","True","","","200","OK","Absolute","//body/div[@class='wrapper-page']/header/div/div/div/div/section[2]/div/div[1]/div/div/div/a","Header","HTML","341309","65671"
"Hyperlink","https://irishealing.com/blog/a-healing-recovery-truly-is-possible/","https://irishealing.com/","Home","","True","","","200","OK","Absolute","//body/div[@class='wrapper-page']/div/section/div/div/div/div/div[1]/div[@class='breadcrumb-main']/div/div/ol/li[1]/a","Content","HTML","341309","65671"
"Hyperlink","https://irishealing.com/blog/a-healing-recovery-truly-is-possible/","https://irishealing.com/","","Home","True","","","200","OK","Absolute","//body/footer/div/div/section[2]/div/div[1]/div/div[1]/div/div/div/a","Footer","HTML","341309","65671"
"Hyperlink","https://irishealing.com/blog/a-healing-recovery-truly-is-possible/","https://irishealing.com/","","Iris Healing® – Luxury Addiction Treatment","True","","","200","OK","Absolute","//body/div[@class='canvas-mobile']/div/div[@class='top-canvas']/a[@class='logo-mm']","Content","HTML","341309","65671"
"Hyperlink","https://irishealing.com/blog/borderline-personality-disorder-vs-bipolar/","https://irishealing.com/","","Home","True","","","200","OK","Absolute","//body/div[@class='wrapper-page']/header/div/div/div/div/section[1]/div/div/div/section[1]/div/div[1]/div/div[1]/div/div/div/a","Header","HTML","341309","65671"
"Hyperlink","https://irishealing.com/blog/borderline-personality-disorder-vs-bipolar/","https://irishealing.com/","","","True","","","200","OK","Absolute","//body/div[@class='wrapper-page']/header/div/div/div/div/section[2]/div/div[1]/div/div/div/a","Header","HTML","341309","65671"
"Hyperlink","https://irishealing.com/blog/borderline-personality-disorder-vs-bipolar/","https://irishealing.com/","Home","","True","","","200","OK","Absolute","//body/div[@class='wrapper-page']/div/section/div/div/div/div/div[1]/div[@class='breadcrumb-main']/div/div/ol/li[1]/a","Content","HTML","341309","65671"
"Hyperlink","https://irishealing.com/blog/borderline-personality-disorder-vs-bipolar/","https://irishealing.com/","","Home","True","","","200","OK","Absolute","//body/footer/div/div/section[2]/div/div[1]/div/div[1]/div/div/div/a","Footer","HTML","341309","65671"
"Hyperlink","https://irishealing.com/blog/borderline-personality-disorder-vs-bipolar/","https://irishealing.com/","","Iris Healing® – Luxury Addiction Treatment","True","","","200","OK","Absolute","//body/div[@class='canvas-mobile']/div/div[@class='top-canvas']/a[@class='logo-mm']","Content","HTML","341309","65671"
"Hyperlink","https://irishealing.com/blog/social-media-and-mental-health/","https://irishealing.com/","","Home","True","","","200","OK","Absolute","//body/div[@class='wrapper-page']/header/div/div/div/div/section[1]/div/div/div/section[1]/div/div[1]/div/div[1]/div/div/div/a","Header","HTML","341309","65671"
"Hyperlink","https://irishealing.com/blog/social-media-and-mental-health/","https://irishealing.com/","","","True","","","200","OK","Absolute","//body/div[@class='wrapper-page']/header/div/div/div/div/section[2]/div/div[1]/div/div/div/a","Header","HTML","341309","65671"
"Hyperlink","https://irishealing.com/blog/social-media-and-mental-health/","https://irishealing.com/","Home","","True","","","200","OK","Absolute","//body/div[@class='wrapper-page']/div/section/div/div/div/div/div[1]/div[@class='breadcrumb-main']/div/div/ol/li[1]/a","Content","HTML","341309","65671"
"Hyperlink","https://irishealing.com/blog/social-media-and-mental-health/","https://irishealing.com/","","Home","True","","","200","OK","Absolute","//body/footer/div/div/section[2]/div/div[1]/div/div[1]/div/div/div/a","Footer","HTML","341309","65671"
"Hyperlink","https://irishealing.com/blog/social-media-and-mental-health/","https://irishealing.com/","","Iris Healing® – Luxury Addiction Treatment","True","","","200","OK","Absolute","//body/div[@class='canvas-mobile']/div/div[@class='top-canvas']/a[@class='logo-mm']","Content","HTML","341309","65671"
"Hyperlink","https://irishealing.com/blog/quarantine-fatigue-6-ways-to-protect-mental-health-during-the-covid-19-pandemic/","https://irishealing.com/","","Home","True","","","200","OK","Absolute","//body/div[@class='wrapper-page']/header/div/div/div/div/section[1]/div/div/div/section[1]/div/div[1]/div/div[1]/div/div/div/a","Header","HTML","341309","65671"
"Hyperlink","https://irishealing.com/blog/quarantine-fatigue-6-ways-to-protect-mental-health-during-the-covid-19-pandemic/","https://irishealing.com/","","","True","","","200","OK","Absolute","//body/div[@class='wrapper-page']/header/div/div/div/div/section[2]/div/div[1]/div/div/div/a","Header","HTML","341309","65671"
"Hyperlink","https://irishealing.com/blog/quarantine-fatigue-6-ways-to-protect-mental-health-during-the-covid-19-pandemic/","https://irishealing.com/","Home","","True","","","200","OK","Absolute","//body/div[@class='wrapper-page']/div/section/div/div/div/div/div[1]/div[@class='breadcrumb-main']/div/div/ol/li[1]/a","Content","HTML","341309","65671"
"Hyperlink","https://irishealing.com/blog/quarantine-fatigue-6-ways-to-protect-mental-health-during-the-covid-19-pandemic/","https://irishealing.com/","","Home","True","","","200","OK","Absolute","//body/footer/div/div/section[2]/div/div[1]/div/div[1]/div/div/div/a","Footer","HTML","341309","65671"
"Hyperlink","https://irishealing.com/blog/quarantine-fatigue-6-ways-to-protect-mental-health-during-the-covid-19-pandemic/","https://irishealing.com/","","Iris Healing® – Luxury Addiction Treatment","True","","","200","OK","Absolute","//body/div[@class='canvas-mobile']/div/div[@class='top-canvas']/a[@class='logo-mm']","Content","HTML","341309","65671"
"Hyperlink","https://irishealing.com/blog/living-with-schizophrenia/","https://irishealing.com/","","Home","True","","","200","OK","Absolute","//body/div[@class='wrapper-page']/header/div/div/div/div/section[1]/div/div/div/section[1]/div/div[1]/div/div[1]/div/div/div/a","Header","HTML","341309","65671"
"Hyperlink","https://irishealing.com/blog/living-with-schizophrenia/","https://irishealing.com/","","","True","","","200","OK","Absolute","//body/div[@class='wrapper-page']/header/div/div/div/div/section[2]/div/div[1]/div/div/div/a","Header","HTML","341309","65671"
"Hyperlink","https://irishealing.com/blog/living-with-schizophrenia/","https://irishealing.com/","Home","","True","","","200","OK","Absolute","//body/div[@class='wrapper-page']/div/section/div/div/div/div/div[1]/div[@class='breadcrumb-main']/div/div/ol/li[1]/a","Content","HTML","341309","65671"
"Hyperlink","https://irishealing.com/blog/living-with-schizophrenia/","https://irishealing.com/","treat it in recovery","","True","","","200","OK","Root-Relative","//body/div[@class='wrapper-page']/div/section/div/div/div/div/div[2]/div/div/div[1]/article/div[@class='entry-content']/div/div[2]/div/section/div/div/div/div/div/p[4]/a[1]","Content","HTML","341309","65671"
"Hyperlink","https://irishealing.com/blog/living-with-schizophrenia/","https://irishealing.com/","","Home","True","","","200","OK","Absolute","//body/footer/div/div/section[2]/div/div[1]/div/div[1]/div/div/div/a","Footer","HTML","341309","65671"
"Hyperlink","https://irishealing.com/blog/living-with-schizophrenia/","https://irishealing.com/","","Iris Healing® – Luxury Addiction Treatment","True","","","200","OK","Absolute","//body/div[@class='canvas-mobile']/div/div[@class='top-canvas']/a[@class='logo-mm']","Content","HTML","341309","65671"
"Hyperlink","https://irishealing.com/blog/ways-of-treating-depression-without-drugs-or-medication/","https://irishealing.com/","","Home","True","","","200","OK","Absolute","//body/div[@class='wrapper-page']/header/div/div/div/div/section[1]/div/div/div/section[1]/div/div[1]/div/div[1]/div/div/div/a","Header","HTML","341309","65671"
"Hyperlink","https://irishealing.com/blog/ways-of-treating-depression-without-drugs-or-medication/","https://irishealing.com/","","","True","","","200","OK","Absolute","//body/div[@class='wrapper-page']/header/div/div/div/div/section[2]/div/div[1]/div/div/div/a","Header","HTML","341309","65671"
"Hyperlink","https://irishealing.com/blog/ways-of-treating-depression-without-drugs-or-medication/","https://irishealing.com/","Home","","True","","","200","OK","Absolute","//body/div[@class='wrapper-page']/div/section/div/div/div/div/div[1]/div[@class='breadcrumb-main']/div/div/ol/li[1]/a","Content","HTML","341309","65671"
"Hyperlink","https://irishealing.com/blog/ways-of-treating-depression-without-drugs-or-medication/","https://irishealing.com/","","Home","True","","","200","OK","Absolute","//body/footer/div/div/section[2]/div/div[1]/div/div[1]/div/div/div/a","Footer","HTML","341309","65671"
"Hyperlink","https://irishealing.com/blog/ways-of-treating-depression-without-drugs-or-medication/","https://irishealing.com/","","Iris Healing® – Luxury Addiction Treatment","True","","","200","OK","Absolute","//body/div[@class='canvas-mobile']/div/div[@class='top-canvas']/a[@class='logo-mm']","Content","HTML","341309","65671"
"Hyperlink","https://irishealing.com/blog/neurofeedback-therapy-in-los-angeles-improve-your-brain/","https://irishealing.com/","","Home","True","","","200","OK","Absolute","//body/div[@class='wrapper-page']/header/div/div/div/div/section[1]/div/div/div/section[1]/div/div[1]/div/div[1]/div/div/div/a","Header","HTML","341309","65671"
"Hyperlink","https://irishealing.com/blog/neurofeedback-therapy-in-los-angeles-improve-your-brain/","https://irishealing.com/","","","True","","","200","OK","Absolute","//body/div[@class='wrapper-page']/header/div/div/div/div/section[2]/div/div[1]/div/div/div/a","Header","HTML","341309","65671"
"Hyperlink","https://irishealing.com/blog/neurofeedback-therapy-in-los-angeles-improve-your-brain/","https://irishealing.com/","Home","","True","","","200","OK","Absolute","//body/div[@class='wrapper-page']/div/section/div/div/div/div/div[1]/div[@class='breadcrumb-main']/div/div/ol/li[1]/a","Content","HTML","341309","65671"
"Hyperlink","https://irishealing.com/blog/neurofeedback-therapy-in-los-angeles-improve-your-brain/","https://irishealing.com/","","Home","True","","","200","OK","Absolute","//body/footer/div/div/section[2]/div/div[1]/div/div[1]/div/div/div/a","Footer","HTML","341309","65671"
"Hyperlink","https://irishealing.com/blog/neurofeedback-therapy-in-los-angeles-improve-your-brain/","https://irishealing.com/","","Iris Healing® – Luxury Addiction Treatment","True","","","200","OK","Absolute","//body/div[@class='canvas-mobile']/div/div[@class='top-canvas']/a[@class='logo-mm']","Content","HTML","341309","65671"
"Hyperlink","https://irishealing.com/blog/schizoaffective-disorder-and-addiction/","https://irishealing.com/","","Home","True","","","200","OK","Absolute","//body/div[@class='wrapper-page']/header/div/div/div/div/section[1]/div/div/div/section[1]/div/div[1]/div/div[1]/div/div/div/a","Header","HTML","341309","65671"
"Hyperlink","https://irishealing.com/blog/schizoaffective-disorder-and-addiction/","https://irishealing.com/","","","True","","","200","OK","Absolute","//body/div[@class='wrapper-page']/header/div/div/div/div/section[2]/div/div[1]/div/div/div/a","Header","HTML","341309","65671"
"Hyperlink","https://irishealing.com/blog/schizoaffective-disorder-and-addiction/","https://irishealing.com/","Home","","True","","","200","OK","Absolute","//body/div[@class='wrapper-page']/div/section/div/div/div/div/div[1]/div[@class='breadcrumb-main']/div/div/ol/li[1]/a","Content","HTML","341309","65671"
"Hyperlink","https://irishealing.com/blog/schizoaffective-disorder-and-addiction/","https://irishealing.com/","recovery program","","True","","","200","OK","Root-Relative","//body/div[@class='wrapper-page']/div/section/div/div/div/div/div[2]/div/div/div[1]/article/div[@class='entry-content']/div/div[2]/div/section/div/div/div/div/div/p[26]/a","Content","HTML","341309","65671"
"Hyperlink","https://irishealing.com/blog/schizoaffective-disorder-and-addiction/","https://irishealing.com/","","Home","True","","","200","OK","Absolute","//body/footer/div/div/section[2]/div/div[1]/div/div[1]/div/div/div/a","Footer","HTML","341309","65671"
"Hyperlink","https://irishealing.com/blog/schizoaffective-disorder-and-addiction/","https://irishealing.com/","","Iris Healing® – Luxury Addiction Treatment","True","","","200","OK","Absolute","//body/div[@class='canvas-mobile']/div/div[@class='top-canvas']/a[@class='logo-mm']","Content","HTML","341309","65671"
"Hyperlink","https://irishealing.com/blog/risks-side-effects-of-brainspotting/","https://irishealing.com/","","Home","True","","","200","OK","Absolute","//body/div[@class='wrapper-page']/header/div/div/div/div/section[1]/div/div/div/section[1]/div/div[1]/div/div[1]/div/div/div/a","Header","HTML","341309","65671"
"Hyperlink","https://irishealing.com/blog/risks-side-effects-of-brainspotting/","https://irishealing.com/","","","True","","","200","OK","Absolute","//body/div[@class='wrapper-page']/header/div/div/div/div/section[2]/div/div[1]/div/div/div/a","Header","HTML","341309","65671"
"Hyperlink","https://irishealing.com/blog/risks-side-effects-of-brainspotting/","https://irishealing.com/","Home","","True","","","200","OK","Absolute","//body/div[@class='wrapper-page']/div/section/div/div/div/div/div[1]/div[@class='breadcrumb-main']/div/div/ol/li[1]/a","Content","HTML","341309","65671"
"Hyperlink","https://irishealing.com/blog/risks-side-effects-of-brainspotting/","https://irishealing.com/","","Home","True","","","200","OK","Absolute","//body/footer/div/div/section[2]/div/div[1]/div/div[1]/div/div/div/a","Footer","HTML","341309","65671"
"Hyperlink","https://irishealing.com/blog/risks-side-effects-of-brainspotting/","https://irishealing.com/","","Iris Healing® – Luxury Addiction Treatment","True","","","200","OK","Absolute","//body/div[@class='canvas-mobile']/div/div[@class='top-canvas']/a[@class='logo-mm']","Content","HTML","341309","65671"
"Hyperlink","https://irishealing.com/blog/iris-hits-road-japanese-garden/","https://irishealing.com/","","Home","True","","","200","OK","Absolute","//body/div[@class='wrapper-page']/header/div/div/div/div/section[1]/div/div/div/section[1]/div/div[1]/div/div[1]/div/div/div/a","Header","HTML","341309","65671"
"Hyperlink","https://irishealing.com/blog/iris-hits-road-japanese-garden/","https://irishealing.com/","","","True","","","200","OK","Absolute","//body/div[@class='wrapper-page']/header/div/div/div/div/section[2]/div/div[1]/div/div/div/a","Header","HTML","341309","65671"
"Hyperlink","https://irishealing.com/blog/iris-hits-road-japanese-garden/","https://irishealing.com/","Home","","True","","","200","OK","Absolute","//body/div[@class='wrapper-page']/div/section/div/div/div/div/div[1]/div[@class='breadcrumb-main']/div/div/ol/li[1]/a","Content","HTML","341309","65671"
"Hyperlink","https://irishealing.com/blog/iris-hits-road-japanese-garden/","https://irishealing.com/","","Home","True","","","200","OK","Absolute","//body/footer/div/div/section[2]/div/div[1]/div/div[1]/div/div/div/a","Footer","HTML","341309","65671"
"Hyperlink","https://irishealing.com/blog/iris-hits-road-japanese-garden/","https://irishealing.com/","","Iris Healing® – Luxury Addiction Treatment","True","","","200","OK","Absolute","//body/div[@class='canvas-mobile']/div/div[@class='top-canvas']/a[@class='logo-mm']","Content","HTML","341309","65671"
"Hyperlink","https://irishealing.com/blog/woodland-hills-california-rehab-activities/","https://irishealing.com/","","Home","True","","","200","OK","Absolute","//body/div[@class='wrapper-page']/header/div/div/div/div/section[1]/div/div/div/section[1]/div/div[1]/div/div[1]/div/div/div/a","Header","HTML","341309","65671"
"Hyperlink","https://irishealing.com/blog/woodland-hills-california-rehab-activities/","https://irishealing.com/","","","True","","","200","OK","Absolute","//body/div[@class='wrapper-page']/header/div/div/div/div/section[2]/div/div[1]/div/div/div/a","Header","HTML","341309","65671"
"Hyperlink","https://irishealing.com/blog/woodland-hills-california-rehab-activities/","https://irishealing.com/","Home","","True","","","200","OK","Absolute","//body/div[@class='wrapper-page']/div/section/div/div/div/div/div[1]/div[@class='breadcrumb-main']/div/div/ol/li[1]/a","Content","HTML","341309","65671"
"Hyperlink","https://irishealing.com/blog/woodland-hills-california-rehab-activities/","https://irishealing.com/","alcohol or drug rehab facility","","True","","","200","OK","Root-Relative","//body/div[@class='wrapper-page']/div/section/div/div/div/div/div[2]/div/div/div[1]/article/div[@class='entry-content']/div/div[2]/div/section/div/div/div/div/div/p[1]/a[2]","Content","HTML","341309","65671"
"Hyperlink","https://irishealing.com/blog/woodland-hills-california-rehab-activities/","https://irishealing.com/","Iris Healing®","","True","","","200","OK","Root-Relative","//body/div[@class='wrapper-page']/div/section/div/div/div/div/div[2]/div/div/div[1]/article/div[@class='entry-content']/div/div[2]/div/section/div/div/div/div/div/p[48]/a[1]","Content","HTML","341309","65671"
"Hyperlink","https://irishealing.com/blog/woodland-hills-california-rehab-activities/","https://irishealing.com/","","Home","True","","","200","OK","Absolute","//body/footer/div/div/section[2]/div/div[1]/div/div[1]/div/div/div/a","Footer","HTML","341309","65671"
"Hyperlink","https://irishealing.com/blog/woodland-hills-california-rehab-activities/","https://irishealing.com/","","Iris Healing® – Luxury Addiction Treatment","True","","","200","OK","Absolute","//body/div[@class='canvas-mobile']/div/div[@class='top-canvas']/a[@class='logo-mm']","Content","HTML","341309","65671"
"Hyperlink","https://irishealing.com/elena-kapustina/","https://irishealing.com/","","Home","True","","","200","OK","Absolute","//body/div[@class='wrapper-page']/header/div/div/div/div/section[1]/div/div/div/section[1]/div/div[1]/div/div[1]/div/div/div/a","Header","HTML","341309","65671"
"Hyperlink","https://irishealing.com/elena-kapustina/","https://irishealing.com/","","","True","","","200","OK","Absolute","//body/div[@class='wrapper-page']/header/div/div/div/div/section[2]/div/div[1]/div/div/div/a","Header","HTML","341309","65671"
"Hyperlink","https://irishealing.com/elena-kapustina/","https://irishealing.com/","Home","","True","","","200","OK","Absolute","//body/div[@class='wrapper-page']/div/section/div/div/div/div/div/div/div/div/div[1]/section[1]/div/div/div/div/div/div/div/div/div/div/div/ol/li[1]/a","Content","HTML","341309","65671"
"Hyperlink","https://irishealing.com/elena-kapustina/","https://irishealing.com/","Iris Healing®","","True","","","200","OK","Absolute","//body/div[@class='wrapper-page']/div/section/div/div/div/div/div/div/div/div/div[1]/section[2]/div/div/div/section[1]/div/div[1]/div/div[3]/div/div[1]/div/p/a","Content","HTML","341309","65671"
"Hyperlink","https://irishealing.com/elena-kapustina/","https://irishealing.com/","","Home","True","","","200","OK","Absolute","//body/footer/div/div/section[2]/div/div[1]/div/div[1]/div/div/div/a","Footer","HTML","341309","65671"
"Hyperlink","https://irishealing.com/elena-kapustina/","https://irishealing.com/","","Iris Healing® – Luxury Addiction Treatment","True","","","200","OK","Absolute","//body/div[@class='canvas-mobile']/div/div[@class='top-canvas']/a[@class='logo-mm']","Content","HTML","341309","65671"
"Hyperlink","https://irishealing.com/blog/mental-health-retreat-centers-thinking-outside-the-box/","https://irishealing.com/","","Home","True","","","200","OK","Absolute","//body/div[@class='wrapper-page']/header/div/div/div/div/section[1]/div/div/div/section[1]/div/div[1]/div/div[1]/div/div/div/a","Header","HTML","341309","65671"
"Hyperlink","https://irishealing.com/blog/mental-health-retreat-centers-thinking-outside-the-box/","https://irishealing.com/","","","True","","","200","OK","Absolute","//body/div[@class='wrapper-page']/header/div/div/div/div/section[2]/div/div[1]/div/div/div/a","Header","HTML","341309","65671"
"Hyperlink","https://irishealing.com/blog/mental-health-retreat-centers-thinking-outside-the-box/","https://irishealing.com/","Home","","True","","","200","OK","Absolute","//body/div[@class='wrapper-page']/div/section/div/div/div/div/div[1]/div[@class='breadcrumb-main']/div/div/ol/li[1]/a","Content","HTML","341309","65671"
"Hyperlink","https://irishealing.com/blog/mental-health-retreat-centers-thinking-outside-the-box/","https://irishealing.com/","","Home","True","","","200","OK","Absolute","//body/footer/div/div/section[2]/div/div[1]/div/div[1]/div/div/div/a","Footer","HTML","341309","65671"
"Hyperlink","https://irishealing.com/blog/mental-health-retreat-centers-thinking-outside-the-box/","https://irishealing.com/","","Iris Healing® – Luxury Addiction Treatment","True","","","200","OK","Absolute","//body/div[@class='canvas-mobile']/div/div[@class='top-canvas']/a[@class='logo-mm']","Content","HTML","341309","65671"
"Hyperlink","https://irishealing.com/blog/9-mental-health-benefits-of-exercise/","https://irishealing.com/","","Home","True","","","200","OK","Absolute","//body/div[@class='wrapper-page']/header/div/div/div/div/section[1]/div/div/div/section[1]/div/div[1]/div/div[1]/div/div/div/a","Header","HTML","341309","65671"
"Hyperlink","https://irishealing.com/blog/9-mental-health-benefits-of-exercise/","https://irishealing.com/","","","True","","","200","OK","Absolute","//body/div[@class='wrapper-page']/header/div/div/div/div/section[2]/div/div[1]/div/div/div/a","Header","HTML","341309","65671"
"Hyperlink","https://irishealing.com/blog/9-mental-health-benefits-of-exercise/","https://irishealing.com/","Home","","True","","","200","OK","Absolute","//body/div[@class='wrapper-page']/div/section/div/div/div/div/div[1]/div[@class='breadcrumb-main']/div/div/ol/li[1]/a","Content","HTML","341309","65671"
"Hyperlink","https://irishealing.com/blog/9-mental-health-benefits-of-exercise/","https://irishealing.com/","","Home","True","","","200","OK","Absolute","//body/footer/div/div/section[2]/div/div[1]/div/div[1]/div/div/div/a","Footer","HTML","341309","65671"
"Hyperlink","https://irishealing.com/blog/9-mental-health-benefits-of-exercise/","https://irishealing.com/","","Iris Healing® – Luxury Addiction Treatment","True","","","200","OK","Absolute","//body/div[@class='canvas-mobile']/div/div[@class='top-canvas']/a[@class='logo-mm']","Content","HTML","341309","65671"
"Hyperlink","https://irishealing.com/blog/is-addiction-a-disease/","https://irishealing.com/","","Home","True","","","200","OK","Absolute","//body/div[@class='wrapper-page']/header/div/div/div/div/section[1]/div/div/div/section[1]/div/div[1]/div/div[1]/div/div/div/a","Header","HTML","341309","65671"
"Hyperlink","https://irishealing.com/blog/is-addiction-a-disease/","https://irishealing.com/","","","True","","","200","OK","Absolute","//body/div[@class='wrapper-page']/header/div/div/div/div/section[2]/div/div[1]/div/div/div/a","Header","HTML","341309","65671"
"Hyperlink","https://irishealing.com/blog/is-addiction-a-disease/","https://irishealing.com/","Home","","True","","","200","OK","Absolute","//body/div[@class='wrapper-page']/div/section/div/div/div/div/div[1]/div[@class='breadcrumb-main']/div/div/ol/li[1]/a","Content","HTML","341309","65671"
"Hyperlink","https://irishealing.com/blog/is-addiction-a-disease/","https://irishealing.com/","","Home","True","","","200","OK","Absolute","//body/footer/div/div/section[2]/div/div[1]/div/div[1]/div/div/div/a","Footer","HTML","341309","65671"
"Hyperlink","https://irishealing.com/blog/is-addiction-a-disease/","https://irishealing.com/","","Iris Healing® – Luxury Addiction Treatment","True","","","200","OK","Absolute","//body/div[@class='canvas-mobile']/div/div[@class='top-canvas']/a[@class='logo-mm']","Content","HTML","341309","65671"
"Hyperlink","https://irishealing.com/blog/the-healthiest-alcohol-detox-program/","https://irishealing.com/","","Home","True","","","200","OK","Absolute","//body/div[@class='wrapper-page']/header/div/div/div/div/section[1]/div/div/div/section[1]/div/div[1]/div/div[1]/div/div/div/a","Header","HTML","341309","65671"
"Hyperlink","https://irishealing.com/blog/the-healthiest-alcohol-detox-program/","https://irishealing.com/","","","True","","","200","OK","Absolute","//body/div[@class='wrapper-page']/header/div/div/div/div/section[2]/div/div[1]/div/div/div/a","Header","HTML","341309","65671"
"Hyperlink","https://irishealing.com/blog/the-healthiest-alcohol-detox-program/","https://irishealing.com/","Home","","True","","","200","OK","Absolute","//body/div[@class='wrapper-page']/div/section/div/div/div/div/div[1]/div[@class='breadcrumb-main']/div/div/ol/li[1]/a","Content","HTML","341309","65671"
"Hyperlink","https://irishealing.com/blog/the-healthiest-alcohol-detox-program/","https://irishealing.com/","","Home","True","","","200","OK","Absolute","//body/footer/div/div/section[2]/div/div[1]/div/div[1]/div/div/div/a","Footer","HTML","341309","65671"
"Hyperlink","https://irishealing.com/blog/the-healthiest-alcohol-detox-program/","https://irishealing.com/","","Iris Healing® – Luxury Addiction Treatment","True","","","200","OK","Absolute","//body/div[@class='canvas-mobile']/div/div[@class='top-canvas']/a[@class='logo-mm']","Content","HTML","341309","65671"
"Hyperlink","https://irishealing.com/blog/detoxing-off-of-suboxone/","https://irishealing.com/","","Home","True","","","200","OK","Absolute","//body/div[@class='wrapper-page']/header/div/div/div/div/section[1]/div/div/div/section[1]/div/div[1]/div/div[1]/div/div/div/a","Header","HTML","341309","65671"
"Hyperlink","https://irishealing.com/blog/detoxing-off-of-suboxone/","https://irishealing.com/","","","True","","","200","OK","Absolute","//body/div[@class='wrapper-page']/header/div/div/div/div/section[2]/div/div[1]/div/div/div/a","Header","HTML","341309","65671"
"Hyperlink","https://irishealing.com/blog/detoxing-off-of-suboxone/","https://irishealing.com/","Home","","True","","","200","OK","Absolute","//body/div[@class='wrapper-page']/div/section/div/div/div/div/div[1]/div[@class='breadcrumb-main']/div/div/ol/li[1]/a","Content","HTML","341309","65671"
"Hyperlink","https://irishealing.com/blog/detoxing-off-of-suboxone/","https://irishealing.com/","","Home","True","","","200","OK","Absolute","//body/footer/div/div/section[2]/div/div[1]/div/div[1]/div/div/div/a","Footer","HTML","341309","65671"
"Hyperlink","https://irishealing.com/blog/detoxing-off-of-suboxone/","https://irishealing.com/","","Iris Healing® – Luxury Addiction Treatment","True","","","200","OK","Absolute","//body/div[@class='canvas-mobile']/div/div[@class='top-canvas']/a[@class='logo-mm']","Content","HTML","341309","65671"
"Hyperlink","https://irishealing.com/blog/our-mental-health-retreats-in-california/","https://irishealing.com/","","Home","True","","","200","OK","Absolute","//body/div[@class='wrapper-page']/header/div/div/div/div/section[1]/div/div/div/section[1]/div/div[1]/div/div[1]/div/div/div/a","Header","HTML","341309","65671"
"Hyperlink","https://irishealing.com/blog/our-mental-health-retreats-in-california/","https://irishealing.com/","","","True","","","200","OK","Absolute","//body/div[@class='wrapper-page']/header/div/div/div/div/section[2]/div/div[1]/div/div/div/a","Header","HTML","341309","65671"
"Hyperlink","https://irishealing.com/blog/our-mental-health-retreats-in-california/","https://irishealing.com/","Home","","True","","","200","OK","Absolute","//body/div[@class='wrapper-page']/div/section/div/div/div/div/div[1]/div[@class='breadcrumb-main']/div/div/ol/li[1]/a","Content","HTML","341309","65671"
"Hyperlink","https://irishealing.com/blog/our-mental-health-retreats-in-california/","https://irishealing.com/","","Home","True","","","200","OK","Absolute","//body/footer/div/div/section[2]/div/div[1]/div/div[1]/div/div/div/a","Footer","HTML","341309","65671"
"Hyperlink","https://irishealing.com/blog/our-mental-health-retreats-in-california/","https://irishealing.com/","","Iris Healing® – Luxury Addiction Treatment","True","","","200","OK","Absolute","//body/div[@class='canvas-mobile']/div/div[@class='top-canvas']/a[@class='logo-mm']","Content","HTML","341309","65671"
"Hyperlink","https://irishealing.com/blog/6-famous-people-with-ptsd-post-traumatic-stress-disorder/","https://irishealing.com/","","Home","True","","","200","OK","Absolute","//body/div[@class='wrapper-page']/header/div/div/div/div/section[1]/div/div/div/section[1]/div/div[1]/div/div[1]/div/div/div/a","Header","HTML","341309","65671"
"Hyperlink","https://irishealing.com/blog/6-famous-people-with-ptsd-post-traumatic-stress-disorder/","https://irishealing.com/","","","True","","","200","OK","Absolute","//body/div[@class='wrapper-page']/header/div/div/div/div/section[2]/div/div[1]/div/div/div/a","Header","HTML","341309","65671"
"Hyperlink","https://irishealing.com/blog/6-famous-people-with-ptsd-post-traumatic-stress-disorder/","https://irishealing.com/","Home","","True","","","200","OK","Absolute","//body/div[@class='wrapper-page']/div/section/div/div/div/div/div[1]/div[@class='breadcrumb-main']/div/div/ol/li[1]/a","Content","HTML","341309","65671"
"Hyperlink","https://irishealing.com/blog/6-famous-people-with-ptsd-post-traumatic-stress-disorder/","https://irishealing.com/","","Home","True","","","200","OK","Absolute","//body/footer/div/div/section[2]/div/div[1]/div/div[1]/div/div/div/a","Footer","HTML","341309","65671"
"Hyperlink","https://irishealing.com/blog/6-famous-people-with-ptsd-post-traumatic-stress-disorder/","https://irishealing.com/","","Iris Healing® – Luxury Addiction Treatment","True","","","200","OK","Absolute","//body/div[@class='canvas-mobile']/div/div[@class='top-canvas']/a[@class='logo-mm']","Content","HTML","341309","65671"
"Hyperlink","https://irishealing.com/blog/smart-recovery-meeting/","https://irishealing.com/","","Home","True","","","200","OK","Absolute","//body/div[@class='wrapper-page']/header/div/div/div/div/section[1]/div/div/div/section[1]/div/div[1]/div/div[1]/div/div/div/a","Header","HTML","341309","65671"
"Hyperlink","https://irishealing.com/blog/smart-recovery-meeting/","https://irishealing.com/","","","True","","","200","OK","Absolute","//body/div[@class='wrapper-page']/header/div/div/div/div/section[2]/div/div[1]/div/div/div/a","Header","HTML","341309","65671"
"Hyperlink","https://irishealing.com/blog/smart-recovery-meeting/","https://irishealing.com/","Home","","True","","","200","OK","Absolute","//body/div[@class='wrapper-page']/div/section/div/div/div/div/div[1]/div[@class='breadcrumb-main']/div/div/ol/li[1]/a","Content","HTML","341309","65671"
"Hyperlink","https://irishealing.com/blog/smart-recovery-meeting/","https://irishealing.com/","","Home","True","","","200","OK","Absolute","//body/footer/div/div/section[2]/div/div[1]/div/div[1]/div/div/div/a","Footer","HTML","341309","65671"
"Hyperlink","https://irishealing.com/blog/smart-recovery-meeting/","https://irishealing.com/","","Iris Healing® – Luxury Addiction Treatment","True","","","200","OK","Absolute","//body/div[@class='canvas-mobile']/div/div[@class='top-canvas']/a[@class='logo-mm']","Content","HTML","341309","65671"
"Hyperlink","https://irishealing.com/blog/spiritual-rehabilitation-retreats/","https://irishealing.com/","","Home","True","","","200","OK","Absolute","//body/div[@class='wrapper-page']/header/div/div/div/div/section[1]/div/div/div/section[1]/div/div[1]/div/div[1]/div/div/div/a","Header","HTML","341309","65671"
"Hyperlink","https://irishealing.com/blog/spiritual-rehabilitation-retreats/","https://irishealing.com/","","","True","","","200","OK","Absolute","//body/div[@class='wrapper-page']/header/div/div/div/div/section[2]/div/div[1]/div/div/div/a","Header","HTML","341309","65671"
"Hyperlink","https://irishealing.com/blog/spiritual-rehabilitation-retreats/","https://irishealing.com/","Home","","True","","","200","OK","Absolute","//body/div[@class='wrapper-page']/div/section/div/div/div/div/div[1]/div[@class='breadcrumb-main']/div/div/ol/li[1]/a","Content","HTML","341309","65671"
"Hyperlink","https://irishealing.com/blog/spiritual-rehabilitation-retreats/","https://irishealing.com/","","Home","True","","","200","OK","Absolute","//body/footer/div/div/section[2]/div/div[1]/div/div[1]/div/div/div/a","Footer","HTML","341309","65671"
"Hyperlink","https://irishealing.com/blog/spiritual-rehabilitation-retreats/","https://irishealing.com/","","Iris Healing® – Luxury Addiction Treatment","True","","","200","OK","Absolute","//body/div[@class='canvas-mobile']/div/div[@class='top-canvas']/a[@class='logo-mm']","Content","HTML","341309","65671"
"Hyperlink","https://irishealing.com/blog/featured-keys-recovery-magazine/","https://irishealing.com/","","Home","True","","","200","OK","Absolute","//body/div[@class='wrapper-page']/header/div/div/div/div/section[1]/div/div/div/section[1]/div/div[1]/div/div[1]/div/div/div/a","Header","HTML","341309","65671"
"Hyperlink","https://irishealing.com/blog/featured-keys-recovery-magazine/","https://irishealing.com/","","","True","","","200","OK","Absolute","//body/div[@class='wrapper-page']/header/div/div/div/div/section[2]/div/div[1]/div/div/div/a","Header","HTML","341309","65671"
"Hyperlink","https://irishealing.com/blog/featured-keys-recovery-magazine/","https://irishealing.com/","Home","","True","","","200","OK","Absolute","//body/div[@class='wrapper-page']/div/section/div/div/div/div/div[1]/div[@class='breadcrumb-main']/div/div/ol/li[1]/a","Content","HTML","341309","65671"
"Hyperlink","https://irishealing.com/blog/featured-keys-recovery-magazine/","https://irishealing.com/","","Home","True","","","200","OK","Absolute","//body/footer/div/div/section[2]/div/div[1]/div/div[1]/div/div/div/a","Footer","HTML","341309","65671"
"Hyperlink","https://irishealing.com/blog/featured-keys-recovery-magazine/","https://irishealing.com/","","Iris Healing® – Luxury Addiction Treatment","True","","","200","OK","Absolute","//body/div[@class='canvas-mobile']/div/div[@class='top-canvas']/a[@class='logo-mm']","Content","HTML","341309","65671"
"Hyperlink","https://irishealing.com/blog/guidelines-for-choosing-ethical-treatment-programs/","https://irishealing.com/","","Home","True","","","200","OK","Absolute","//body/div[@class='wrapper-page']/header/div/div/div/div/section[1]/div/div/div/section[1]/div/div[1]/div/div[1]/div/div/div/a","Header","HTML","341309","65671"
"Hyperlink","https://irishealing.com/blog/guidelines-for-choosing-ethical-treatment-programs/","https://irishealing.com/","","","True","","","200","OK","Absolute","//body/div[@class='wrapper-page']/header/div/div/div/div/section[2]/div/div[1]/div/div/div/a","Header","HTML","341309","65671"
"Hyperlink","https://irishealing.com/blog/guidelines-for-choosing-ethical-treatment-programs/","https://irishealing.com/","Home","","True","","","200","OK","Absolute","//body/div[@class='wrapper-page']/div/section/div/div/div/div/div[1]/div[@class='breadcrumb-main']/div/div/ol/li[1]/a","Content","HTML","341309","65671"
"Hyperlink","https://irishealing.com/blog/guidelines-for-choosing-ethical-treatment-programs/","https://irishealing.com/","","Home","True","","","200","OK","Absolute","//body/footer/div/div/section[2]/div/div[1]/div/div[1]/div/div/div/a","Footer","HTML","341309","65671"
"Hyperlink","https://irishealing.com/blog/guidelines-for-choosing-ethical-treatment-programs/","https://irishealing.com/","","Iris Healing® – Luxury Addiction Treatment","True","","","200","OK","Absolute","//body/div[@class='canvas-mobile']/div/div[@class='top-canvas']/a[@class='logo-mm']","Content","HTML","341309","65671"
"Hyperlink","https://irishealing.com/blog/work-life-balance/","https://irishealing.com/","","Home","True","","","200","OK","Absolute","//body/div[@class='wrapper-page']/header/div/div/div/div/section[1]/div/div/div/section[1]/div/div[1]/div/div[1]/div/div/div/a","Header","HTML","341309","65671"
"Hyperlink","https://irishealing.com/blog/work-life-balance/","https://irishealing.com/","","","True","","","200","OK","Absolute","//body/div[@class='wrapper-page']/header/div/div/div/div/section[2]/div/div[1]/div/div/div/a","Header","HTML","341309","65671"
"Hyperlink","https://irishealing.com/blog/work-life-balance/","https://irishealing.com/","Home","","True","","","200","OK","Absolute","//body/div[@class='wrapper-page']/div/section/div/div/div/div/div[1]/div[@class='breadcrumb-main']/div/div/ol/li[1]/a","Content","HTML","341309","65671"
"Hyperlink","https://irishealing.com/blog/work-life-balance/","https://irishealing.com/","","Home","True","","","200","OK","Absolute","//body/footer/div/div/section[2]/div/div[1]/div/div[1]/div/div/div/a","Footer","HTML","341309","65671"
"Hyperlink","https://irishealing.com/blog/work-life-balance/","https://irishealing.com/","","Iris Healing® – Luxury Addiction Treatment","True","","","200","OK","Absolute","//body/div[@class='canvas-mobile']/div/div[@class='top-canvas']/a[@class='logo-mm']","Content","HTML","341309","65671"
"Hyperlink","https://irishealing.com/blog/is-adderall-a-controlled-substance/","https://irishealing.com/","","Home","True","","","200","OK","Absolute","//body/div[@class='wrapper-page']/header/div/div/div/div/section[1]/div/div/div/section[1]/div/div[1]/div/div[1]/div/div/div/a","Header","HTML","341309","65671"
"Hyperlink","https://irishealing.com/blog/is-adderall-a-controlled-substance/","https://irishealing.com/","","","True","","","200","OK","Absolute","//body/div[@class='wrapper-page']/header/div/div/div/div/section[2]/div/div[1]/div/div/div/a","Header","HTML","341309","65671"
"Hyperlink","https://irishealing.com/blog/is-adderall-a-controlled-substance/","https://irishealing.com/","Home","","True","","","200","OK","Absolute","//body/div[@class='wrapper-page']/div/section/div/div/div/div/div[1]/div[@class='breadcrumb-main']/div/div/ol/li[1]/a","Content","HTML","341309","65671"
"Hyperlink","https://irishealing.com/blog/is-adderall-a-controlled-substance/","https://irishealing.com/","","Home","True","","","200","OK","Absolute","//body/footer/div/div/section[2]/div/div[1]/div/div[1]/div/div/div/a","Footer","HTML","341309","65671"
"Hyperlink","https://irishealing.com/blog/is-adderall-a-controlled-substance/","https://irishealing.com/","","Iris Healing® – Luxury Addiction Treatment","True","","","200","OK","Absolute","//body/div[@class='canvas-mobile']/div/div[@class='top-canvas']/a[@class='logo-mm']","Content","HTML","341309","65671"
"Hyperlink","https://irishealing.com/blog/depression-and-addiction/","https://irishealing.com/","","Home","True","","","200","OK","Absolute","//body/div[@class='wrapper-page']/header/div/div/div/div/section[1]/div/div/div/section[1]/div/div[1]/div/div[1]/div/div/div/a","Header","HTML","341309","65671"
"Hyperlink","https://irishealing.com/blog/depression-and-addiction/","https://irishealing.com/","","","True","","","200","OK","Absolute","//body/div[@class='wrapper-page']/header/div/div/div/div/section[2]/div/div[1]/div/div/div/a","Header","HTML","341309","65671"
"Hyperlink","https://irishealing.com/blog/depression-and-addiction/","https://irishealing.com/","Home","","True","","","200","OK","Absolute","//body/div[@class='wrapper-page']/div/section/div/div/div/div/div[1]/div[@class='breadcrumb-main']/div/div/ol/li[1]/a","Content","HTML","341309","65671"
"Hyperlink","https://irishealing.com/blog/depression-and-addiction/","https://irishealing.com/","","Home","True","","","200","OK","Absolute","//body/footer/div/div/section[2]/div/div[1]/div/div[1]/div/div/div/a","Footer","HTML","341309","65671"
"Hyperlink","https://irishealing.com/blog/depression-and-addiction/","https://irishealing.com/","","Iris Healing® – Luxury Addiction Treatment","True","","","200","OK","Absolute","//body/div[@class='canvas-mobile']/div/div[@class='top-canvas']/a[@class='logo-mm']","Content","HTML","341309","65671"
"Hyperlink","https://irishealing.com/blog/brainspotting/","https://irishealing.com/","","Home","True","","","200","OK","Absolute","//body/div[@class='wrapper-page']/header/div/div/div/div/section[1]/div/div/div/section[1]/div/div[1]/div/div[1]/div/div/div/a","Header","HTML","341309","65671"
"Hyperlink","https://irishealing.com/blog/brainspotting/","https://irishealing.com/","","","True","","","200","OK","Absolute","//body/div[@class='wrapper-page']/header/div/div/div/div/section[2]/div/div[1]/div/div/div/a","Header","HTML","341309","65671"
"Hyperlink","https://irishealing.com/blog/brainspotting/","https://irishealing.com/","Home","","True","","","200","OK","Absolute","//body/div[@class='wrapper-page']/div/section/div/div/div/div/div[1]/div[@class='breadcrumb-main']/div/div/ol/li[1]/a","Content","HTML","341309","65671"
"Hyperlink","https://irishealing.com/blog/brainspotting/","https://irishealing.com/","","Home","True","","","200","OK","Absolute","//body/footer/div/div/section[2]/div/div[1]/div/div[1]/div/div/div/a","Footer","HTML","341309","65671"
"Hyperlink","https://irishealing.com/blog/brainspotting/","https://irishealing.com/","","Iris Healing® – Luxury Addiction Treatment","True","","","200","OK","Absolute","//body/div[@class='canvas-mobile']/div/div[@class='top-canvas']/a[@class='logo-mm']","Content","HTML","341309","65671"
"Hyperlink","https://irishealing.com/blog/neurofeedback-therapy-near-me/","https://irishealing.com/","","Home","True","","","200","OK","Absolute","//body/div[@class='wrapper-page']/header/div/div/div/div/section[1]/div/div/div/section[1]/div/div[1]/div/div[1]/div/div/div/a","Header","HTML","341309","65671"
"Hyperlink","https://irishealing.com/blog/neurofeedback-therapy-near-me/","https://irishealing.com/","","","True","","","200","OK","Absolute","//body/div[@class='wrapper-page']/header/div/div/div/div/section[2]/div/div[1]/div/div/div/a","Header","HTML","341309","65671"
"Hyperlink","https://irishealing.com/blog/neurofeedback-therapy-near-me/","https://irishealing.com/","Home","","True","","","200","OK","Absolute","//body/div[@class='wrapper-page']/div/section/div/div/div/div/div[1]/div[@class='breadcrumb-main']/div/div/ol/li[1]/a","Content","HTML","341309","65671"
"Hyperlink","https://irishealing.com/blog/neurofeedback-therapy-near-me/","https://irishealing.com/","","Home","True","","","200","OK","Absolute","//body/footer/div/div/section[2]/div/div[1]/div/div[1]/div/div/div/a","Footer","HTML","341309","65671"
"Hyperlink","https://irishealing.com/blog/neurofeedback-therapy-near-me/","https://irishealing.com/","","Iris Healing® – Luxury Addiction Treatment","True","","","200","OK","Absolute","//body/div[@class='canvas-mobile']/div/div[@class='top-canvas']/a[@class='logo-mm']","Content","HTML","341309","65671"
"Hyperlink","https://irishealing.com/blog/bipolar-disorder-and-addiction/","https://irishealing.com/","","Home","True","","","200","OK","Absolute","//body/div[@class='wrapper-page']/header/div/div/div/div/section[1]/div/div/div/section[1]/div/div[1]/div/div[1]/div/div/div/a","Header","HTML","341309","65671"
"Hyperlink","https://irishealing.com/blog/bipolar-disorder-and-addiction/","https://irishealing.com/","","","True","","","200","OK","Absolute","//body/div[@class='wrapper-page']/header/div/div/div/div/section[2]/div/div[1]/div/div/div/a","Header","HTML","341309","65671"
"Hyperlink","https://irishealing.com/blog/bipolar-disorder-and-addiction/","https://irishealing.com/","Home","","True","","","200","OK","Absolute","//body/div[@class='wrapper-page']/div/section/div/div/div/div/div[1]/div[@class='breadcrumb-main']/div/div/ol/li[1]/a","Content","HTML","341309","65671"
"Hyperlink","https://irishealing.com/blog/bipolar-disorder-and-addiction/","https://irishealing.com/","Addiction professionals","","True","","","200","OK","Root-Relative","//body/div[@class='wrapper-page']/div/section/div/div/div/div/div[2]/div/div/div[1]/article/div[@class='entry-content']/div/div[2]/div/section/div/div/div/div/div/p[34]/a","Content","HTML","341309","65671"
"Hyperlink","https://irishealing.com/blog/bipolar-disorder-and-addiction/","https://irishealing.com/","","Home","True","","","200","OK","Absolute","//body/footer/div/div/section[2]/div/div[1]/div/div[1]/div/div/div/a","Footer","HTML","341309","65671"
"Hyperlink","https://irishealing.com/blog/bipolar-disorder-and-addiction/","https://irishealing.com/","","Iris Healing® – Luxury Addiction Treatment","True","","","200","OK","Absolute","//body/div[@class='canvas-mobile']/div/div[@class='top-canvas']/a[@class='logo-mm']","Content","HTML","341309","65671"
"Hyperlink","https://irishealing.com/addiction-rehabilitation/","https://irishealing.com/","","Home","True","","","200","OK","Absolute","//body/div[@class='wrapper-page']/header/div/div/div/div/section[1]/div/div/div/section[1]/div/div[1]/div/div[1]/div/div/div/a","Header","HTML","341309","65671"
"Hyperlink","https://irishealing.com/addiction-rehabilitation/","https://irishealing.com/","","","True","","","200","OK","Absolute","//body/div[@class='wrapper-page']/header/div/div/div/div/section[2]/div/div[1]/div/div/div/a","Header","HTML","341309","65671"
"Hyperlink","https://irishealing.com/addiction-rehabilitation/","https://irishealing.com/","Home","","True","","","200","OK","Absolute","//body/div[@class='wrapper-page']/div/div/section[1]/div/div/div/div/div/div/div/div/div[@class='breadcrumb-main']/div/div/ol/li[1]/a","Content","HTML","341309","65671"
"Hyperlink","https://irishealing.com/addiction-rehabilitation/","https://irishealing.com/","","Home","True","","","200","OK","Absolute","//body/footer/div/div/section[2]/div/div[1]/div/div[1]/div/div/div/a","Footer","HTML","341309","65671"
"Hyperlink","https://irishealing.com/addiction-rehabilitation/","https://irishealing.com/","","Iris Healing® – Luxury Addiction Treatment","True","","","200","OK","Absolute","//body/div[@class='canvas-mobile']/div/div[@class='top-canvas']/a[@class='logo-mm']","Content","HTML","341309","65671"
"Hyperlink","https://irishealing.com/blog/trauma-recovery-retreat-to-start-rebuilding-your-life/","https://irishealing.com/","","Home","True","","","200","OK","Absolute","//body/div[@class='wrapper-page']/header/div/div/div/div/section[1]/div/div/div/section[1]/div/div[1]/div/div[1]/div/div/div/a","Header","HTML","341309","65671"
"Hyperlink","https://irishealing.com/blog/trauma-recovery-retreat-to-start-rebuilding-your-life/","https://irishealing.com/","","","True","","","200","OK","Absolute","//body/div[@class='wrapper-page']/header/div/div/div/div/section[2]/div/div[1]/div/div/div/a","Header","HTML","341309","65671"
"Hyperlink","https://irishealing.com/blog/trauma-recovery-retreat-to-start-rebuilding-your-life/","https://irishealing.com/","Home","","True","","","200","OK","Absolute","//body/div[@class='wrapper-page']/div/section/div/div/div/div/div[1]/div[@class='breadcrumb-main']/div/div/ol/li[1]/a","Content","HTML","341309","65671"
"Hyperlink","https://irishealing.com/blog/trauma-recovery-retreat-to-start-rebuilding-your-life/","https://irishealing.com/","","Home","True","","","200","OK","Absolute","//body/footer/div/div/section[2]/div/div[1]/div/div[1]/div/div/div/a","Footer","HTML","341309","65671"
"Hyperlink","https://irishealing.com/blog/trauma-recovery-retreat-to-start-rebuilding-your-life/","https://irishealing.com/","","Iris Healing® – Luxury Addiction Treatment","True","","","200","OK","Absolute","//body/div[@class='canvas-mobile']/div/div[@class='top-canvas']/a[@class='logo-mm']","Content","HTML","341309","65671"
"Hyperlink","https://irishealing.com/blog/addiction-in-the-c-suite/","https://irishealing.com/","","Home","True","","","200","OK","Absolute","//body/div[@class='wrapper-page']/header/div/div/div/div/section[1]/div/div/div/section[1]/div/div[1]/div/div[1]/div/div/div/a","Header","HTML","341309","65671"
"Hyperlink","https://irishealing.com/blog/addiction-in-the-c-suite/","https://irishealing.com/","","","True","","","200","OK","Absolute","//body/div[@class='wrapper-page']/header/div/div/div/div/section[2]/div/div[1]/div/div/div/a","Header","HTML","341309","65671"
"Hyperlink","https://irishealing.com/blog/addiction-in-the-c-suite/","https://irishealing.com/","Home","","True","","","200","OK","Absolute","//body/div[@class='wrapper-page']/div/section/div/div/div/div/div[1]/div[@class='breadcrumb-main']/div/div/ol/li[1]/a","Content","HTML","341309","65671"
"Hyperlink","https://irishealing.com/blog/addiction-in-the-c-suite/","https://irishealing.com/","","Home","True","","","200","OK","Absolute","//body/footer/div/div/section[2]/div/div[1]/div/div[1]/div/div/div/a","Footer","HTML","341309","65671"
"Hyperlink","https://irishealing.com/blog/addiction-in-the-c-suite/","https://irishealing.com/","","Iris Healing® – Luxury Addiction Treatment","True","","","200","OK","Absolute","//body/div[@class='canvas-mobile']/div/div[@class='top-canvas']/a[@class='logo-mm']","Content","HTML","341309","65671"
"Hyperlink","https://irishealing.com/blog/problems-a-trauma-recovery-retreat/","https://irishealing.com/","","Home","True","","","200","OK","Absolute","//body/div[@class='wrapper-page']/header/div/div/div/div/section[1]/div/div/div/section[1]/div/div[1]/div/div[1]/div/div/div/a","Header","HTML","341309","65671"
"Hyperlink","https://irishealing.com/blog/problems-a-trauma-recovery-retreat/","https://irishealing.com/","","","True","","","200","OK","Absolute","//body/div[@class='wrapper-page']/header/div/div/div/div/section[2]/div/div[1]/div/div/div/a","Header","HTML","341309","65671"
"Hyperlink","https://irishealing.com/blog/problems-a-trauma-recovery-retreat/","https://irishealing.com/","Home","","True","","","200","OK","Absolute","//body/div[@class='wrapper-page']/div/section/div/div/div/div/div[1]/div[@class='breadcrumb-main']/div/div/ol/li[1]/a","Content","HTML","341309","65671"
"Hyperlink","https://irishealing.com/blog/problems-a-trauma-recovery-retreat/","https://irishealing.com/","","Home","True","","","200","OK","Absolute","//body/footer/div/div/section[2]/div/div[1]/div/div[1]/div/div/div/a","Footer","HTML","341309","65671"
"Hyperlink","https://irishealing.com/blog/problems-a-trauma-recovery-retreat/","https://irishealing.com/","","Iris Healing® – Luxury Addiction Treatment","True","","","200","OK","Absolute","//body/div[@class='canvas-mobile']/div/div[@class='top-canvas']/a[@class='logo-mm']","Content","HTML","341309","65671"
"Hyperlink","https://irishealing.com/blog/finding-your-way-at-a-trauma-healing-retreat/","https://irishealing.com/","","Home","True","","","200","OK","Absolute","//body/div[@class='wrapper-page']/header/div/div/div/div/section[1]/div/div/div/section[1]/div/div[1]/div/div[1]/div/div/div/a","Header","HTML","341309","65671"
"Hyperlink","https://irishealing.com/blog/finding-your-way-at-a-trauma-healing-retreat/","https://irishealing.com/","","","True","","","200","OK","Absolute","//body/div[@class='wrapper-page']/header/div/div/div/div/section[2]/div/div[1]/div/div/div/a","Header","HTML","341309","65671"
"Hyperlink","https://irishealing.com/blog/finding-your-way-at-a-trauma-healing-retreat/","https://irishealing.com/","Home","","True","","","200","OK","Absolute","//body/div[@class='wrapper-page']/div/section/div/div/div/div/div[1]/div[@class='breadcrumb-main']/div/div/ol/li[1]/a","Content","HTML","341309","65671"
"Hyperlink","https://irishealing.com/blog/finding-your-way-at-a-trauma-healing-retreat/","https://irishealing.com/","","Home","True","","","200","OK","Absolute","//body/footer/div/div/section[2]/div/div[1]/div/div[1]/div/div/div/a","Footer","HTML","341309","65671"
"Hyperlink","https://irishealing.com/blog/finding-your-way-at-a-trauma-healing-retreat/","https://irishealing.com/","","Iris Healing® – Luxury Addiction Treatment","True","","","200","OK","Absolute","//body/div[@class='canvas-mobile']/div/div[@class='top-canvas']/a[@class='logo-mm']","Content","HTML","341309","65671"
"Hyperlink","https://irishealing.com/addiction-treatment-plan/","https://irishealing.com/","","Home","True","","","200","OK","Absolute","//body/div[@class='wrapper-page']/header/div/div/div/div/section[1]/div/div/div/section[1]/div/div[1]/div/div[1]/div/div/div/a","Header","HTML","341309","65671"
"Hyperlink","https://irishealing.com/addiction-treatment-plan/","https://irishealing.com/","","","True","","","200","OK","Absolute","//body/div[@class='wrapper-page']/header/div/div/div/div/section[2]/div/div[1]/div/div/div/a","Header","HTML","341309","65671"
"Hyperlink","https://irishealing.com/addiction-treatment-plan/","https://irishealing.com/","Home","","True","","","200","OK","Absolute","//body/div[@class='wrapper-page']/div/div/section[1]/div/div/div/div/div/div/div/div/div[@class='breadcrumb-main']/div/div/ol/li[1]/a","Content","HTML","341309","65671"
"Hyperlink","https://irishealing.com/addiction-treatment-plan/","https://irishealing.com/","","Home","True","","","200","OK","Absolute","//body/footer/div/div/section[2]/div/div[1]/div/div[1]/div/div/div/a","Footer","HTML","341309","65671"
"Hyperlink","https://irishealing.com/addiction-treatment-plan/","https://irishealing.com/","","Iris Healing® – Luxury Addiction Treatment","True","","","200","OK","Absolute","//body/div[@class='canvas-mobile']/div/div[@class='top-canvas']/a[@class='logo-mm']","Content","HTML","341309","65671"
"Hyperlink","https://irishealing.com/blog/serotonin-foods-that-boost-mood-to-be-happier-healthier/","https://irishealing.com/","","Home","True","","","200","OK","Absolute","//body/div[@class='wrapper-page']/header/div/div/div/div/section[1]/div/div/div/section[1]/div/div[1]/div/div[1]/div/div/div/a","Header","HTML","341309","65671"
"Hyperlink","https://irishealing.com/blog/serotonin-foods-that-boost-mood-to-be-happier-healthier/","https://irishealing.com/","","","True","","","200","OK","Absolute","//body/div[@class='wrapper-page']/header/div/div/div/div/section[2]/div/div[1]/div/div/div/a","Header","HTML","341309","65671"
"Hyperlink","https://irishealing.com/blog/serotonin-foods-that-boost-mood-to-be-happier-healthier/","https://irishealing.com/","Home","","True","","","200","OK","Absolute","//body/div[@class='wrapper-page']/div/section/div/div/div/div/div[1]/div[@class='breadcrumb-main']/div/div/ol/li[1]/a","Content","HTML","341309","65671"
"Hyperlink","https://irishealing.com/blog/serotonin-foods-that-boost-mood-to-be-happier-healthier/","https://irishealing.com/","","Home","True","","","200","OK","Absolute","//body/footer/div/div/section[2]/div/div[1]/div/div[1]/div/div/div/a","Footer","HTML","341309","65671"
"Hyperlink","https://irishealing.com/blog/serotonin-foods-that-boost-mood-to-be-happier-healthier/","https://irishealing.com/","","Iris Healing® – Luxury Addiction Treatment","True","","","200","OK","Absolute","//body/div[@class='canvas-mobile']/div/div[@class='top-canvas']/a[@class='logo-mm']","Content","HTML","341309","65671"
"Hyperlink","https://irishealing.com/susan-pleis/","https://irishealing.com/","","Home","True","","","200","OK","Absolute","//body/div[@class='wrapper-page']/header/div/div/div/div/section[1]/div/div/div/section[1]/div/div[1]/div/div[1]/div/div/div/a","Header","HTML","341309","65671"
"Hyperlink","https://irishealing.com/susan-pleis/","https://irishealing.com/","","","True","","","200","OK","Absolute","//body/div[@class='wrapper-page']/header/div/div/div/div/section[2]/div/div[1]/div/div/div/a","Header","HTML","341309","65671"
"Hyperlink","https://irishealing.com/susan-pleis/","https://irishealing.com/","Home","","True","","","200","OK","Absolute","//body/div[@class='wrapper-page']/div/section/div/div/div/div/div/div/div/div/div[1]/section[1]/div/div/div/div/div/div/div/div/div/div/div/ol/li[1]/a","Content","HTML","341309","65671"
"Hyperlink","https://irishealing.com/susan-pleis/","https://irishealing.com/","","Home","True","","","200","OK","Absolute","//body/footer/div/div/section[2]/div/div[1]/div/div[1]/div/div/div/a","Footer","HTML","341309","65671"
"Hyperlink","https://irishealing.com/susan-pleis/","https://irishealing.com/","","Iris Healing® – Luxury Addiction Treatment","True","","","200","OK","Absolute","//body/div[@class='canvas-mobile']/div/div[@class='top-canvas']/a[@class='logo-mm']","Content","HTML","341309","65671"
"Hyperlink","https://irishealing.com/blog/where-to-get-mental-health-help-in-california/","https://irishealing.com/","","Home","True","","","200","OK","Absolute","//body/div[@class='wrapper-page']/header/div/div/div/div/section[1]/div/div/div/section[1]/div/div[1]/div/div[1]/div/div/div/a","Header","HTML","341309","65671"
"Hyperlink","https://irishealing.com/blog/where-to-get-mental-health-help-in-california/","https://irishealing.com/","","","True","","","200","OK","Absolute","//body/div[@class='wrapper-page']/header/div/div/div/div/section[2]/div/div[1]/div/div/div/a","Header","HTML","341309","65671"
"Hyperlink","https://irishealing.com/blog/where-to-get-mental-health-help-in-california/","https://irishealing.com/","Home","","True","","","200","OK","Absolute","//body/div[@class='wrapper-page']/div/section/div/div/div/div/div[1]/div[@class='breadcrumb-main']/div/div/ol/li[1]/a","Content","HTML","341309","65671"
"Hyperlink","https://irishealing.com/blog/where-to-get-mental-health-help-in-california/","https://irishealing.com/","","Home","True","","","200","OK","Absolute","//body/footer/div/div/section[2]/div/div[1]/div/div[1]/div/div/div/a","Footer","HTML","341309","65671"
"Hyperlink","https://irishealing.com/blog/where-to-get-mental-health-help-in-california/","https://irishealing.com/","","Iris Healing® – Luxury Addiction Treatment","True","","","200","OK","Absolute","//body/div[@class='canvas-mobile']/div/div[@class='top-canvas']/a[@class='logo-mm']","Content","HTML","341309","65671"
"Hyperlink","https://irishealing.com/domestic-violence-and-substance-abuse/","https://irishealing.com/","","Home","True","","","200","OK","Absolute","//body/div[@class='wrapper-page']/header/div/div/div/div/section[1]/div/div/div/section[1]/div/div[1]/div/div[1]/div/div/div/a","Header","HTML","341309","65671"
"Hyperlink","https://irishealing.com/domestic-violence-and-substance-abuse/","https://irishealing.com/","","","True","","","200","OK","Absolute","//body/div[@class='wrapper-page']/header/div/div/div/div/section[2]/div/div[1]/div/div/div/a","Header","HTML","341309","65671"
"Hyperlink","https://irishealing.com/domestic-violence-and-substance-abuse/","https://irishealing.com/","Home","","True","","","200","OK","Absolute","//body/div[@class='wrapper-page']/div/div/section[1]/div/div/div/div/div/div/div/div/div/div/div/ol/li[1]/a","Content","HTML","341309","65671"
"Hyperlink","https://irishealing.com/domestic-violence-and-substance-abuse/","https://irishealing.com/","","Home","True","","","200","OK","Absolute","//body/footer/div/div/section[2]/div/div[1]/div/div[1]/div/div/div/a","Footer","HTML","341309","65671"
"Hyperlink","https://irishealing.com/domestic-violence-and-substance-abuse/","https://irishealing.com/","","Iris Healing® – Luxury Addiction Treatment","True","","","200","OK","Absolute","//body/div[@class='canvas-mobile']/div/div[@class='top-canvas']/a[@class='logo-mm']","Content","HTML","341309","65671"
"Hyperlink","https://irishealing.com/blog/rehab-for-depression-causes-cost/","https://irishealing.com/","","Home","True","","","200","OK","Absolute","//body/div[@class='wrapper-page']/header/div/div/div/div/section[1]/div/div/div/section[1]/div/div[1]/div/div[1]/div/div/div/a","Header","HTML","341309","65671"
"Hyperlink","https://irishealing.com/blog/rehab-for-depression-causes-cost/","https://irishealing.com/","","","True","","","200","OK","Absolute","//body/div[@class='wrapper-page']/header/div/div/div/div/section[2]/div/div[1]/div/div/div/a","Header","HTML","341309","65671"
"Hyperlink","https://irishealing.com/blog/rehab-for-depression-causes-cost/","https://irishealing.com/","Home","","True","","","200","OK","Absolute","//body/div[@class='wrapper-page']/div/section/div/div/div/div/div[1]/div[@class='breadcrumb-main']/div/div/ol/li[1]/a","Content","HTML","341309","65671"
"Hyperlink","https://irishealing.com/blog/rehab-for-depression-causes-cost/","https://irishealing.com/","Iris Healing®","","True","_blank","noopener","200","OK","Root-Relative","//body/div[@class='wrapper-page']/div/section/div/div/div/div/div[2]/div/div/div[1]/article/div[@class='entry-content']/div/div[2]/p[32]/a","Content","HTML","341309","65671"
"Hyperlink","https://irishealing.com/blog/rehab-for-depression-causes-cost/","https://irishealing.com/","","Home","True","","","200","OK","Absolute","//body/footer/div/div/section[2]/div/div[1]/div/div[1]/div/div/div/a","Footer","HTML","341309","65671"
"Hyperlink","https://irishealing.com/blog/rehab-for-depression-causes-cost/","https://irishealing.com/","","Iris Healing® – Luxury Addiction Treatment","True","","","200","OK","Absolute","//body/div[@class='canvas-mobile']/div/div[@class='top-canvas']/a[@class='logo-mm']","Content","HTML","341309","65671"
"Hyperlink","https://irishealing.com/joe-marino/","https://irishealing.com/","","Home","True","","","200","OK","Absolute","//body/div[@class='wrapper-page']/header/div/div/div/div/section[1]/div/div/div/section[1]/div/div[1]/div/div[1]/div/div/div/a","Header","HTML","341309","65671"
"Hyperlink","https://irishealing.com/joe-marino/","https://irishealing.com/","","","True","","","200","OK","Absolute","//body/div[@class='wrapper-page']/header/div/div/div/div/section[2]/div/div[1]/div/div/div/a","Header","HTML","341309","65671"
"Hyperlink","https://irishealing.com/joe-marino/","https://irishealing.com/","Home","","True","","","200","OK","Absolute","//body/div[@class='wrapper-page']/div/section/div/div/div/div/div/div/div/div/div[1]/section[1]/div/div/div/div/div/div/div/div/div/div/div/ol/li[1]/a","Content","HTML","341309","65671"
"Hyperlink","https://irishealing.com/joe-marino/","https://irishealing.com/","","Home","True","","","200","OK","Absolute","//body/footer/div/div/section[2]/div/div[1]/div/div[1]/div/div/div/a","Footer","HTML","341309","65671"
"Hyperlink","https://irishealing.com/joe-marino/","https://irishealing.com/","","Iris Healing® – Luxury Addiction Treatment","True","","","200","OK","Absolute","//body/div[@class='canvas-mobile']/div/div[@class='top-canvas']/a[@class='logo-mm']","Content","HTML","341309","65671"
"Hyperlink","https://irishealing.com/blog/bipolar-and-alcohol/","https://irishealing.com/","","Home","True","","","200","OK","Absolute","//body/div[@class='wrapper-page']/header/div/div/div/div/section[1]/div/div/div/section[1]/div/div[1]/div/div[1]/div/div/div/a","Header","HTML","341309","65671"
"Hyperlink","https://irishealing.com/blog/bipolar-and-alcohol/","https://irishealing.com/","","","True","","","200","OK","Absolute","//body/div[@class='wrapper-page']/header/div/div/div/div/section[2]/div/div[1]/div/div/div/a","Header","HTML","341309","65671"
"Hyperlink","https://irishealing.com/blog/bipolar-and-alcohol/","https://irishealing.com/","Home","","True","","","200","OK","Absolute","//body/div[@class='wrapper-page']/div/section/div/div/div/div/div[1]/div[@class='breadcrumb-main']/div/div/ol/li[1]/a","Content","HTML","341309","65671"
"Hyperlink","https://irishealing.com/blog/bipolar-and-alcohol/","https://irishealing.com/","","Home","True","","","200","OK","Absolute","//body/footer/div/div/section[2]/div/div[1]/div/div[1]/div/div/div/a","Footer","HTML","341309","65671"
"Hyperlink","https://irishealing.com/blog/bipolar-and-alcohol/","https://irishealing.com/","","Iris Healing® – Luxury Addiction Treatment","True","","","200","OK","Absolute","//body/div[@class='canvas-mobile']/div/div[@class='top-canvas']/a[@class='logo-mm']","Content","HTML","341309","65671"
"Hyperlink","https://irishealing.com/blog/growth-of-holistic-treatment-in-rehabs/","https://irishealing.com/","","Home","True","","","200","OK","Absolute","//body/div[@class='wrapper-page']/header/div/div/div/div/section[1]/div/div/div/section[1]/div/div[1]/div/div[1]/div/div/div/a","Header","HTML","341309","65671"
"Hyperlink","https://irishealing.com/blog/growth-of-holistic-treatment-in-rehabs/","https://irishealing.com/","","","True","","","200","OK","Absolute","//body/div[@class='wrapper-page']/header/div/div/div/div/section[2]/div/div[1]/div/div/div/a","Header","HTML","341309","65671"
"Hyperlink","https://irishealing.com/blog/growth-of-holistic-treatment-in-rehabs/","https://irishealing.com/","Home","","True","","","200","OK","Absolute","//body/div[@class='wrapper-page']/div/section/div/div/div/div/div[1]/div[@class='breadcrumb-main']/div/div/ol/li[1]/a","Content","HTML","341309","65671"
"Hyperlink","https://irishealing.com/blog/growth-of-holistic-treatment-in-rehabs/","https://irishealing.com/","","Home","True","","","200","OK","Absolute","//body/footer/div/div/section[2]/div/div[1]/div/div[1]/div/div/div/a","Footer","HTML","341309","65671"
"Hyperlink","https://irishealing.com/blog/growth-of-holistic-treatment-in-rehabs/","https://irishealing.com/","","Iris Healing® – Luxury Addiction Treatment","True","","","200","OK","Absolute","//body/div[@class='canvas-mobile']/div/div[@class='top-canvas']/a[@class='logo-mm']","Content","HTML","341309","65671"
"Hyperlink","https://irishealing.com/blog/adderall-weight-loss/","https://irishealing.com/","","Home","True","","","200","OK","Absolute","//body/div[@class='wrapper-page']/header/div/div/div/div/section[1]/div/div/div/section[1]/div/div[1]/div/div[1]/div/div/div/a","Header","HTML","341309","65671"
"Hyperlink","https://irishealing.com/blog/adderall-weight-loss/","https://irishealing.com/","","","True","","","200","OK","Absolute","//body/div[@class='wrapper-page']/header/div/div/div/div/section[2]/div/div[1]/div/div/div/a","Header","HTML","341309","65671"
"Hyperlink","https://irishealing.com/blog/adderall-weight-loss/","https://irishealing.com/","Home","","True","","","200","OK","Absolute","//body/div[@class='wrapper-page']/div/section/div/div/div/div/div[1]/div[@class='breadcrumb-main']/div/div/ol/li[1]/a","Content","HTML","341309","65671"
"Hyperlink","https://irishealing.com/blog/adderall-weight-loss/","https://irishealing.com/","","Home","True","","","200","OK","Absolute","//body/footer/div/div/section[2]/div/div[1]/div/div[1]/div/div/div/a","Footer","HTML","341309","65671"
"Hyperlink","https://irishealing.com/blog/adderall-weight-loss/","https://irishealing.com/","","Iris Healing® – Luxury Addiction Treatment","True","","","200","OK","Absolute","//body/div[@class='canvas-mobile']/div/div[@class='top-canvas']/a[@class='logo-mm']","Content","HTML","341309","65671"
"Hyperlink","https://irishealing.com/blog/recovery-at-our-holistic-rehab-center/","https://irishealing.com/","","Home","True","","","200","OK","Absolute","//body/div[@class='wrapper-page']/header/div/div/div/div/section[1]/div/div/div/section[1]/div/div[1]/div/div[1]/div/div/div/a","Header","HTML","341309","65671"
"Hyperlink","https://irishealing.com/blog/recovery-at-our-holistic-rehab-center/","https://irishealing.com/","","","True","","","200","OK","Absolute","//body/div[@class='wrapper-page']/header/div/div/div/div/section[2]/div/div[1]/div/div/div/a","Header","HTML","341309","65671"
"Hyperlink","https://irishealing.com/blog/recovery-at-our-holistic-rehab-center/","https://irishealing.com/","Home","","True","","","200","OK","Absolute","//body/div[@class='wrapper-page']/div/section/div/div/div/div/div[1]/div[@class='breadcrumb-main']/div/div/ol/li[1]/a","Content","HTML","341309","65671"
"Hyperlink","https://irishealing.com/blog/recovery-at-our-holistic-rehab-center/","https://irishealing.com/","","Home","True","","","200","OK","Absolute","//body/footer/div/div/section[2]/div/div[1]/div/div[1]/div/div/div/a","Footer","HTML","341309","65671"
"Hyperlink","https://irishealing.com/blog/recovery-at-our-holistic-rehab-center/","https://irishealing.com/","","Iris Healing® – Luxury Addiction Treatment","True","","","200","OK","Absolute","//body/div[@class='canvas-mobile']/div/div[@class='top-canvas']/a[@class='logo-mm']","Content","HTML","341309","65671"
"Hyperlink","https://irishealing.com/blog/stimulants-and-alcohol/","https://irishealing.com/","","Home","True","","","200","OK","Absolute","//body/div[@class='wrapper-page']/header/div/div/div/div/section[1]/div/div/div/section[1]/div/div[1]/div/div[1]/div/div/div/a","Header","HTML","341309","65671"
"Hyperlink","https://irishealing.com/blog/stimulants-and-alcohol/","https://irishealing.com/","","","True","","","200","OK","Absolute","//body/div[@class='wrapper-page']/header/div/div/div/div/section[2]/div/div[1]/div/div/div/a","Header","HTML","341309","65671"
"Hyperlink","https://irishealing.com/blog/stimulants-and-alcohol/","https://irishealing.com/","Home","","True","","","200","OK","Absolute","//body/div[@class='wrapper-page']/div/section/div/div/div/div/div[1]/div[@class='breadcrumb-main']/div/div/ol/li[1]/a","Content","HTML","341309","65671"
"Hyperlink","https://irishealing.com/blog/stimulants-and-alcohol/","https://irishealing.com/","","Home","True","","","200","OK","Absolute","//body/footer/div/div/section[2]/div/div[1]/div/div[1]/div/div/div/a","Footer","HTML","341309","65671"
"Hyperlink","https://irishealing.com/blog/stimulants-and-alcohol/","https://irishealing.com/","","Iris Healing® – Luxury Addiction Treatment","True","","","200","OK","Absolute","//body/div[@class='canvas-mobile']/div/div[@class='top-canvas']/a[@class='logo-mm']","Content","HTML","341309","65671"
"Hyperlink","https://irishealing.com/blog/an-overview-of-meth-sores/","https://irishealing.com/","","Home","True","","","200","OK","Absolute","//body/div[@class='wrapper-page']/header/div/div/div/div/section[1]/div/div/div/section[1]/div/div[1]/div/div[1]/div/div/div/a","Header","HTML","341309","65671"
"Hyperlink","https://irishealing.com/blog/an-overview-of-meth-sores/","https://irishealing.com/","","","True","","","200","OK","Absolute","//body/div[@class='wrapper-page']/header/div/div/div/div/section[2]/div/div[1]/div/div/div/a","Header","HTML","341309","65671"
"Hyperlink","https://irishealing.com/blog/an-overview-of-meth-sores/","https://irishealing.com/","Home","","True","","","200","OK","Absolute","//body/div[@class='wrapper-page']/div/section/div/div/div/div/div[1]/div[@class='breadcrumb-main']/div/div/ol/li[1]/a","Content","HTML","341309","65671"
"Hyperlink","https://irishealing.com/blog/an-overview-of-meth-sores/","https://irishealing.com/","","Home","True","","","200","OK","Absolute","//body/footer/div/div/section[2]/div/div[1]/div/div[1]/div/div/div/a","Footer","HTML","341309","65671"
"Hyperlink","https://irishealing.com/blog/an-overview-of-meth-sores/","https://irishealing.com/","","Iris Healing® – Luxury Addiction Treatment","True","","","200","OK","Absolute","//body/div[@class='canvas-mobile']/div/div[@class='top-canvas']/a[@class='logo-mm']","Content","HTML","341309","65671"
"Hyperlink","https://irishealing.com/addiction-treatment-options/","https://irishealing.com/","","Home","True","","","200","OK","Absolute","//body/div[@class='wrapper-page']/header/div/div/div/div/section[1]/div/div/div/section[1]/div/div[1]/div/div[1]/div/div/div/a","Header","HTML","341309","65671"
"Hyperlink","https://irishealing.com/addiction-treatment-options/","https://irishealing.com/","","","True","","","200","OK","Absolute","//body/div[@class='wrapper-page']/header/div/div/div/div/section[2]/div/div[1]/div/div/div/a","Header","HTML","341309","65671"
"Hyperlink","https://irishealing.com/addiction-treatment-options/","https://irishealing.com/","Home","","True","","","200","OK","Absolute","//body/div[@class='wrapper-page']/div/div/section[1]/div/div/div/div/div/div/div/div/div[@class='breadcrumb-main']/div/div/ol/li[1]/a","Content","HTML","341309","65671"
"Hyperlink","https://irishealing.com/addiction-treatment-options/","https://irishealing.com/","","Home","True","","","200","OK","Absolute","//body/footer/div/div/section[2]/div/div[1]/div/div[1]/div/div/div/a","Footer","HTML","341309","65671"
"Hyperlink","https://irishealing.com/addiction-treatment-options/","https://irishealing.com/","","Iris Healing® – Luxury Addiction Treatment","True","","","200","OK","Absolute","//body/div[@class='canvas-mobile']/div/div[@class='top-canvas']/a[@class='logo-mm']","Content","HTML","341309","65671"
"Hyperlink","https://irishealing.com/blog/the-critical-role-of-family-support-in-recovery/","https://irishealing.com/","","Home","True","","","200","OK","Absolute","//body/div[@class='wrapper-page']/header/div/div/div/div/section[1]/div/div/div/section[1]/div/div[1]/div/div[1]/div/div/div/a","Header","HTML","341309","65671"
"Hyperlink","https://irishealing.com/blog/the-critical-role-of-family-support-in-recovery/","https://irishealing.com/","","","True","","","200","OK","Absolute","//body/div[@class='wrapper-page']/header/div/div/div/div/section[2]/div/div[1]/div/div/div/a","Header","HTML","341309","65671"
"Hyperlink","https://irishealing.com/blog/the-critical-role-of-family-support-in-recovery/","https://irishealing.com/","Home","","True","","","200","OK","Absolute","//body/div[@class='wrapper-page']/div/section/div/div/div/div/div[1]/div[@class='breadcrumb-main']/div/div/ol/li[1]/a","Content","HTML","341309","65671"
"Hyperlink","https://irishealing.com/blog/the-critical-role-of-family-support-in-recovery/","https://irishealing.com/","","Home","True","","","200","OK","Absolute","//body/footer/div/div/section[2]/div/div[1]/div/div[1]/div/div/div/a","Footer","HTML","341309","65671"
"Hyperlink","https://irishealing.com/blog/the-critical-role-of-family-support-in-recovery/","https://irishealing.com/","","Iris Healing® – Luxury Addiction Treatment","True","","","200","OK","Absolute","//body/div[@class='canvas-mobile']/div/div[@class='top-canvas']/a[@class='logo-mm']","Content","HTML","341309","65671"
"Hyperlink","https://irishealing.com/test-page/","https://irishealing.com/","","Home","True","","","200","OK","Absolute","//body/div[@class='wrapper-page']/header/div/div/div/div/section[1]/div/div/div/section[1]/div/div[1]/div/div/div/div/div/a","Header","HTML","341309","65671"
"Hyperlink","https://irishealing.com/test-page/","https://irishealing.com/","","","True","","","200","OK","Absolute","//body/div[@class='wrapper-page']/header/div/div/div/div/section[2]/div/div[1]/div/div/div/a","Header","HTML","341309","65671"
"Hyperlink","https://irishealing.com/test-page/","https://irishealing.com/","Home","","True","","","200","OK","Absolute","//body/div[@class='wrapper-page']/div/section/div/div/div/div/div[1]/div[@class='breadcrumb-main']/div/div/ol/li[1]/a","Content","HTML","341309","65671"
"Hyperlink","https://irishealing.com/test-page/","https://irishealing.com/","","Home","True","","","200","OK","Absolute","//body/footer/div/div/section[2]/div/div[1]/div/div[1]/div/div/div/a","Footer","HTML","341309","65671"
"Hyperlink","https://irishealing.com/test-page/","https://irishealing.com/","","Iris Healing® – Luxury Addiction Treatment","True","","","200","OK","Absolute","//body/div[@class='canvas-mobile']/div/div[@class='top-canvas']/a[@class='logo-mm']","Content","HTML","341309","65671"
"Hyperlink","https://irishealing.com/blog/iris-healing-retreat-accredited-joint-commission/","https://irishealing.com/","","Home","True","","","200","OK","Absolute","//body/div[@class='wrapper-page']/header/div/div/div/div/section[1]/div/div/div/section[1]/div/div[1]/div/div[1]/div/div/div/a","Header","HTML","341309","65671"
"Hyperlink","https://irishealing.com/blog/iris-healing-retreat-accredited-joint-commission/","https://irishealing.com/","","","True","","","200","OK","Absolute","//body/div[@class='wrapper-page']/header/div/div/div/div/section[2]/div/div[1]/div/div/div/a","Header","HTML","341309","65671"
"Hyperlink","https://irishealing.com/blog/iris-healing-retreat-accredited-joint-commission/","https://irishealing.com/","Home","","True","","","200","OK","Absolute","//body/div[@class='wrapper-page']/div/section/div/div/div/div/div[1]/div[@class='breadcrumb-main']/div/div/ol/li[1]/a","Content","HTML","341309","65671"
"Hyperlink","https://irishealing.com/blog/iris-healing-retreat-accredited-joint-commission/","https://irishealing.com/","","Home","True","","","200","OK","Absolute","//body/footer/div/div/section[2]/div/div[1]/div/div[1]/div/div/div/a","Footer","HTML","341309","65671"
"Hyperlink","https://irishealing.com/blog/iris-healing-retreat-accredited-joint-commission/","https://irishealing.com/","","Iris Healing® – Luxury Addiction Treatment","True","","","200","OK","Absolute","//body/div[@class='canvas-mobile']/div/div[@class='top-canvas']/a[@class='logo-mm']","Content","HTML","341309","65671"
"Hyperlink","https://irishealing.com/blog/break-addiction/","https://irishealing.com/","","Home","True","","","200","OK","Absolute","//body/div[@class='wrapper-page']/header/div/div/div/div/section[1]/div/div/div/section[1]/div/div[1]/div/div[1]/div/div/div/a","Header","HTML","341309","65671"
"Hyperlink","https://irishealing.com/blog/break-addiction/","https://irishealing.com/","","","True","","","200","OK","Absolute","//body/div[@class='wrapper-page']/header/div/div/div/div/section[2]/div/div[1]/div/div/div/a","Header","HTML","341309","65671"
"Hyperlink","https://irishealing.com/blog/break-addiction/","https://irishealing.com/","Home","","True","","","200","OK","Absolute","//body/div[@class='wrapper-page']/div/section/div/div/div/div/div[1]/div[@class='breadcrumb-main']/div/div/ol/li[1]/a","Content","HTML","341309","65671"
"Hyperlink","https://irishealing.com/blog/break-addiction/","https://irishealing.com/","","Home","True","","","200","OK","Absolute","//body/footer/div/div/section[2]/div/div[1]/div/div[1]/div/div/div/a","Footer","HTML","341309","65671"
"Hyperlink","https://irishealing.com/blog/break-addiction/","https://irishealing.com/","","Iris Healing® – Luxury Addiction Treatment","True","","","200","OK","Absolute","//body/div[@class='canvas-mobile']/div/div[@class='top-canvas']/a[@class='logo-mm']","Content","HTML","341309","65671"
"Hyperlink","https://irishealing.com/blog/rehab-center-in-los-angeles-for-single-parents-and-more/","https://irishealing.com/","","Home","True","","","200","OK","Absolute","//body/div[@class='wrapper-page']/header/div/div/div/div/section[1]/div/div/div/section[1]/div/div[1]/div/div[1]/div/div/div/a","Header","HTML","341309","65671"
"Hyperlink","https://irishealing.com/blog/rehab-center-in-los-angeles-for-single-parents-and-more/","https://irishealing.com/","","","True","","","200","OK","Absolute","//body/div[@class='wrapper-page']/header/div/div/div/div/section[2]/div/div[1]/div/div/div/a","Header","HTML","341309","65671"
"Hyperlink","https://irishealing.com/blog/rehab-center-in-los-angeles-for-single-parents-and-more/","https://irishealing.com/","Home","","True","","","200","OK","Absolute","//body/div[@class='wrapper-page']/div/section/div/div/div/div/div[1]/div[@class='breadcrumb-main']/div/div/ol/li[1]/a","Content","HTML","341309","65671"
"Hyperlink","https://irishealing.com/blog/rehab-center-in-los-angeles-for-single-parents-and-more/","https://irishealing.com/","","Home","True","","","200","OK","Absolute","//body/footer/div/div/section[2]/div/div[1]/div/div[1]/div/div/div/a","Footer","HTML","341309","65671"
"Hyperlink","https://irishealing.com/blog/rehab-center-in-los-angeles-for-single-parents-and-more/","https://irishealing.com/","","Iris Healing® – Luxury Addiction Treatment","True","","","200","OK","Absolute","//body/div[@class='canvas-mobile']/div/div[@class='top-canvas']/a[@class='logo-mm']","Content","HTML","341309","65671"
"Hyperlink","https://irishealing.com/30-day-rehab/","https://irishealing.com/","","Home","True","","","200","OK","Absolute","//body/div[@class='wrapper-page']/header/div/div/div/div/section[1]/div/div/div/section[1]/div/div[1]/div/div[1]/div/div/div/a","Header","HTML","341309","65671"
"Hyperlink","https://irishealing.com/30-day-rehab/","https://irishealing.com/","","","True","","","200","OK","Absolute","//body/div[@class='wrapper-page']/header/div/div/div/div/section[2]/div/div[1]/div/div/div/a","Header","HTML","341309","65671"
"Hyperlink","https://irishealing.com/30-day-rehab/","https://irishealing.com/","Home","","True","","","200","OK","Absolute","//body/div[@class='wrapper-page']/div/div/section[1]/div/div/div/div/div/div/div/div/div/div/div/ol/li[1]/a","Content","HTML","341309","65671"
"Hyperlink","https://irishealing.com/30-day-rehab/","https://irishealing.com/","","Home","True","","","200","OK","Absolute","//body/footer/div/div/section[2]/div/div[1]/div/div[1]/div/div/div/a","Footer","HTML","341309","65671"
"Hyperlink","https://irishealing.com/30-day-rehab/","https://irishealing.com/","","Iris Healing® – Luxury Addiction Treatment","True","","","200","OK","Absolute","//body/div[@class='canvas-mobile']/div/div[@class='top-canvas']/a[@class='logo-mm']","Content","HTML","341309","65671"
"Hyperlink","https://irishealing.com/blog/the-evolution-of-neurofeedback/","https://irishealing.com/","","Home","True","","","200","OK","Absolute","//body/div[@class='wrapper-page']/header/div/div/div/div/section[1]/div/div/div/section[1]/div/div[1]/div/div[1]/div/div/div/a","Header","HTML","341309","65671"
"Hyperlink","https://irishealing.com/blog/the-evolution-of-neurofeedback/","https://irishealing.com/","","","True","","","200","OK","Absolute","//body/div[@class='wrapper-page']/header/div/div/div/div/section[2]/div/div[1]/div/div/div/a","Header","HTML","341309","65671"
"Hyperlink","https://irishealing.com/blog/the-evolution-of-neurofeedback/","https://irishealing.com/","Home","","True","","","200","OK","Absolute","//body/div[@class='wrapper-page']/div/section/div/div/div/div/div[1]/div[@class='breadcrumb-main']/div/div/ol/li[1]/a","Content","HTML","341309","65671"
"Hyperlink","https://irishealing.com/blog/the-evolution-of-neurofeedback/","https://irishealing.com/","","Home","True","","","200","OK","Absolute","//body/footer/div/div/section[2]/div/div[1]/div/div[1]/div/div/div/a","Footer","HTML","341309","65671"
"Hyperlink","https://irishealing.com/blog/the-evolution-of-neurofeedback/","https://irishealing.com/","","Iris Healing® – Luxury Addiction Treatment","True","","","200","OK","Absolute","//body/div[@class='canvas-mobile']/div/div[@class='top-canvas']/a[@class='logo-mm']","Content","HTML","341309","65671"
"Hyperlink","https://irishealing.com/blog/trauma-healing-center-to-help-you-feel-safe-again/","https://irishealing.com/","","Home","True","","","200","OK","Absolute","//body/div[@class='wrapper-page']/header/div/div/div/div/section[1]/div/div/div/section[1]/div/div[1]/div/div[1]/div/div/div/a","Header","HTML","341309","65671"
"Hyperlink","https://irishealing.com/blog/trauma-healing-center-to-help-you-feel-safe-again/","https://irishealing.com/","","","True","","","200","OK","Absolute","//body/div[@class='wrapper-page']/header/div/div/div/div/section[2]/div/div[1]/div/div/div/a","Header","HTML","341309","65671"
"Hyperlink","https://irishealing.com/blog/trauma-healing-center-to-help-you-feel-safe-again/","https://irishealing.com/","Home","","True","","","200","OK","Absolute","//body/div[@class='wrapper-page']/div/section/div/div/div/div/div[1]/div[@class='breadcrumb-main']/div/div/ol/li[1]/a","Content","HTML","341309","65671"
"Hyperlink","https://irishealing.com/blog/trauma-healing-center-to-help-you-feel-safe-again/","https://irishealing.com/","","Home","True","","","200","OK","Absolute","//body/footer/div/div/section[2]/div/div[1]/div/div[1]/div/div/div/a","Footer","HTML","341309","65671"
"Hyperlink","https://irishealing.com/blog/trauma-healing-center-to-help-you-feel-safe-again/","https://irishealing.com/","","Iris Healing® – Luxury Addiction Treatment","True","","","200","OK","Absolute","//body/div[@class='canvas-mobile']/div/div[@class='top-canvas']/a[@class='logo-mm']","Content","HTML","341309","65671"
"Hyperlink","https://irishealing.com/blog/tms-therapy-cost/","https://irishealing.com/","","Home","True","","","200","OK","Absolute","//body/div[@class='wrapper-page']/header/div/div/div/div/section[1]/div/div/div/section[1]/div/div[1]/div/div[1]/div/div/div/a","Header","HTML","341309","65671"
"Hyperlink","https://irishealing.com/blog/tms-therapy-cost/","https://irishealing.com/","","","True","","","200","OK","Absolute","//body/div[@class='wrapper-page']/header/div/div/div/div/section[2]/div/div[1]/div/div/div/a","Header","HTML","341309","65671"
"Hyperlink","https://irishealing.com/blog/tms-therapy-cost/","https://irishealing.com/","Home","","True","","","200","OK","Absolute","//body/div[@class='wrapper-page']/div/section/div/div/div/div/div[1]/div[@class='breadcrumb-main']/div/div/ol/li[1]/a","Content","HTML","341309","65671"
"Hyperlink","https://irishealing.com/blog/tms-therapy-cost/","https://irishealing.com/","","Home","True","","","200","OK","Absolute","//body/footer/div/div/section[2]/div/div[1]/div/div[1]/div/div/div/a","Footer","HTML","341309","65671"
"Hyperlink","https://irishealing.com/blog/tms-therapy-cost/","https://irishealing.com/","","Iris Healing® – Luxury Addiction Treatment","True","","","200","OK","Absolute","//body/div[@class='canvas-mobile']/div/div[@class='top-canvas']/a[@class='logo-mm']","Content","HTML","341309","65671"
"Hyperlink","https://irishealing.com/blog/signs-of-depression-in-teens/","https://irishealing.com/","","Home","True","","","200","OK","Absolute","//body/div[@class='wrapper-page']/header/div/div/div/div/section[1]/div/div/div/section[1]/div/div[1]/div/div[1]/div/div/div/a","Header","HTML","341309","65671"
"Hyperlink","https://irishealing.com/blog/signs-of-depression-in-teens/","https://irishealing.com/","","","True","","","200","OK","Absolute","//body/div[@class='wrapper-page']/header/div/div/div/div/section[2]/div/div[1]/div/div/div/a","Header","HTML","341309","65671"
"Hyperlink","https://irishealing.com/blog/signs-of-depression-in-teens/","https://irishealing.com/","Home","","True","","","200","OK","Absolute","//body/div[@class='wrapper-page']/div/section/div/div/div/div/div[1]/div[@class='breadcrumb-main']/div/div/ol/li[1]/a","Content","HTML","341309","65671"
"Hyperlink","https://irishealing.com/blog/signs-of-depression-in-teens/","https://irishealing.com/","psychotherapy","","True","","","200","OK","Root-Relative","//body/div[@class='wrapper-page']/div/section/div/div/div/div/div[2]/div/div/div[1]/article/div[@class='entry-content']/div/div[2]/div/section/div/div/div/div/div/a[4]","Content","HTML","341309","65671"
"Hyperlink","https://irishealing.com/blog/signs-of-depression-in-teens/","https://irishealing.com/","","Home","True","","","200","OK","Absolute","//body/footer/div/div/section[2]/div/div[1]/div/div[1]/div/div/div/a","Footer","HTML","341309","65671"
"Hyperlink","https://irishealing.com/blog/signs-of-depression-in-teens/","https://irishealing.com/","","Iris Healing® – Luxury Addiction Treatment","True","","","200","OK","Absolute","//body/div[@class='canvas-mobile']/div/div[@class='top-canvas']/a[@class='logo-mm']","Content","HTML","341309","65671"
"Hyperlink","https://irishealing.com/aces-impact-on-substance-abuse/","https://irishealing.com/","","Home","True","","","200","OK","Absolute","//body/div[@class='wrapper-page']/header/div/div/div/div/section[1]/div/div/div/section[1]/div/div[1]/div/div[1]/div/div/div/a","Header","HTML","341309","65671"
"Hyperlink","https://irishealing.com/aces-impact-on-substance-abuse/","https://irishealing.com/","","","True","","","200","OK","Absolute","//body/div[@class='wrapper-page']/header/div/div/div/div/section[2]/div/div[1]/div/div/div/a","Header","HTML","341309","65671"
"Hyperlink","https://irishealing.com/aces-impact-on-substance-abuse/","https://irishealing.com/","Home","","True","","","200","OK","Absolute","//body/div[@class='wrapper-page']/div/div/section[1]/div/div/div/div/div/div/div/div/div[@class='breadcrumb-main']/div/div/ol/li[1]/a","Content","HTML","341309","65671"
"Hyperlink","https://irishealing.com/aces-impact-on-substance-abuse/","https://irishealing.com/","","Home","True","","","200","OK","Absolute","//body/footer/div/div/section[2]/div/div[1]/div/div[1]/div/div/div/a","Footer","HTML","341309","65671"
"Hyperlink","https://irishealing.com/aces-impact-on-substance-abuse/","https://irishealing.com/","","Iris Healing® – Luxury Addiction Treatment","True","","","200","OK","Absolute","//body/div[@class='canvas-mobile']/div/div[@class='top-canvas']/a[@class='logo-mm']","Content","HTML","341309","65671"
"Hyperlink","https://irishealing.com/blog/tms-for-aspergers/","https://irishealing.com/","","Home","True","","","200","OK","Absolute","//body/div[@class='wrapper-page']/header/div/div/div/div/section[1]/div/div/div/section[1]/div/div[1]/div/div[1]/div/div/div/a","Header","HTML","341309","65671"
"Hyperlink","https://irishealing.com/blog/tms-for-aspergers/","https://irishealing.com/","","","True","","","200","OK","Absolute","//body/div[@class='wrapper-page']/header/div/div/div/div/section[2]/div/div[1]/div/div/div/a","Header","HTML","341309","65671"
"Hyperlink","https://irishealing.com/blog/tms-for-aspergers/","https://irishealing.com/","Home","","True","","","200","OK","Absolute","//body/div[@class='wrapper-page']/div/section/div/div/div/div/div[1]/div[@class='breadcrumb-main']/div/div/ol/li[1]/a","Content","HTML","341309","65671"
"Hyperlink","https://irishealing.com/blog/tms-for-aspergers/","https://irishealing.com/","","Home","True","","","200","OK","Absolute","//body/footer/div/div/section[2]/div/div[1]/div/div[1]/div/div/div/a","Footer","HTML","341309","65671"
"Hyperlink","https://irishealing.com/blog/tms-for-aspergers/","https://irishealing.com/","","Iris Healing® – Luxury Addiction Treatment","True","","","200","OK","Absolute","//body/div[@class='canvas-mobile']/div/div[@class='top-canvas']/a[@class='logo-mm']","Content","HTML","341309","65671"
"Hyperlink","https://irishealing.com/blog/holistic-rehab-center-for-the-tech-industry/","https://irishealing.com/","","Home","True","","","200","OK","Absolute","//body/div[@class='wrapper-page']/header/div/div/div/div/section[1]/div/div/div/section[1]/div/div[1]/div/div[1]/div/div/div/a","Header","HTML","341309","65671"
"Hyperlink","https://irishealing.com/blog/holistic-rehab-center-for-the-tech-industry/","https://irishealing.com/","","","True","","","200","OK","Absolute","//body/div[@class='wrapper-page']/header/div/div/div/div/section[2]/div/div[1]/div/div/div/a","Header","HTML","341309","65671"
"Hyperlink","https://irishealing.com/blog/holistic-rehab-center-for-the-tech-industry/","https://irishealing.com/","Home","","True","","","200","OK","Absolute","//body/div[@class='wrapper-page']/div/section/div/div/div/div/div[1]/div[@class='breadcrumb-main']/div/div/ol/li[1]/a","Content","HTML","341309","65671"
"Hyperlink","https://irishealing.com/blog/holistic-rehab-center-for-the-tech-industry/","https://irishealing.com/","","Home","True","","","200","OK","Absolute","//body/footer/div/div/section[2]/div/div[1]/div/div[1]/div/div/div/a","Footer","HTML","341309","65671"
"Hyperlink","https://irishealing.com/blog/holistic-rehab-center-for-the-tech-industry/","https://irishealing.com/","","Iris Healing® – Luxury Addiction Treatment","True","","","200","OK","Absolute","//body/div[@class='canvas-mobile']/div/div[@class='top-canvas']/a[@class='logo-mm']","Content","HTML","341309","65671"
"Hyperlink","https://irishealing.com/blog/overcome-addiction-with-sound-therapy-sessions/","https://irishealing.com/","","Home","True","","","200","OK","Absolute","//body/div[@class='wrapper-page']/header/div/div/div/div/section[1]/div/div/div/section[1]/div/div[1]/div/div[1]/div/div/div/a","Header","HTML","341309","65671"
"Hyperlink","https://irishealing.com/blog/overcome-addiction-with-sound-therapy-sessions/","https://irishealing.com/","","","True","","","200","OK","Absolute","//body/div[@class='wrapper-page']/header/div/div/div/div/section[2]/div/div[1]/div/div/div/a","Header","HTML","341309","65671"
"Hyperlink","https://irishealing.com/blog/overcome-addiction-with-sound-therapy-sessions/","https://irishealing.com/","Home","","True","","","200","OK","Absolute","//body/div[@class='wrapper-page']/div/section/div/div/div/div/div[1]/div[@class='breadcrumb-main']/div/div/ol/li[1]/a","Content","HTML","341309","65671"
"Hyperlink","https://irishealing.com/blog/overcome-addiction-with-sound-therapy-sessions/","https://irishealing.com/","","Home","True","","","200","OK","Absolute","//body/footer/div/div/section[2]/div/div[1]/div/div[1]/div/div/div/a","Footer","HTML","341309","65671"
"Hyperlink","https://irishealing.com/blog/overcome-addiction-with-sound-therapy-sessions/","https://irishealing.com/","","Iris Healing® – Luxury Addiction Treatment","True","","","200","OK","Absolute","//body/div[@class='canvas-mobile']/div/div[@class='top-canvas']/a[@class='logo-mm']","Content","HTML","341309","65671"
"Hyperlink","https://irishealing.com/blog/los-angeles-substance-abuse-statistics/","https://irishealing.com/","","Home","True","","","200","OK","Absolute","//body/div[@class='wrapper-page']/header/div/div/div/div/section[1]/div/div/div/section[1]/div/div[1]/div/div[1]/div/div/div/a","Header","HTML","341309","65671"
"Hyperlink","https://irishealing.com/blog/los-angeles-substance-abuse-statistics/","https://irishealing.com/","","","True","","","200","OK","Absolute","//body/div[@class='wrapper-page']/header/div/div/div/div/section[2]/div/div[1]/div/div/div/a","Header","HTML","341309","65671"
"Hyperlink","https://irishealing.com/blog/los-angeles-substance-abuse-statistics/","https://irishealing.com/","Home","","True","","","200","OK","Absolute","//body/div[@class='wrapper-page']/div/section/div/div/div/div/div[1]/div[@class='breadcrumb-main']/div/div/ol/li[1]/a","Content","HTML","341309","65671"
"Hyperlink","https://irishealing.com/blog/los-angeles-substance-abuse-statistics/","https://irishealing.com/","","Home","True","","","200","OK","Absolute","//body/footer/div/div/section[2]/div/div[1]/div/div[1]/div/div/div/a","Footer","HTML","341309","65671"
"Hyperlink","https://irishealing.com/blog/los-angeles-substance-abuse-statistics/","https://irishealing.com/","","Iris Healing® – Luxury Addiction Treatment","True","","","200","OK","Absolute","//body/div[@class='canvas-mobile']/div/div[@class='top-canvas']/a[@class='logo-mm']","Content","HTML","341309","65671"
"Hyperlink","https://irishealing.com/blog/the-ways-sober-living-in-woodland-hills-helps-you-start-living/","https://irishealing.com/","","Home","True","","","200","OK","Absolute","//body/div[@class='wrapper-page']/header/div/div/div/div/section[1]/div/div/div/section[1]/div/div[1]/div/div[1]/div/div/div/a","Header","HTML","341309","65671"
"Hyperlink","https://irishealing.com/blog/the-ways-sober-living-in-woodland-hills-helps-you-start-living/","https://irishealing.com/","","","True","","","200","OK","Absolute","//body/div[@class='wrapper-page']/header/div/div/div/div/section[2]/div/div[1]/div/div/div/a","Header","HTML","341309","65671"
"Hyperlink","https://irishealing.com/blog/the-ways-sober-living-in-woodland-hills-helps-you-start-living/","https://irishealing.com/","Home","","True","","","200","OK","Absolute","//body/div[@class='wrapper-page']/div/section/div/div/div/div/div[1]/div[@class='breadcrumb-main']/div/div/ol/li[1]/a","Content","HTML","341309","65671"
"Hyperlink","https://irishealing.com/blog/the-ways-sober-living-in-woodland-hills-helps-you-start-living/","https://irishealing.com/","","Home","True","","","200","OK","Absolute","//body/footer/div/div/section[2]/div/div[1]/div/div[1]/div/div/div/a","Footer","HTML","341309","65671"
"Hyperlink","https://irishealing.com/blog/the-ways-sober-living-in-woodland-hills-helps-you-start-living/","https://irishealing.com/","","Iris Healing® – Luxury Addiction Treatment","True","","","200","OK","Absolute","//body/div[@class='canvas-mobile']/div/div[@class='top-canvas']/a[@class='logo-mm']","Content","HTML","341309","65671"
"Hyperlink","https://irishealing.com/blog/help-an-alcoholic-family-member/","https://irishealing.com/","","Home","True","","","200","OK","Absolute","//body/div[@class='wrapper-page']/header/div/div/div/div/section[1]/div/div/div/section[1]/div/div[1]/div/div[1]/div/div/div/a","Header","HTML","341309","65671"
"Hyperlink","https://irishealing.com/blog/help-an-alcoholic-family-member/","https://irishealing.com/","","","True","","","200","OK","Absolute","//body/div[@class='wrapper-page']/header/div/div/div/div/section[2]/div/div[1]/div/div/div/a","Header","HTML","341309","65671"
"Hyperlink","https://irishealing.com/blog/help-an-alcoholic-family-member/","https://irishealing.com/","Home","","True","","","200","OK","Absolute","//body/div[@class='wrapper-page']/div/section/div/div/div/div/div[1]/div[@class='breadcrumb-main']/div/div/ol/li[1]/a","Content","HTML","341309","65671"
"Hyperlink","https://irishealing.com/blog/help-an-alcoholic-family-member/","https://irishealing.com/","","Home","True","","","200","OK","Absolute","//body/footer/div/div/section[2]/div/div[1]/div/div[1]/div/div/div/a","Footer","HTML","341309","65671"
"Hyperlink","https://irishealing.com/blog/help-an-alcoholic-family-member/","https://irishealing.com/","","Iris Healing® – Luxury Addiction Treatment","True","","","200","OK","Absolute","//body/div[@class='canvas-mobile']/div/div[@class='top-canvas']/a[@class='logo-mm']","Content","HTML","341309","65671"
"Hyperlink","https://irishealing.com/blog/finding-right-trauma-recovery-retreat/","https://irishealing.com/","","Home","True","","","200","OK","Absolute","//body/div[@class='wrapper-page']/header/div/div/div/div/section[1]/div/div/div/section[1]/div/div[1]/div/div[1]/div/div/div/a","Header","HTML","341309","65671"
"Hyperlink","https://irishealing.com/blog/finding-right-trauma-recovery-retreat/","https://irishealing.com/","","","True","","","200","OK","Absolute","//body/div[@class='wrapper-page']/header/div/div/div/div/section[2]/div/div[1]/div/div/div/a","Header","HTML","341309","65671"
"Hyperlink","https://irishealing.com/blog/finding-right-trauma-recovery-retreat/","https://irishealing.com/","Home","","True","","","200","OK","Absolute","//body/div[@class='wrapper-page']/div/section/div/div/div/div/div[1]/div[@class='breadcrumb-main']/div/div/ol/li[1]/a","Content","HTML","341309","65671"
"Hyperlink","https://irishealing.com/blog/finding-right-trauma-recovery-retreat/","https://irishealing.com/","","Home","True","","","200","OK","Absolute","//body/footer/div/div/section[2]/div/div[1]/div/div[1]/div/div/div/a","Footer","HTML","341309","65671"
"Hyperlink","https://irishealing.com/blog/finding-right-trauma-recovery-retreat/","https://irishealing.com/","","Iris Healing® – Luxury Addiction Treatment","True","","","200","OK","Absolute","//body/div[@class='canvas-mobile']/div/div[@class='top-canvas']/a[@class='logo-mm']","Content","HTML","341309","65671"
"Hyperlink","https://irishealing.com/blog/rehab-for-alcoholics-benefits-effectiveness/","https://irishealing.com/","","Home","True","","","200","OK","Absolute","//body/div[@class='wrapper-page']/header/div/div/div/div/section[1]/div/div/div/section[1]/div/div[1]/div/div[1]/div/div/div/a","Header","HTML","341309","65671"
"Hyperlink","https://irishealing.com/blog/rehab-for-alcoholics-benefits-effectiveness/","https://irishealing.com/","","","True","","","200","OK","Absolute","//body/div[@class='wrapper-page']/header/div/div/div/div/section[2]/div/div[1]/div/div/div/a","Header","HTML","341309","65671"
"Hyperlink","https://irishealing.com/blog/rehab-for-alcoholics-benefits-effectiveness/","https://irishealing.com/","Home","","True","","","200","OK","Absolute","//body/div[@class='wrapper-page']/div/section/div/div/div/div/div[1]/div[@class='breadcrumb-main']/div/div/ol/li[1]/a","Content","HTML","341309","65671"
"Hyperlink","https://irishealing.com/blog/rehab-for-alcoholics-benefits-effectiveness/","https://irishealing.com/","","Home","True","","","200","OK","Absolute","//body/footer/div/div/section[2]/div/div[1]/div/div[1]/div/div/div/a","Footer","HTML","341309","65671"
"Hyperlink","https://irishealing.com/blog/rehab-for-alcoholics-benefits-effectiveness/","https://irishealing.com/","","Iris Healing® – Luxury Addiction Treatment","True","","","200","OK","Absolute","//body/div[@class='canvas-mobile']/div/div[@class='top-canvas']/a[@class='logo-mm']","Content","HTML","341309","65671"
"Hyperlink","https://irishealing.com/blog/addiction-eating-mental-healing/","https://irishealing.com/","","Home","True","","","200","OK","Absolute","//body/div[@class='wrapper-page']/header/div/div/div/div/section[1]/div/div/div/section[1]/div/div[1]/div/div[1]/div/div/div/a","Header","HTML","341309","65671"
"Hyperlink","https://irishealing.com/blog/addiction-eating-mental-healing/","https://irishealing.com/","","","True","","","200","OK","Absolute","//body/div[@class='wrapper-page']/header/div/div/div/div/section[2]/div/div[1]/div/div/div/a","Header","HTML","341309","65671"
"Hyperlink","https://irishealing.com/blog/addiction-eating-mental-healing/","https://irishealing.com/","Home","","True","","","200","OK","Absolute","//body/div[@class='wrapper-page']/div/section/div/div/div/div/div[1]/div[@class='breadcrumb-main']/div/div/ol/li[1]/a","Content","HTML","341309","65671"
"Hyperlink","https://irishealing.com/blog/addiction-eating-mental-healing/","https://irishealing.com/","","Home","True","","","200","OK","Absolute","//body/footer/div/div/section[2]/div/div[1]/div/div[1]/div/div/div/a","Footer","HTML","341309","65671"
"Hyperlink","https://irishealing.com/blog/addiction-eating-mental-healing/","https://irishealing.com/","","Iris Healing® – Luxury Addiction Treatment","True","","","200","OK","Absolute","//body/div[@class='canvas-mobile']/div/div[@class='top-canvas']/a[@class='logo-mm']","Content","HTML","341309","65671"
"Hyperlink","https://irishealing.com/blog/how-to-admit-yourself-to-a-mental-hospital/","https://irishealing.com/","","Home","True","","","200","OK","Absolute","//body/div[@class='wrapper-page']/header/div/div/div/div/section[1]/div/div/div/section[1]/div/div[1]/div/div[1]/div/div/div/a","Header","HTML","341309","65671"
"Hyperlink","https://irishealing.com/blog/how-to-admit-yourself-to-a-mental-hospital/","https://irishealing.com/","","","True","","","200","OK","Absolute","//body/div[@class='wrapper-page']/header/div/div/div/div/section[2]/div/div[1]/div/div/div/a","Header","HTML","341309","65671"
"Hyperlink","https://irishealing.com/blog/how-to-admit-yourself-to-a-mental-hospital/","https://irishealing.com/","Home","","True","","","200","OK","Absolute","//body/div[@class='wrapper-page']/div/section/div/div/div/div/div[1]/div[@class='breadcrumb-main']/div/div/ol/li[1]/a","Content","HTML","341309","65671"
"Hyperlink","https://irishealing.com/blog/how-to-admit-yourself-to-a-mental-hospital/","https://irishealing.com/","","Home","True","","","200","OK","Absolute","//body/footer/div/div/section[2]/div/div[1]/div/div[1]/div/div/div/a","Footer","HTML","341309","65671"
"Hyperlink","https://irishealing.com/blog/how-to-admit-yourself-to-a-mental-hospital/","https://irishealing.com/","","Iris Healing® – Luxury Addiction Treatment","True","","","200","OK","Absolute","//body/div[@class='canvas-mobile']/div/div[@class='top-canvas']/a[@class='logo-mm']","Content","HTML","341309","65671"
"Hyperlink","https://irishealing.com/blog/spirituality-and-recovery/","https://irishealing.com/","","Home","True","","","200","OK","Absolute","//body/div[@class='wrapper-page']/header/div/div/div/div/section[1]/div/div/div/section[1]/div/div[1]/div/div[1]/div/div/div/a","Header","HTML","341309","65671"
"Hyperlink","https://irishealing.com/blog/spirituality-and-recovery/","https://irishealing.com/","","","True","","","200","OK","Absolute","//body/div[@class='wrapper-page']/header/div/div/div/div/section[2]/div/div[1]/div/div/div/a","Header","HTML","341309","65671"
"Hyperlink","https://irishealing.com/blog/spirituality-and-recovery/","https://irishealing.com/","Home","","True","","","200","OK","Absolute","//body/div[@class='wrapper-page']/div/section/div/div/div/div/div[1]/div[@class='breadcrumb-main']/div/div/ol/li[1]/a","Content","HTML","341309","65671"
"Hyperlink","https://irishealing.com/blog/spirituality-and-recovery/","https://irishealing.com/","","Home","True","","","200","OK","Absolute","//body/footer/div/div/section[2]/div/div[1]/div/div[1]/div/div/div/a","Footer","HTML","341309","65671"
"Hyperlink","https://irishealing.com/blog/spirituality-and-recovery/","https://irishealing.com/","","Iris Healing® – Luxury Addiction Treatment","True","","","200","OK","Absolute","//body/div[@class='canvas-mobile']/div/div[@class='top-canvas']/a[@class='logo-mm']","Content","HTML","341309","65671"
"Hyperlink","https://irishealing.com/blog/incorporating-holistic-methods-into-depression-treatment-in-los-angeles/","https://irishealing.com/","","Home","True","","","200","OK","Absolute","//body/div[@class='wrapper-page']/header/div/div/div/div/section[1]/div/div/div/section[1]/div/div[1]/div/div[1]/div/div/div/a","Header","HTML","341309","65671"
"Hyperlink","https://irishealing.com/blog/incorporating-holistic-methods-into-depression-treatment-in-los-angeles/","https://irishealing.com/","","","True","","","200","OK","Absolute","//body/div[@class='wrapper-page']/header/div/div/div/div/section[2]/div/div[1]/div/div/div/a","Header","HTML","341309","65671"
"Hyperlink","https://irishealing.com/blog/incorporating-holistic-methods-into-depression-treatment-in-los-angeles/","https://irishealing.com/","Home","","True","","","200","OK","Absolute","//body/div[@class='wrapper-page']/div/section/div/div/div/div/div[1]/div[@class='breadcrumb-main']/div/div/ol/li[1]/a","Content","HTML","341309","65671"
"Hyperlink","https://irishealing.com/blog/incorporating-holistic-methods-into-depression-treatment-in-los-angeles/","https://irishealing.com/","","Home","True","","","200","OK","Absolute","//body/footer/div/div/section[2]/div/div[1]/div/div[1]/div/div/div/a","Footer","HTML","341309","65671"
"Hyperlink","https://irishealing.com/blog/incorporating-holistic-methods-into-depression-treatment-in-los-angeles/","https://irishealing.com/","","Iris Healing® – Luxury Addiction Treatment","True","","","200","OK","Absolute","//body/div[@class='canvas-mobile']/div/div[@class='top-canvas']/a[@class='logo-mm']","Content","HTML","341309","65671"
"Hyperlink","https://irishealing.com/blog/a-low-glycemic-diet-in-recovery/","https://irishealing.com/","","Home","True","","","200","OK","Absolute","//body/div[@class='wrapper-page']/header/div/div/div/div/section[1]/div/div/div/section[1]/div/div[1]/div/div[1]/div/div/div/a","Header","HTML","341309","65671"
"Hyperlink","https://irishealing.com/blog/a-low-glycemic-diet-in-recovery/","https://irishealing.com/","","","True","","","200","OK","Absolute","//body/div[@class='wrapper-page']/header/div/div/div/div/section[2]/div/div[1]/div/div/div/a","Header","HTML","341309","65671"
"Hyperlink","https://irishealing.com/blog/a-low-glycemic-diet-in-recovery/","https://irishealing.com/","Home","","True","","","200","OK","Absolute","//body/div[@class='wrapper-page']/div/section/div/div/div/div/div[1]/div[@class='breadcrumb-main']/div/div/ol/li[1]/a","Content","HTML","341309","65671"
"Hyperlink","https://irishealing.com/blog/a-low-glycemic-diet-in-recovery/","https://irishealing.com/","","Home","True","","","200","OK","Absolute","//body/footer/div/div/section[2]/div/div[1]/div/div[1]/div/div/div/a","Footer","HTML","341309","65671"
"Hyperlink","https://irishealing.com/blog/a-low-glycemic-diet-in-recovery/","https://irishealing.com/","","Iris Healing® – Luxury Addiction Treatment","True","","","200","OK","Absolute","//body/div[@class='canvas-mobile']/div/div[@class='top-canvas']/a[@class='logo-mm']","Content","HTML","341309","65671"
"Hyperlink","https://irishealing.com/blog/mental-illness-test/","https://irishealing.com/","","Home","True","","","200","OK","Absolute","//body/div[@class='wrapper-page']/header/div/div/div/div/section[1]/div/div/div/section[1]/div/div[1]/div/div[1]/div/div/div/a","Header","HTML","341309","65671"
"Hyperlink","https://irishealing.com/blog/mental-illness-test/","https://irishealing.com/","","","True","","","200","OK","Absolute","//body/div[@class='wrapper-page']/header/div/div/div/div/section[2]/div/div[1]/div/div/div/a","Header","HTML","341309","65671"
"Hyperlink","https://irishealing.com/blog/mental-illness-test/","https://irishealing.com/","Home","","True","","","200","OK","Absolute","//body/div[@class='wrapper-page']/div/section/div/div/div/div/div[1]/div[@class='breadcrumb-main']/div/div/ol/li[1]/a","Content","HTML","341309","65671"
"Hyperlink","https://irishealing.com/blog/mental-illness-test/","https://irishealing.com/","","Home","True","","","200","OK","Absolute","//body/footer/div/div/section[2]/div/div[1]/div/div[1]/div/div/div/a","Footer","HTML","341309","65671"
"Hyperlink","https://irishealing.com/blog/mental-illness-test/","https://irishealing.com/","","Iris Healing® – Luxury Addiction Treatment","True","","","200","OK","Absolute","//body/div[@class='canvas-mobile']/div/div[@class='top-canvas']/a[@class='logo-mm']","Content","HTML","341309","65671"
"Hyperlink","https://irishealing.com/blog/start-your-recovery-with-a-detox-retreat-in-los-angeles/","https://irishealing.com/","","Home","True","","","200","OK","Absolute","//body/div[@class='wrapper-page']/header/div/div/div/div/section[1]/div/div/div/section[1]/div/div[1]/div/div[1]/div/div/div/a","Header","HTML","341309","65671"
"Hyperlink","https://irishealing.com/blog/start-your-recovery-with-a-detox-retreat-in-los-angeles/","https://irishealing.com/","","","True","","","200","OK","Absolute","//body/div[@class='wrapper-page']/header/div/div/div/div/section[2]/div/div[1]/div/div/div/a","Header","HTML","341309","65671"
"Hyperlink","https://irishealing.com/blog/start-your-recovery-with-a-detox-retreat-in-los-angeles/","https://irishealing.com/","Home","","True","","","200","OK","Absolute","//body/div[@class='wrapper-page']/div/section/div/div/div/div/div[1]/div[@class='breadcrumb-main']/div/div/ol/li[1]/a","Content","HTML","341309","65671"
"Hyperlink","https://irishealing.com/blog/start-your-recovery-with-a-detox-retreat-in-los-angeles/","https://irishealing.com/","","Home","True","","","200","OK","Absolute","//body/footer/div/div/section[2]/div/div[1]/div/div[1]/div/div/div/a","Footer","HTML","341309","65671"
"Hyperlink","https://irishealing.com/blog/start-your-recovery-with-a-detox-retreat-in-los-angeles/","https://irishealing.com/","","Iris Healing® – Luxury Addiction Treatment","True","","","200","OK","Absolute","//body/div[@class='canvas-mobile']/div/div[@class='top-canvas']/a[@class='logo-mm']","Content","HTML","341309","65671"
"Hyperlink","https://irishealing.com/blog/when-its-time-its-time/","https://irishealing.com/","","Home","True","","","200","OK","Absolute","//body/div[@class='wrapper-page']/header/div/div/div/div/section[1]/div/div/div/section[1]/div/div[1]/div/div[1]/div/div/div/a","Header","HTML","341309","65671"
"Hyperlink","https://irishealing.com/blog/when-its-time-its-time/","https://irishealing.com/","","","True","","","200","OK","Absolute","//body/div[@class='wrapper-page']/header/div/div/div/div/section[2]/div/div[1]/div/div/div/a","Header","HTML","341309","65671"
"Hyperlink","https://irishealing.com/blog/when-its-time-its-time/","https://irishealing.com/","Home","","True","","","200","OK","Absolute","//body/div[@class='wrapper-page']/div/section/div/div/div/div/div[1]/div[@class='breadcrumb-main']/div/div/ol/li[1]/a","Content","HTML","341309","65671"
"Hyperlink","https://irishealing.com/blog/when-its-time-its-time/","https://irishealing.com/","","Home","True","","","200","OK","Absolute","//body/footer/div/div/section[2]/div/div[1]/div/div[1]/div/div/div/a","Footer","HTML","341309","65671"
"Hyperlink","https://irishealing.com/blog/when-its-time-its-time/","https://irishealing.com/","","Iris Healing® – Luxury Addiction Treatment","True","","","200","OK","Absolute","//body/div[@class='canvas-mobile']/div/div[@class='top-canvas']/a[@class='logo-mm']","Content","HTML","341309","65671"
"Hyperlink","https://irishealing.com/blog/mental-health-and-wellness/","https://irishealing.com/","","Home","True","","","200","OK","Absolute","//body/div[@class='wrapper-page']/header/div/div/div/div/section[1]/div/div/div/section[1]/div/div[1]/div/div[1]/div/div/div/a","Header","HTML","341309","65671"
"Hyperlink","https://irishealing.com/blog/mental-health-and-wellness/","https://irishealing.com/","","","True","","","200","OK","Absolute","//body/div[@class='wrapper-page']/header/div/div/div/div/section[2]/div/div[1]/div/div/div/a","Header","HTML","341309","65671"
"Hyperlink","https://irishealing.com/blog/mental-health-and-wellness/","https://irishealing.com/","Home","","True","","","200","OK","Absolute","//body/div[@class='wrapper-page']/div/section/div/div/div/div/div[1]/div[@class='breadcrumb-main']/div/div/ol/li[1]/a","Content","HTML","341309","65671"
"Hyperlink","https://irishealing.com/blog/mental-health-and-wellness/","https://irishealing.com/","","Home","True","","","200","OK","Absolute","//body/footer/div/div/section[2]/div/div[1]/div/div[1]/div/div/div/a","Footer","HTML","341309","65671"
"Hyperlink","https://irishealing.com/blog/mental-health-and-wellness/","https://irishealing.com/","","Iris Healing® – Luxury Addiction Treatment","True","","","200","OK","Absolute","//body/div[@class='canvas-mobile']/div/div[@class='top-canvas']/a[@class='logo-mm']","Content","HTML","341309","65671"
"Hyperlink","https://irishealing.com/blog/coming-terms-grief/","https://irishealing.com/","","Home","True","","","200","OK","Absolute","//body/div[@class='wrapper-page']/header/div/div/div/div/section[1]/div/div/div/section[1]/div/div[1]/div/div[1]/div/div/div/a","Header","HTML","341309","65671"
"Hyperlink","https://irishealing.com/blog/coming-terms-grief/","https://irishealing.com/","","","True","","","200","OK","Absolute","//body/div[@class='wrapper-page']/header/div/div/div/div/section[2]/div/div[1]/div/div/div/a","Header","HTML","341309","65671"
"Hyperlink","https://irishealing.com/blog/coming-terms-grief/","https://irishealing.com/","Home","","True","","","200","OK","Absolute","//body/div[@class='wrapper-page']/div/section/div/div/div/div/div[1]/div[@class='breadcrumb-main']/div/div/ol/li[1]/a","Content","HTML","341309","65671"
"Hyperlink","https://irishealing.com/blog/coming-terms-grief/","https://irishealing.com/","","Home","True","","","200","OK","Absolute","//body/footer/div/div/section[2]/div/div[1]/div/div[1]/div/div/div/a","Footer","HTML","341309","65671"
"Hyperlink","https://irishealing.com/blog/coming-terms-grief/","https://irishealing.com/","","Iris Healing® – Luxury Addiction Treatment","True","","","200","OK","Absolute","//body/div[@class='canvas-mobile']/div/div[@class='top-canvas']/a[@class='logo-mm']","Content","HTML","341309","65671"
"Hyperlink","https://irishealing.com/blog/why-is-mental-health-important/","https://irishealing.com/","","Home","True","","","200","OK","Absolute","//body/div[@class='wrapper-page']/header/div/div/div/div/section[1]/div/div/div/section[1]/div/div[1]/div/div[1]/div/div/div/a","Header","HTML","341309","65671"
"Hyperlink","https://irishealing.com/blog/why-is-mental-health-important/","https://irishealing.com/","","","True","","","200","OK","Absolute","//body/div[@class='wrapper-page']/header/div/div/div/div/section[2]/div/div[1]/div/div/div/a","Header","HTML","341309","65671"
"Hyperlink","https://irishealing.com/blog/why-is-mental-health-important/","https://irishealing.com/","Home","","True","","","200","OK","Absolute","//body/div[@class='wrapper-page']/div/section/div/div/div/div/div[1]/div[@class='breadcrumb-main']/div/div/ol/li[1]/a","Content","HTML","341309","65671"
"Hyperlink","https://irishealing.com/blog/why-is-mental-health-important/","https://irishealing.com/","","Home","True","","","200","OK","Absolute","//body/footer/div/div/section[2]/div/div[1]/div/div[1]/div/div/div/a","Footer","HTML","341309","65671"
"Hyperlink","https://irishealing.com/blog/why-is-mental-health-important/","https://irishealing.com/","","Iris Healing® – Luxury Addiction Treatment","True","","","200","OK","Absolute","//body/div[@class='canvas-mobile']/div/div[@class='top-canvas']/a[@class='logo-mm']","Content","HTML","341309","65671"
"Hyperlink","https://irishealing.com/blog/holistic-coping-skills-exercises/","https://irishealing.com/","","Home","True","","","200","OK","Absolute","//body/div[@class='wrapper-page']/header/div/div/div/div/section[1]/div/div/div/section[1]/div/div[1]/div/div[1]/div/div/div/a","Header","HTML","341309","65671"
"Hyperlink","https://irishealing.com/blog/holistic-coping-skills-exercises/","https://irishealing.com/","","","True","","","200","OK","Absolute","//body/div[@class='wrapper-page']/header/div/div/div/div/section[2]/div/div[1]/div/div/div/a","Header","HTML","341309","65671"
"Hyperlink","https://irishealing.com/blog/holistic-coping-skills-exercises/","https://irishealing.com/","Home","","True","","","200","OK","Absolute","//body/div[@class='wrapper-page']/div/section/div/div/div/div/div[1]/div[@class='breadcrumb-main']/div/div/ol/li[1]/a","Content","HTML","341309","65671"
"Hyperlink","https://irishealing.com/blog/holistic-coping-skills-exercises/","https://irishealing.com/","","Home","True","","","200","OK","Absolute","//body/footer/div/div/section[2]/div/div[1]/div/div[1]/div/div/div/a","Footer","HTML","341309","65671"
"Hyperlink","https://irishealing.com/blog/holistic-coping-skills-exercises/","https://irishealing.com/","","Iris Healing® – Luxury Addiction Treatment","True","","","200","OK","Absolute","//body/div[@class='canvas-mobile']/div/div[@class='top-canvas']/a[@class='logo-mm']","Content","HTML","341309","65671"
"Hyperlink","https://irishealing.com/blog/what-is-wet-brain-syndrome-wernicke-korsakoff-syndrome/","https://irishealing.com/","","Home","True","","","200","OK","Absolute","//body/div[@class='wrapper-page']/header/div/div/div/div/section[1]/div/div/div/section[1]/div/div[1]/div/div[1]/div/div/div/a","Header","HTML","341309","65671"
"Hyperlink","https://irishealing.com/blog/what-is-wet-brain-syndrome-wernicke-korsakoff-syndrome/","https://irishealing.com/","","","True","","","200","OK","Absolute","//body/div[@class='wrapper-page']/header/div/div/div/div/section[2]/div/div[1]/div/div/div/a","Header","HTML","341309","65671"
"Hyperlink","https://irishealing.com/blog/what-is-wet-brain-syndrome-wernicke-korsakoff-syndrome/","https://irishealing.com/","Home","","True","","","200","OK","Absolute","//body/div[@class='wrapper-page']/div/section/div/div/div/div/div[1]/div[@class='breadcrumb-main']/div/div/ol/li[1]/a","Content","HTML","341309","65671"
"Hyperlink","https://irishealing.com/blog/what-is-wet-brain-syndrome-wernicke-korsakoff-syndrome/","https://irishealing.com/","","Home","True","","","200","OK","Absolute","//body/footer/div/div/section[2]/div/div[1]/div/div[1]/div/div/div/a","Footer","HTML","341309","65671"
"Hyperlink","https://irishealing.com/blog/what-is-wet-brain-syndrome-wernicke-korsakoff-syndrome/","https://irishealing.com/","","Iris Healing® – Luxury Addiction Treatment","True","","","200","OK","Absolute","//body/div[@class='canvas-mobile']/div/div[@class='top-canvas']/a[@class='logo-mm']","Content","HTML","341309","65671"
"Hyperlink","https://irishealing.com/blog/rehab-for-mental-health-beneftis/","https://irishealing.com/","","Home","True","","","200","OK","Absolute","//body/div[@class='wrapper-page']/header/div/div/div/div/section[1]/div/div/div/section[1]/div/div[1]/div/div[1]/div/div/div/a","Header","HTML","341309","65671"
"Hyperlink","https://irishealing.com/blog/rehab-for-mental-health-beneftis/","https://irishealing.com/","","","True","","","200","OK","Absolute","//body/div[@class='wrapper-page']/header/div/div/div/div/section[2]/div/div[1]/div/div/div/a","Header","HTML","341309","65671"
"Hyperlink","https://irishealing.com/blog/rehab-for-mental-health-beneftis/","https://irishealing.com/","Home","","True","","","200","OK","Absolute","//body/div[@class='wrapper-page']/div/section/div/div/div/div/div[1]/div[@class='breadcrumb-main']/div/div/ol/li[1]/a","Content","HTML","341309","65671"
"Hyperlink","https://irishealing.com/blog/rehab-for-mental-health-beneftis/","https://irishealing.com/","","Home","True","","","200","OK","Absolute","//body/footer/div/div/section[2]/div/div[1]/div/div[1]/div/div/div/a","Footer","HTML","341309","65671"
"Hyperlink","https://irishealing.com/blog/rehab-for-mental-health-beneftis/","https://irishealing.com/","","Iris Healing® – Luxury Addiction Treatment","True","","","200","OK","Absolute","//body/div[@class='canvas-mobile']/div/div[@class='top-canvas']/a[@class='logo-mm']","Content","HTML","341309","65671"
"Hyperlink","https://irishealing.com/blog/international-overdose-awareness-day-is-august-31/","https://irishealing.com/","","Home","True","","","200","OK","Absolute","//body/div[@class='wrapper-page']/header/div/div/div/div/section[1]/div/div/div/section[1]/div/div[1]/div/div[1]/div/div/div/a","Header","HTML","341309","65671"
"Hyperlink","https://irishealing.com/blog/international-overdose-awareness-day-is-august-31/","https://irishealing.com/","","","True","","","200","OK","Absolute","//body/div[@class='wrapper-page']/header/div/div/div/div/section[2]/div/div[1]/div/div/div/a","Header","HTML","341309","65671"
"Hyperlink","https://irishealing.com/blog/international-overdose-awareness-day-is-august-31/","https://irishealing.com/","Home","","True","","","200","OK","Absolute","//body/div[@class='wrapper-page']/div/section/div/div/div/div/div[1]/div[@class='breadcrumb-main']/div/div/ol/li[1]/a","Content","HTML","341309","65671"
"Hyperlink","https://irishealing.com/blog/international-overdose-awareness-day-is-august-31/","https://irishealing.com/","","Home","True","","","200","OK","Absolute","//body/footer/div/div/section[2]/div/div[1]/div/div[1]/div/div/div/a","Footer","HTML","341309","65671"
"Hyperlink","https://irishealing.com/blog/international-overdose-awareness-day-is-august-31/","https://irishealing.com/","","Iris Healing® – Luxury Addiction Treatment","True","","","200","OK","Absolute","//body/div[@class='canvas-mobile']/div/div[@class='top-canvas']/a[@class='logo-mm']","Content","HTML","341309","65671"
"Hyperlink","https://irishealing.com/blog/is-alcoholism-a-disability/","https://irishealing.com/","","Home","True","","","200","OK","Absolute","//body/div[@class='wrapper-page']/header/div/div/div/div/section[1]/div/div/div/section[1]/div/div[1]/div/div[1]/div/div/div/a","Header","HTML","341309","65671"
"Hyperlink","https://irishealing.com/blog/is-alcoholism-a-disability/","https://irishealing.com/","","","True","","","200","OK","Absolute","//body/div[@class='wrapper-page']/header/div/div/div/div/section[2]/div/div[1]/div/div/div/a","Header","HTML","341309","65671"
"Hyperlink","https://irishealing.com/blog/is-alcoholism-a-disability/","https://irishealing.com/","Home","","True","","","200","OK","Absolute","//body/div[@class='wrapper-page']/div/section/div/div/div/div/div[1]/div[@class='breadcrumb-main']/div/div/ol/li[1]/a","Content","HTML","341309","65671"
"Hyperlink","https://irishealing.com/blog/is-alcoholism-a-disability/","https://irishealing.com/","","Home","True","","","200","OK","Absolute","//body/footer/div/div/section[2]/div/div[1]/div/div[1]/div/div/div/a","Footer","HTML","341309","65671"
"Hyperlink","https://irishealing.com/blog/is-alcoholism-a-disability/","https://irishealing.com/","","Iris Healing® – Luxury Addiction Treatment","True","","","200","OK","Absolute","//body/div[@class='canvas-mobile']/div/div[@class='top-canvas']/a[@class='logo-mm']","Content","HTML","341309","65671"
"Hyperlink","https://irishealing.com/blog/low-stress-careers-and-jobs-for-people/","https://irishealing.com/","","Home","True","","","200","OK","Absolute","//body/div[@class='wrapper-page']/header/div/div/div/div/section[1]/div/div/div/section[1]/div/div[1]/div/div[1]/div/div/div/a","Header","HTML","341309","65671"
"Hyperlink","https://irishealing.com/blog/low-stress-careers-and-jobs-for-people/","https://irishealing.com/","","","True","","","200","OK","Absolute","//body/div[@class='wrapper-page']/header/div/div/div/div/section[2]/div/div[1]/div/div/div/a","Header","HTML","341309","65671"
"Hyperlink","https://irishealing.com/blog/low-stress-careers-and-jobs-for-people/","https://irishealing.com/","Home","","True","","","200","OK","Absolute","//body/div[@class='wrapper-page']/div/section/div/div/div/div/div[1]/div[@class='breadcrumb-main']/div/div/ol/li[1]/a","Content","HTML","341309","65671"
"Hyperlink","https://irishealing.com/blog/low-stress-careers-and-jobs-for-people/","https://irishealing.com/","","Home","True","","","200","OK","Absolute","//body/footer/div/div/section[2]/div/div[1]/div/div[1]/div/div/div/a","Footer","HTML","341309","65671"
"Hyperlink","https://irishealing.com/blog/low-stress-careers-and-jobs-for-people/","https://irishealing.com/","","Iris Healing® – Luxury Addiction Treatment","True","","","200","OK","Absolute","//body/div[@class='canvas-mobile']/div/div[@class='top-canvas']/a[@class='logo-mm']","Content","HTML","341309","65671"
"Hyperlink","https://irishealing.com/blog/adhd-and-addiction/","https://irishealing.com/","","Home","True","","","200","OK","Absolute","//body/div[@class='wrapper-page']/header/div/div/div/div/section[1]/div/div/div/section[1]/div/div[1]/div/div[1]/div/div/div/a","Header","HTML","341309","65671"
"Hyperlink","https://irishealing.com/blog/adhd-and-addiction/","https://irishealing.com/","","","True","","","200","OK","Absolute","//body/div[@class='wrapper-page']/header/div/div/div/div/section[2]/div/div[1]/div/div/div/a","Header","HTML","341309","65671"
"Hyperlink","https://irishealing.com/blog/adhd-and-addiction/","https://irishealing.com/","Home","","True","","","200","OK","Absolute","//body/div[@class='wrapper-page']/div/section/div/div/div/div/div[1]/div[@class='breadcrumb-main']/div/div/ol/li[1]/a","Content","HTML","341309","65671"
"Hyperlink","https://irishealing.com/blog/adhd-and-addiction/","https://irishealing.com/","","Home","True","","","200","OK","Absolute","//body/footer/div/div/section[2]/div/div[1]/div/div[1]/div/div/div/a","Footer","HTML","341309","65671"
"Hyperlink","https://irishealing.com/blog/adhd-and-addiction/","https://irishealing.com/","","Iris Healing® – Luxury Addiction Treatment","True","","","200","OK","Absolute","//body/div[@class='canvas-mobile']/div/div[@class='top-canvas']/a[@class='logo-mm']","Content","HTML","341309","65671"
"Hyperlink","https://irishealing.com/rehab-and-wellness-center/","https://irishealing.com/","","Home","True","","","200","OK","Absolute","//body/div[@class='wrapper-page']/header/div/div/div/div/section[1]/div/div/div/section[1]/div/div[1]/div/div[1]/div/div/div/a","Header","HTML","341309","65671"
"Hyperlink","https://irishealing.com/rehab-and-wellness-center/","https://irishealing.com/","","","True","","","200","OK","Absolute","//body/div[@class='wrapper-page']/header/div/div/div/div/section[2]/div/div[1]/div/div/div/a","Header","HTML","341309","65671"
"Hyperlink","https://irishealing.com/rehab-and-wellness-center/","https://irishealing.com/","Home","","True","","","200","OK","Absolute","//body/div[@class='wrapper-page']/div/div/section[1]/div/div/div/div/div/div/div/div/div[@class='breadcrumb-main']/div/div/ol/li[1]/a","Content","HTML","341309","65671"
"Hyperlink","https://irishealing.com/rehab-and-wellness-center/","https://irishealing.com/","","Home","True","","","200","OK","Absolute","//body/footer/div/div/section[2]/div/div[1]/div/div[1]/div/div/div/a","Footer","HTML","341309","65671"
"Hyperlink","https://irishealing.com/rehab-and-wellness-center/","https://irishealing.com/","","Iris Healing® – Luxury Addiction Treatment","True","","","200","OK","Absolute","//body/div[@class='canvas-mobile']/div/div[@class='top-canvas']/a[@class='logo-mm']","Content","HTML","341309","65671"
"Hyperlink","https://irishealing.com/blog/brainwaves/","https://irishealing.com/","","Home","True","","","200","OK","Absolute","//body/div[@class='wrapper-page']/header/div/div/div/div/section[1]/div/div/div/section[1]/div/div[1]/div/div[1]/div/div/div/a","Header","HTML","341309","65671"
"Hyperlink","https://irishealing.com/blog/brainwaves/","https://irishealing.com/","","","True","","","200","OK","Absolute","//body/div[@class='wrapper-page']/header/div/div/div/div/section[2]/div/div[1]/div/div/div/a","Header","HTML","341309","65671"
"Hyperlink","https://irishealing.com/blog/brainwaves/","https://irishealing.com/","Home","","True","","","200","OK","Absolute","//body/div[@class='wrapper-page']/div/section/div/div/div/div/div[1]/div[@class='breadcrumb-main']/div/div/ol/li[1]/a","Content","HTML","341309","65671"
"Hyperlink","https://irishealing.com/blog/brainwaves/","https://irishealing.com/","","Home","True","","","200","OK","Absolute","//body/footer/div/div/section[2]/div/div[1]/div/div[1]/div/div/div/a","Footer","HTML","341309","65671"
"Hyperlink","https://irishealing.com/blog/brainwaves/","https://irishealing.com/","","Iris Healing® – Luxury Addiction Treatment","True","","","200","OK","Absolute","//body/div[@class='canvas-mobile']/div/div[@class='top-canvas']/a[@class='logo-mm']","Content","HTML","341309","65671"
"Hyperlink","https://irishealing.com/blog/overcome-depression-and-mental-disorders-with-our-healing-retreat-centers/","https://irishealing.com/","","Home","True","","","200","OK","Absolute","//body/div[@class='wrapper-page']/header/div/div/div/div/section[1]/div/div/div/section[1]/div/div[1]/div/div[1]/div/div/div/a","Header","HTML","341309","65671"
"Hyperlink","https://irishealing.com/blog/overcome-depression-and-mental-disorders-with-our-healing-retreat-centers/","https://irishealing.com/","","","True","","","200","OK","Absolute","//body/div[@class='wrapper-page']/header/div/div/div/div/section[2]/div/div[1]/div/div/div/a","Header","HTML","341309","65671"
"Hyperlink","https://irishealing.com/blog/overcome-depression-and-mental-disorders-with-our-healing-retreat-centers/","https://irishealing.com/","Home","","True","","","200","OK","Absolute","//body/div[@class='wrapper-page']/div/section/div/div/div/div/div[1]/div[@class='breadcrumb-main']/div/div/ol/li[1]/a","Content","HTML","341309","65671"
"Hyperlink","https://irishealing.com/blog/overcome-depression-and-mental-disorders-with-our-healing-retreat-centers/","https://irishealing.com/","","Home","True","","","200","OK","Absolute","//body/footer/div/div/section[2]/div/div[1]/div/div[1]/div/div/div/a","Footer","HTML","341309","65671"
"Hyperlink","https://irishealing.com/blog/overcome-depression-and-mental-disorders-with-our-healing-retreat-centers/","https://irishealing.com/","","Iris Healing® – Luxury Addiction Treatment","True","","","200","OK","Absolute","//body/div[@class='canvas-mobile']/div/div[@class='top-canvas']/a[@class='logo-mm']","Content","HTML","341309","65671"
"Hyperlink","https://irishealing.com/samantha-funk/","https://irishealing.com/","","Home","True","","","200","OK","Absolute","//body/div[@class='wrapper-page']/header/div/div/div/div/section[1]/div/div/div/section[1]/div/div[1]/div/div[1]/div/div/div/a","Header","HTML","341309","65671"
"Hyperlink","https://irishealing.com/samantha-funk/","https://irishealing.com/","","","True","","","200","OK","Absolute","//body/div[@class='wrapper-page']/header/div/div/div/div/section[2]/div/div[1]/div/div/div/a","Header","HTML","341309","65671"
"Hyperlink","https://irishealing.com/samantha-funk/","https://irishealing.com/","Home","","True","","","200","OK","Absolute","//body/div[@class='wrapper-page']/div/section/div/div/div/div/div/div/div/div/div[1]/section[1]/div/div/div/div/div/div/div/div/div/div/div/ol/li[1]/a","Content","HTML","341309","65671"
"Hyperlink","https://irishealing.com/samantha-funk/","https://irishealing.com/","","Home","True","","","200","OK","Absolute","//body/footer/div/div/section[2]/div/div[1]/div/div[1]/div/div/div/a","Footer","HTML","341309","65671"
"Hyperlink","https://irishealing.com/samantha-funk/","https://irishealing.com/","","Iris Healing® – Luxury Addiction Treatment","True","","","200","OK","Absolute","//body/div[@class='canvas-mobile']/div/div[@class='top-canvas']/a[@class='logo-mm']","Content","HTML","341309","65671"
"Hyperlink","https://irishealing.com/blog/mental-health-clinic/","https://irishealing.com/","","Home","True","","","200","OK","Absolute","//body/div[@class='wrapper-page']/header/div/div/div/div/section[1]/div/div/div/section[1]/div/div[1]/div/div[1]/div/div/div/a","Header","HTML","341309","65671"
"Hyperlink","https://irishealing.com/blog/mental-health-clinic/","https://irishealing.com/","","","True","","","200","OK","Absolute","//body/div[@class='wrapper-page']/header/div/div/div/div/section[2]/div/div[1]/div/div/div/a","Header","HTML","341309","65671"
"Hyperlink","https://irishealing.com/blog/mental-health-clinic/","https://irishealing.com/","Home","","True","","","200","OK","Absolute","//body/div[@class='wrapper-page']/div/section/div/div/div/div/div[1]/div[@class='breadcrumb-main']/div/div/ol/li[1]/a","Content","HTML","341309","65671"
"Hyperlink","https://irishealing.com/blog/mental-health-clinic/","https://irishealing.com/","","Home","True","","","200","OK","Absolute","//body/footer/div/div/section[2]/div/div[1]/div/div[1]/div/div/div/a","Footer","HTML","341309","65671"
"Hyperlink","https://irishealing.com/blog/mental-health-clinic/","https://irishealing.com/","","Iris Healing® – Luxury Addiction Treatment","True","","","200","OK","Absolute","//body/div[@class='canvas-mobile']/div/div[@class='top-canvas']/a[@class='logo-mm']","Content","HTML","341309","65671"
"Hyperlink","https://irishealing.com/alex-michaels/","https://irishealing.com/","","Home","True","","","200","OK","Absolute","//body/div[@class='wrapper-page']/header/div/div/div/div/section[1]/div/div/div/section[1]/div/div[1]/div/div[1]/div/div/div/a","Header","HTML","341309","65671"
"Hyperlink","https://irishealing.com/alex-michaels/","https://irishealing.com/","","","True","","","200","OK","Absolute","//body/div[@class='wrapper-page']/header/div/div/div/div/section[2]/div/div[1]/div/div/div/a","Header","HTML","341309","65671"
"Hyperlink","https://irishealing.com/alex-michaels/","https://irishealing.com/","Home","","True","","","200","OK","Absolute","//body/div[@class='wrapper-page']/div/section/div/div/div/div/div/div/div/div/div[1]/section[1]/div/div/div/div/div/div/div/div/div/div/div/ol/li[1]/a","Content","HTML","341309","65671"
"Hyperlink","https://irishealing.com/alex-michaels/","https://irishealing.com/","","Home","True","","","200","OK","Absolute","//body/footer/div/div/section[2]/div/div[1]/div/div[1]/div/div/div/a","Footer","HTML","341309","65671"
"Hyperlink","https://irishealing.com/alex-michaels/","https://irishealing.com/","","Iris Healing® – Luxury Addiction Treatment","True","","","200","OK","Absolute","//body/div[@class='canvas-mobile']/div/div[@class='top-canvas']/a[@class='logo-mm']","Content","HTML","341309","65671"
"Hyperlink","https://irishealing.com/sarah-sabag/","https://irishealing.com/","","Home","True","","","200","OK","Absolute","//body/div[@class='wrapper-page']/header/div/div/div/div/section[1]/div/div/div/section[1]/div/div[1]/div/div[1]/div/div/div/a","Header","HTML","341309","65671"
"Hyperlink","https://irishealing.com/sarah-sabag/","https://irishealing.com/","","","True","","","200","OK","Absolute","//body/div[@class='wrapper-page']/header/div/div/div/div/section[2]/div/div[1]/div/div/div/a","Header","HTML","341309","65671"
"Hyperlink","https://irishealing.com/sarah-sabag/","https://irishealing.com/","Home","","True","","","200","OK","Absolute","//body/div[@class='wrapper-page']/div/section/div/div/div/div/div/div/div/div/div[1]/section[1]/div/div/div/div/div/div/div/div/div/div/div/ol/li[1]/a","Content","HTML","341309","65671"
"Hyperlink","https://irishealing.com/sarah-sabag/","https://irishealing.com/","","Home","True","","","200","OK","Absolute","//body/footer/div/div/section[2]/div/div[1]/div/div[1]/div/div/div/a","Footer","HTML","341309","65671"
"Hyperlink","https://irishealing.com/sarah-sabag/","https://irishealing.com/","","Iris Healing® – Luxury Addiction Treatment","True","","","200","OK","Absolute","//body/div[@class='canvas-mobile']/div/div[@class='top-canvas']/a[@class='logo-mm']","Content","HTML","341309","65671"
"Hyperlink","https://irishealing.com/blog/can-weed-be-laced-with-fentanyl/","https://irishealing.com/","","Home","True","","","200","OK","Absolute","//body/div[@class='wrapper-page']/header/div/div/div/div/section[1]/div/div/div/section[1]/div/div[1]/div/div[1]/div/div/div/a","Header","HTML","341309","65671"
"Hyperlink","https://irishealing.com/blog/can-weed-be-laced-with-fentanyl/","https://irishealing.com/","","","True","","","200","OK","Absolute","//body/div[@class='wrapper-page']/header/div/div/div/div/section[2]/div/div[1]/div/div/div/a","Header","HTML","341309","65671"
"Hyperlink","https://irishealing.com/blog/can-weed-be-laced-with-fentanyl/","https://irishealing.com/","Home","","True","","","200","OK","Absolute","//body/div[@class='wrapper-page']/div/section/div/div/div/div/div[1]/div[@class='breadcrumb-main']/div/div/ol/li[1]/a","Content","HTML","341309","65671"
"Hyperlink","https://irishealing.com/blog/can-weed-be-laced-with-fentanyl/","https://irishealing.com/","","Home","True","","","200","OK","Absolute","//body/footer/div/div/section[2]/div/div[1]/div/div[1]/div/div/div/a","Footer","HTML","341309","65671"
"Hyperlink","https://irishealing.com/blog/can-weed-be-laced-with-fentanyl/","https://irishealing.com/","","Iris Healing® – Luxury Addiction Treatment","True","","","200","OK","Absolute","//body/div[@class='canvas-mobile']/div/div[@class='top-canvas']/a[@class='logo-mm']","Content","HTML","341309","65671"
"Hyperlink","https://irishealing.com/blog/peace-harmony-silencing-impulses/","https://irishealing.com/","","Home","True","","","200","OK","Absolute","//body/div[@class='wrapper-page']/header/div/div/div/div/section[1]/div/div/div/section[1]/div/div[1]/div/div[1]/div/div/div/a","Header","HTML","341309","65671"
"Hyperlink","https://irishealing.com/blog/peace-harmony-silencing-impulses/","https://irishealing.com/","","","True","","","200","OK","Absolute","//body/div[@class='wrapper-page']/header/div/div/div/div/section[2]/div/div[1]/div/div/div/a","Header","HTML","341309","65671"
"Hyperlink","https://irishealing.com/blog/peace-harmony-silencing-impulses/","https://irishealing.com/","Home","","True","","","200","OK","Absolute","//body/div[@class='wrapper-page']/div/section/div/div/div/div/div[1]/div[@class='breadcrumb-main']/div/div/ol/li[1]/a","Content","HTML","341309","65671"
"Hyperlink","https://irishealing.com/blog/peace-harmony-silencing-impulses/","https://irishealing.com/","","Home","True","","","200","OK","Absolute","//body/footer/div/div/section[2]/div/div[1]/div/div[1]/div/div/div/a","Footer","HTML","341309","65671"
"Hyperlink","https://irishealing.com/blog/peace-harmony-silencing-impulses/","https://irishealing.com/","","Iris Healing® – Luxury Addiction Treatment","True","","","200","OK","Absolute","//body/div[@class='canvas-mobile']/div/div[@class='top-canvas']/a[@class='logo-mm']","Content","HTML","341309","65671"
"Hyperlink","https://irishealing.com/blog/what-our-healing-retreat-centers-for-addiction-offer/","https://irishealing.com/","","Home","True","","","200","OK","Absolute","//body/div[@class='wrapper-page']/header/div/div/div/div/section[1]/div/div/div/section[1]/div/div[1]/div/div[1]/div/div/div/a","Header","HTML","341309","65671"
"Hyperlink","https://irishealing.com/blog/what-our-healing-retreat-centers-for-addiction-offer/","https://irishealing.com/","","","True","","","200","OK","Absolute","//body/div[@class='wrapper-page']/header/div/div/div/div/section[2]/div/div[1]/div/div/div/a","Header","HTML","341309","65671"
"Hyperlink","https://irishealing.com/blog/what-our-healing-retreat-centers-for-addiction-offer/","https://irishealing.com/","Home","","True","","","200","OK","Absolute","//body/div[@class='wrapper-page']/div/section/div/div/div/div/div[1]/div[@class='breadcrumb-main']/div/div/ol/li[1]/a","Content","HTML","341309","65671"
"Hyperlink","https://irishealing.com/blog/what-our-healing-retreat-centers-for-addiction-offer/","https://irishealing.com/","","Home","True","","","200","OK","Absolute","//body/footer/div/div/section[2]/div/div[1]/div/div[1]/div/div/div/a","Footer","HTML","341309","65671"
"Hyperlink","https://irishealing.com/blog/what-our-healing-retreat-centers-for-addiction-offer/","https://irishealing.com/","","Iris Healing® – Luxury Addiction Treatment","True","","","200","OK","Absolute","//body/div[@class='canvas-mobile']/div/div[@class='top-canvas']/a[@class='logo-mm']","Content","HTML","341309","65671"
"Hyperlink","https://irishealing.com/blog/dual-diagnosis-treatment-centers/","https://irishealing.com/","","Home","True","","","200","OK","Absolute","//body/div[@class='wrapper-page']/header/div/div/div/div/section[1]/div/div/div/section[1]/div/div[1]/div/div[1]/div/div/div/a","Header","HTML","341309","65671"
"Hyperlink","https://irishealing.com/blog/dual-diagnosis-treatment-centers/","https://irishealing.com/","","","True","","","200","OK","Absolute","//body/div[@class='wrapper-page']/header/div/div/div/div/section[2]/div/div[1]/div/div/div/a","Header","HTML","341309","65671"
"Hyperlink","https://irishealing.com/blog/dual-diagnosis-treatment-centers/","https://irishealing.com/","Home","","True","","","200","OK","Absolute","//body/div[@class='wrapper-page']/div/section/div/div/div/div/div[1]/div[@class='breadcrumb-main']/div/div/ol/li[1]/a","Content","HTML","341309","65671"
"Hyperlink","https://irishealing.com/blog/dual-diagnosis-treatment-centers/","https://irishealing.com/","","Home","True","","","200","OK","Absolute","//body/footer/div/div/section[2]/div/div[1]/div/div[1]/div/div/div/a","Footer","HTML","341309","65671"
"Hyperlink","https://irishealing.com/blog/dual-diagnosis-treatment-centers/","https://irishealing.com/","","Iris Healing® – Luxury Addiction Treatment","True","","","200","OK","Absolute","//body/div[@class='canvas-mobile']/div/div[@class='top-canvas']/a[@class='logo-mm']","Content","HTML","341309","65671"
"Hyperlink","https://irishealing.com/blog/when-is-mental-health-awareness-month/","https://irishealing.com/","","Home","True","","","200","OK","Absolute","//body/div[@class='wrapper-page']/header/div/div/div/div/section[1]/div/div/div/section[1]/div/div[1]/div/div[1]/div/div/div/a","Header","HTML","341309","65671"
"Hyperlink","https://irishealing.com/blog/when-is-mental-health-awareness-month/","https://irishealing.com/","","","True","","","200","OK","Absolute","//body/div[@class='wrapper-page']/header/div/div/div/div/section[2]/div/div[1]/div/div/div/a","Header","HTML","341309","65671"
"Hyperlink","https://irishealing.com/blog/when-is-mental-health-awareness-month/","https://irishealing.com/","Home","","True","","","200","OK","Absolute","//body/div[@class='wrapper-page']/div/section/div/div/div/div/div[1]/div[@class='breadcrumb-main']/div/div/ol/li[1]/a","Content","HTML","341309","65671"
"Hyperlink","https://irishealing.com/blog/when-is-mental-health-awareness-month/","https://irishealing.com/","","Home","True","","","200","OK","Absolute","//body/footer/div/div/section[2]/div/div[1]/div/div[1]/div/div/div/a","Footer","HTML","341309","65671"
"Hyperlink","https://irishealing.com/blog/when-is-mental-health-awareness-month/","https://irishealing.com/","","Iris Healing® – Luxury Addiction Treatment","True","","","200","OK","Absolute","//body/div[@class='canvas-mobile']/div/div[@class='top-canvas']/a[@class='logo-mm']","Content","HTML","341309","65671"
"Hyperlink","https://irishealing.com/blog/healing-sound-therapy/","https://irishealing.com/","","Home","True","","","200","OK","Absolute","//body/div[@class='wrapper-page']/header/div/div/div/div/section[1]/div/div/div/section[1]/div/div[1]/div/div[1]/div/div/div/a","Header","HTML","341309","65671"
"Hyperlink","https://irishealing.com/blog/healing-sound-therapy/","https://irishealing.com/","","","True","","","200","OK","Absolute","//body/div[@class='wrapper-page']/header/div/div/div/div/section[2]/div/div[1]/div/div/div/a","Header","HTML","341309","65671"
"Hyperlink","https://irishealing.com/blog/healing-sound-therapy/","https://irishealing.com/","Home","","True","","","200","OK","Absolute","//body/div[@class='wrapper-page']/div/section/div/div/div/div/div[1]/div[@class='breadcrumb-main']/div/div/ol/li[1]/a","Content","HTML","341309","65671"
"Hyperlink","https://irishealing.com/blog/healing-sound-therapy/","https://irishealing.com/","","Home","True","","","200","OK","Absolute","//body/footer/div/div/section[2]/div/div[1]/div/div[1]/div/div/div/a","Footer","HTML","341309","65671"
"Hyperlink","https://irishealing.com/blog/healing-sound-therapy/","https://irishealing.com/","","Iris Healing® – Luxury Addiction Treatment","True","","","200","OK","Absolute","//body/div[@class='canvas-mobile']/div/div[@class='top-canvas']/a[@class='logo-mm']","Content","HTML","341309","65671"
"Hyperlink","https://irishealing.com/blog/motivational-interviewing/","https://irishealing.com/","","Home","True","","","200","OK","Absolute","//body/div[@class='wrapper-page']/header/div/div/div/div/section[1]/div/div/div/section[1]/div/div[1]/div/div[1]/div/div/div/a","Header","HTML","341309","65671"
"Hyperlink","https://irishealing.com/blog/motivational-interviewing/","https://irishealing.com/","","","True","","","200","OK","Absolute","//body/div[@class='wrapper-page']/header/div/div/div/div/section[2]/div/div[1]/div/div/div/a","Header","HTML","341309","65671"
"Hyperlink","https://irishealing.com/blog/motivational-interviewing/","https://irishealing.com/","Home","","True","","","200","OK","Absolute","//body/div[@class='wrapper-page']/div/section/div/div/div/div/div[1]/div[@class='breadcrumb-main']/div/div/ol/li[1]/a","Content","HTML","341309","65671"
"Hyperlink","https://irishealing.com/blog/motivational-interviewing/","https://irishealing.com/","","Home","True","","","200","OK","Absolute","//body/footer/div/div/section[2]/div/div[1]/div/div[1]/div/div/div/a","Footer","HTML","341309","65671"
"Hyperlink","https://irishealing.com/blog/motivational-interviewing/","https://irishealing.com/","","Iris Healing® – Luxury Addiction Treatment","True","","","200","OK","Absolute","//body/div[@class='canvas-mobile']/div/div[@class='top-canvas']/a[@class='logo-mm']","Content","HTML","341309","65671"
"Hyperlink","https://irishealing.com/blog/overcome-the-shadow-of-trauma-with-our-healing-recovery-programs/","https://irishealing.com/","","Home","True","","","200","OK","Absolute","//body/div[@class='wrapper-page']/header/div/div/div/div/section[1]/div/div/div/section[1]/div/div[1]/div/div[1]/div/div/div/a","Header","HTML","341309","65671"
"Hyperlink","https://irishealing.com/blog/overcome-the-shadow-of-trauma-with-our-healing-recovery-programs/","https://irishealing.com/","","","True","","","200","OK","Absolute","//body/div[@class='wrapper-page']/header/div/div/div/div/section[2]/div/div[1]/div/div/div/a","Header","HTML","341309","65671"
"Hyperlink","https://irishealing.com/blog/overcome-the-shadow-of-trauma-with-our-healing-recovery-programs/","https://irishealing.com/","Home","","True","","","200","OK","Absolute","//body/div[@class='wrapper-page']/div/section/div/div/div/div/div[1]/div[@class='breadcrumb-main']/div/div/ol/li[1]/a","Content","HTML","341309","65671"
"Hyperlink","https://irishealing.com/blog/overcome-the-shadow-of-trauma-with-our-healing-recovery-programs/","https://irishealing.com/","","Home","True","","","200","OK","Absolute","//body/footer/div/div/section[2]/div/div[1]/div/div[1]/div/div/div/a","Footer","HTML","341309","65671"
"Hyperlink","https://irishealing.com/blog/overcome-the-shadow-of-trauma-with-our-healing-recovery-programs/","https://irishealing.com/","","Iris Healing® – Luxury Addiction Treatment","True","","","200","OK","Absolute","//body/div[@class='canvas-mobile']/div/div[@class='top-canvas']/a[@class='logo-mm']","Content","HTML","341309","65671"
"Hyperlink","https://irishealing.com/blog/the-pros-and-cons-of-mental-health-retreat-centers/","https://irishealing.com/","","Home","True","","","200","OK","Absolute","//body/div[@class='wrapper-page']/header/div/div/div/div/section[1]/div/div/div/section[1]/div/div[1]/div/div[1]/div/div/div/a","Header","HTML","341309","65671"
"Hyperlink","https://irishealing.com/blog/the-pros-and-cons-of-mental-health-retreat-centers/","https://irishealing.com/","","","True","","","200","OK","Absolute","//body/div[@class='wrapper-page']/header/div/div/div/div/section[2]/div/div[1]/div/div/div/a","Header","HTML","341309","65671"
"Hyperlink","https://irishealing.com/blog/the-pros-and-cons-of-mental-health-retreat-centers/","https://irishealing.com/","Home","","True","","","200","OK","Absolute","//body/div[@class='wrapper-page']/div/section/div/div/div/div/div[1]/div[@class='breadcrumb-main']/div/div/ol/li[1]/a","Content","HTML","341309","65671"
"Hyperlink","https://irishealing.com/blog/the-pros-and-cons-of-mental-health-retreat-centers/","https://irishealing.com/","","Home","True","","","200","OK","Absolute","//body/footer/div/div/section[2]/div/div[1]/div/div[1]/div/div/div/a","Footer","HTML","341309","65671"
"Hyperlink","https://irishealing.com/blog/the-pros-and-cons-of-mental-health-retreat-centers/","https://irishealing.com/","","Iris Healing® – Luxury Addiction Treatment","True","","","200","OK","Absolute","//body/div[@class='canvas-mobile']/div/div[@class='top-canvas']/a[@class='logo-mm']","Content","HTML","341309","65671"
"Hyperlink","https://irishealing.com/blog/april-is-national-alcohol-awareness-month/","https://irishealing.com/","","Home","True","","","200","OK","Absolute","//body/div[@class='wrapper-page']/header/div/div/div/div/section[1]/div/div/div/section[1]/div/div[1]/div/div[1]/div/div/div/a","Header","HTML","341309","65671"
"Hyperlink","https://irishealing.com/blog/april-is-national-alcohol-awareness-month/","https://irishealing.com/","","","True","","","200","OK","Absolute","//body/div[@class='wrapper-page']/header/div/div/div/div/section[2]/div/div[1]/div/div/div/a","Header","HTML","341309","65671"
"Hyperlink","https://irishealing.com/blog/april-is-national-alcohol-awareness-month/","https://irishealing.com/","Home","","True","","","200","OK","Absolute","//body/div[@class='wrapper-page']/div/section/div/div/div/div/div[1]/div[@class='breadcrumb-main']/div/div/ol/li[1]/a","Content","HTML","341309","65671"
"Hyperlink","https://irishealing.com/blog/april-is-national-alcohol-awareness-month/","https://irishealing.com/","","Home","True","","","200","OK","Absolute","//body/footer/div/div/section[2]/div/div[1]/div/div[1]/div/div/div/a","Footer","HTML","341309","65671"
"Hyperlink","https://irishealing.com/blog/april-is-national-alcohol-awareness-month/","https://irishealing.com/","","Iris Healing® – Luxury Addiction Treatment","True","","","200","OK","Absolute","//body/div[@class='canvas-mobile']/div/div[@class='top-canvas']/a[@class='logo-mm']","Content","HTML","341309","65671"
"Hyperlink","https://irishealing.com/blog/tms-for-parkinsons/","https://irishealing.com/","","Home","True","","","200","OK","Absolute","//body/div[@class='wrapper-page']/header/div/div/div/div/section[1]/div/div/div/section[1]/div/div[1]/div/div[1]/div/div/div/a","Header","HTML","341309","65671"
"Hyperlink","https://irishealing.com/blog/tms-for-parkinsons/","https://irishealing.com/","","","True","","","200","OK","Absolute","//body/div[@class='wrapper-page']/header/div/div/div/div/section[2]/div/div[1]/div/div/div/a","Header","HTML","341309","65671"
"Hyperlink","https://irishealing.com/blog/tms-for-parkinsons/","https://irishealing.com/","Home","","True","","","200","OK","Absolute","//body/div[@class='wrapper-page']/div/section/div/div/div/div/div[1]/div[@class='breadcrumb-main']/div/div/ol/li[1]/a","Content","HTML","341309","65671"
"Hyperlink","https://irishealing.com/blog/tms-for-parkinsons/","https://irishealing.com/","","Home","True","","","200","OK","Absolute","//body/footer/div/div/section[2]/div/div[1]/div/div[1]/div/div/div/a","Footer","HTML","341309","65671"
"Hyperlink","https://irishealing.com/blog/tms-for-parkinsons/","https://irishealing.com/","","Iris Healing® – Luxury Addiction Treatment","True","","","200","OK","Absolute","//body/div[@class='canvas-mobile']/div/div[@class='top-canvas']/a[@class='logo-mm']","Content","HTML","341309","65671"
"Hyperlink","https://irishealing.com/blog/benefits-of-neurofeedback-training/","https://irishealing.com/","","Home","True","","","200","OK","Absolute","//body/div[@class='wrapper-page']/header/div/div/div/div/section[1]/div/div/div/section[1]/div/div[1]/div/div[1]/div/div/div/a","Header","HTML","341309","65671"
"Hyperlink","https://irishealing.com/blog/benefits-of-neurofeedback-training/","https://irishealing.com/","","","True","","","200","OK","Absolute","//body/div[@class='wrapper-page']/header/div/div/div/div/section[2]/div/div[1]/div/div/div/a","Header","HTML","341309","65671"
"Hyperlink","https://irishealing.com/blog/benefits-of-neurofeedback-training/","https://irishealing.com/","Home","","True","","","200","OK","Absolute","//body/div[@class='wrapper-page']/div/section/div/div/div/div/div[1]/div[@class='breadcrumb-main']/div/div/ol/li[1]/a","Content","HTML","341309","65671"
"Hyperlink","https://irishealing.com/blog/benefits-of-neurofeedback-training/","https://irishealing.com/","","Home","True","","","200","OK","Absolute","//body/footer/div/div/section[2]/div/div[1]/div/div[1]/div/div/div/a","Footer","HTML","341309","65671"
"Hyperlink","https://irishealing.com/blog/benefits-of-neurofeedback-training/","https://irishealing.com/","","Iris Healing® – Luxury Addiction Treatment","True","","","200","OK","Absolute","//body/div[@class='canvas-mobile']/div/div[@class='top-canvas']/a[@class='logo-mm']","Content","HTML","341309","65671"
"Hyperlink","https://irishealing.com/blog/effective-holistic-drug-rehab-in-los-angeles/","https://irishealing.com/","","Home","True","","","200","OK","Absolute","//body/div[@class='wrapper-page']/header/div/div/div/div/section[1]/div/div/div/section[1]/div/div[1]/div/div[1]/div/div/div/a","Header","HTML","341309","65671"
"Hyperlink","https://irishealing.com/blog/effective-holistic-drug-rehab-in-los-angeles/","https://irishealing.com/","","","True","","","200","OK","Absolute","//body/div[@class='wrapper-page']/header/div/div/div/div/section[2]/div/div[1]/div/div/div/a","Header","HTML","341309","65671"
"Hyperlink","https://irishealing.com/blog/effective-holistic-drug-rehab-in-los-angeles/","https://irishealing.com/","Home","","True","","","200","OK","Absolute","//body/div[@class='wrapper-page']/div/section/div/div/div/div/div[1]/div[@class='breadcrumb-main']/div/div/ol/li[1]/a","Content","HTML","341309","65671"
"Hyperlink","https://irishealing.com/blog/effective-holistic-drug-rehab-in-los-angeles/","https://irishealing.com/","","Home","True","","","200","OK","Absolute","//body/footer/div/div/section[2]/div/div[1]/div/div[1]/div/div/div/a","Footer","HTML","341309","65671"
"Hyperlink","https://irishealing.com/blog/effective-holistic-drug-rehab-in-los-angeles/","https://irishealing.com/","","Iris Healing® – Luxury Addiction Treatment","True","","","200","OK","Absolute","//body/div[@class='canvas-mobile']/div/div[@class='top-canvas']/a[@class='logo-mm']","Content","HTML","341309","65671"
"Hyperlink","https://irishealing.com/blog/klonopin-stay-in-your-system/","https://irishealing.com/","","Home","True","","","200","OK","Absolute","//body/div[@class='wrapper-page']/header/div/div/div/div/section[1]/div/div/div/section[1]/div/div[1]/div/div[1]/div/div/div/a","Header","HTML","341309","65671"
"Hyperlink","https://irishealing.com/blog/klonopin-stay-in-your-system/","https://irishealing.com/","","","True","","","200","OK","Absolute","//body/div[@class='wrapper-page']/header/div/div/div/div/section[2]/div/div[1]/div/div/div/a","Header","HTML","341309","65671"
"Hyperlink","https://irishealing.com/blog/klonopin-stay-in-your-system/","https://irishealing.com/","Home","","True","","","200","OK","Absolute","//body/div[@class='wrapper-page']/div/section/div/div/div/div/div[1]/div[@class='breadcrumb-main']/div/div/ol/li[1]/a","Content","HTML","341309","65671"
"Hyperlink","https://irishealing.com/blog/klonopin-stay-in-your-system/","https://irishealing.com/","","Home","True","","","200","OK","Absolute","//body/footer/div/div/section[2]/div/div[1]/div/div[1]/div/div/div/a","Footer","HTML","341309","65671"
"Hyperlink","https://irishealing.com/blog/klonopin-stay-in-your-system/","https://irishealing.com/","","Iris Healing® – Luxury Addiction Treatment","True","","","200","OK","Absolute","//body/div[@class='canvas-mobile']/div/div[@class='top-canvas']/a[@class='logo-mm']","Content","HTML","341309","65671"
"Hyperlink","https://irishealing.com/blog/morphine-sulfate-addiction-and-abuse/","https://irishealing.com/","","Home","True","","","200","OK","Absolute","//body/div[@class='wrapper-page']/header/div/div/div/div/section[1]/div/div/div/section[1]/div/div[1]/div/div[1]/div/div/div/a","Header","HTML","341309","65671"
"Hyperlink","https://irishealing.com/blog/morphine-sulfate-addiction-and-abuse/","https://irishealing.com/","","","True","","","200","OK","Absolute","//body/div[@class='wrapper-page']/header/div/div/div/div/section[2]/div/div[1]/div/div/div/a","Header","HTML","341309","65671"
"Hyperlink","https://irishealing.com/blog/morphine-sulfate-addiction-and-abuse/","https://irishealing.com/","Home","","True","","","200","OK","Absolute","//body/div[@class='wrapper-page']/div/section/div/div/div/div/div[1]/div[@class='breadcrumb-main']/div/div/ol/li[1]/a","Content","HTML","341309","65671"
"Hyperlink","https://irishealing.com/blog/morphine-sulfate-addiction-and-abuse/","https://irishealing.com/","","Home","True","","","200","OK","Absolute","//body/footer/div/div/section[2]/div/div[1]/div/div[1]/div/div/div/a","Footer","HTML","341309","65671"
"Hyperlink","https://irishealing.com/blog/morphine-sulfate-addiction-and-abuse/","https://irishealing.com/","","Iris Healing® – Luxury Addiction Treatment","True","","","200","OK","Absolute","//body/div[@class='canvas-mobile']/div/div[@class='top-canvas']/a[@class='logo-mm']","Content","HTML","341309","65671"
"Hyperlink","https://irishealing.com/blog/mental-health-counselor/","https://irishealing.com/","","Home","True","","","200","OK","Absolute","//body/div[@class='wrapper-page']/header/div/div/div/div/section[1]/div/div/div/section[1]/div/div[1]/div/div[1]/div/div/div/a","Header","HTML","341309","65671"
"Hyperlink","https://irishealing.com/blog/mental-health-counselor/","https://irishealing.com/","","","True","","","200","OK","Absolute","//body/div[@class='wrapper-page']/header/div/div/div/div/section[2]/div/div[1]/div/div/div/a","Header","HTML","341309","65671"
"Hyperlink","https://irishealing.com/blog/mental-health-counselor/","https://irishealing.com/","Home","","True","","","200","OK","Absolute","//body/div[@class='wrapper-page']/div/section/div/div/div/div/div[1]/div[@class='breadcrumb-main']/div/div/ol/li[1]/a","Content","HTML","341309","65671"
"Hyperlink","https://irishealing.com/blog/mental-health-counselor/","https://irishealing.com/","","Home","True","","","200","OK","Absolute","//body/footer/div/div/section[2]/div/div[1]/div/div[1]/div/div/div/a","Footer","HTML","341309","65671"
"Hyperlink","https://irishealing.com/blog/mental-health-counselor/","https://irishealing.com/","","Iris Healing® – Luxury Addiction Treatment","True","","","200","OK","Absolute","//body/div[@class='canvas-mobile']/div/div[@class='top-canvas']/a[@class='logo-mm']","Content","HTML","341309","65671"
"Hyperlink","https://irishealing.com/rehabilitation-center-for-depression/","https://irishealing.com/","","Home","True","","","200","OK","Absolute","//body/div[@class='wrapper-page']/header/div/div/div/div/section[1]/div/div/div/section[1]/div/div[1]/div/div[1]/div/div/div/a","Header","HTML","341309","65671"
"Hyperlink","https://irishealing.com/rehabilitation-center-for-depression/","https://irishealing.com/","","","True","","","200","OK","Absolute","//body/div[@class='wrapper-page']/header/div/div/div/div/section[2]/div/div[1]/div/div/div/a","Header","HTML","341309","65671"
"Hyperlink","https://irishealing.com/rehabilitation-center-for-depression/","https://irishealing.com/","Home","","True","","","200","OK","Absolute","//body/div[@class='wrapper-page']/div/div/section[1]/div/div/div/div/div/div/div/div/div[@class='breadcrumb-main']/div/div/ol/li[1]/a","Content","HTML","341309","65671"
"Hyperlink","https://irishealing.com/rehabilitation-center-for-depression/","https://irishealing.com/","","Home","True","","","200","OK","Absolute","//body/footer/div/div/section[2]/div/div[1]/div/div[1]/div/div/div/a","Footer","HTML","341309","65671"
"Hyperlink","https://irishealing.com/rehabilitation-center-for-depression/","https://irishealing.com/","","Iris Healing® – Luxury Addiction Treatment","True","","","200","OK","Absolute","//body/div[@class='canvas-mobile']/div/div[@class='top-canvas']/a[@class='logo-mm']","Content","HTML","341309","65671"
"Hyperlink","https://irishealing.com/blog/what-does-fentanyl-look-like/","https://irishealing.com/","","Home","True","","","200","OK","Absolute","//body/div[@class='wrapper-page']/header/div/div/div/div/section[1]/div/div/div/section[1]/div/div[1]/div/div[1]/div/div/div/a","Header","HTML","341309","65671"
"Hyperlink","https://irishealing.com/blog/what-does-fentanyl-look-like/","https://irishealing.com/","","","True","","","200","OK","Absolute","//body/div[@class='wrapper-page']/header/div/div/div/div/section[2]/div/div[1]/div/div/div/a","Header","HTML","341309","65671"
"Hyperlink","https://irishealing.com/blog/what-does-fentanyl-look-like/","https://irishealing.com/","Home","","True","","","200","OK","Absolute","//body/div[@class='wrapper-page']/div/section/div/div/div/div/div[1]/div[@class='breadcrumb-main']/div/div/ol/li[1]/a","Content","HTML","341309","65671"
"Hyperlink","https://irishealing.com/blog/what-does-fentanyl-look-like/","https://irishealing.com/","","Home","True","","","200","OK","Absolute","//body/footer/div/div/section[2]/div/div[1]/div/div[1]/div/div/div/a","Footer","HTML","341309","65671"
"Hyperlink","https://irishealing.com/blog/what-does-fentanyl-look-like/","https://irishealing.com/","","Iris Healing® – Luxury Addiction Treatment","True","","","200","OK","Absolute","//body/div[@class='canvas-mobile']/div/div[@class='top-canvas']/a[@class='logo-mm']","Content","HTML","341309","65671"
"Hyperlink","https://irishealing.com/blog/when-all-else-fails-holistic-depression-treatment-centers-now-offering-tms/","https://irishealing.com/","","Home","True","","","200","OK","Absolute","//body/div[@class='wrapper-page']/header/div/div/div/div/section[1]/div/div/div/section[1]/div/div[1]/div/div[1]/div/div/div/a","Header","HTML","341309","65671"
"Hyperlink","https://irishealing.com/blog/when-all-else-fails-holistic-depression-treatment-centers-now-offering-tms/","https://irishealing.com/","","","True","","","200","OK","Absolute","//body/div[@class='wrapper-page']/header/div/div/div/div/section[2]/div/div[1]/div/div/div/a","Header","HTML","341309","65671"
"Hyperlink","https://irishealing.com/blog/when-all-else-fails-holistic-depression-treatment-centers-now-offering-tms/","https://irishealing.com/","Home","","True","","","200","OK","Absolute","//body/div[@class='wrapper-page']/div/section/div/div/div/div/div[1]/div[@class='breadcrumb-main']/div/div/ol/li[1]/a","Content","HTML","341309","65671"
"Hyperlink","https://irishealing.com/blog/when-all-else-fails-holistic-depression-treatment-centers-now-offering-tms/","https://irishealing.com/","","Home","True","","","200","OK","Absolute","//body/footer/div/div/section[2]/div/div[1]/div/div[1]/div/div/div/a","Footer","HTML","341309","65671"
"Hyperlink","https://irishealing.com/blog/when-all-else-fails-holistic-depression-treatment-centers-now-offering-tms/","https://irishealing.com/","","Iris Healing® – Luxury Addiction Treatment","True","","","200","OK","Absolute","//body/div[@class='canvas-mobile']/div/div[@class='top-canvas']/a[@class='logo-mm']","Content","HTML","341309","65671"
"Hyperlink","https://irishealing.com/blog/holistic-rehab-to-make-yourself-whole-again/","https://irishealing.com/","","Home","True","","","200","OK","Absolute","//body/div[@class='wrapper-page']/header/div/div/div/div/section[1]/div/div/div/section[1]/div/div[1]/div/div[1]/div/div/div/a","Header","HTML","341309","65671"
"Hyperlink","https://irishealing.com/blog/holistic-rehab-to-make-yourself-whole-again/","https://irishealing.com/","","","True","","","200","OK","Absolute","//body/div[@class='wrapper-page']/header/div/div/div/div/section[2]/div/div[1]/div/div/div/a","Header","HTML","341309","65671"
"Hyperlink","https://irishealing.com/blog/holistic-rehab-to-make-yourself-whole-again/","https://irishealing.com/","Home","","True","","","200","OK","Absolute","//body/div[@class='wrapper-page']/div/section/div/div/div/div/div[1]/div[@class='breadcrumb-main']/div/div/ol/li[1]/a","Content","HTML","341309","65671"
"Hyperlink","https://irishealing.com/blog/holistic-rehab-to-make-yourself-whole-again/","https://irishealing.com/","","Home","True","","","200","OK","Absolute","//body/footer/div/div/section[2]/div/div[1]/div/div[1]/div/div/div/a","Footer","HTML","341309","65671"
"Hyperlink","https://irishealing.com/blog/holistic-rehab-to-make-yourself-whole-again/","https://irishealing.com/","","Iris Healing® – Luxury Addiction Treatment","True","","","200","OK","Absolute","//body/div[@class='canvas-mobile']/div/div[@class='top-canvas']/a[@class='logo-mm']","Content","HTML","341309","65671"
"Hyperlink","https://irishealing.com/blog/trauma-healing-retreat-using-experiential-therapy-to-combat-addiction/","https://irishealing.com/","","Home","True","","","200","OK","Absolute","//body/div[@class='wrapper-page']/header/div/div/div/div/section[1]/div/div/div/section[1]/div/div[1]/div/div[1]/div/div/div/a","Header","HTML","341309","65671"
"Hyperlink","https://irishealing.com/blog/trauma-healing-retreat-using-experiential-therapy-to-combat-addiction/","https://irishealing.com/","","","True","","","200","OK","Absolute","//body/div[@class='wrapper-page']/header/div/div/div/div/section[2]/div/div[1]/div/div/div/a","Header","HTML","341309","65671"
"Hyperlink","https://irishealing.com/blog/trauma-healing-retreat-using-experiential-therapy-to-combat-addiction/","https://irishealing.com/","Home","","True","","","200","OK","Absolute","//body/div[@class='wrapper-page']/div/section/div/div/div/div/div[1]/div[@class='breadcrumb-main']/div/div/ol/li[1]/a","Content","HTML","341309","65671"
"Hyperlink","https://irishealing.com/blog/trauma-healing-retreat-using-experiential-therapy-to-combat-addiction/","https://irishealing.com/","","Home","True","","","200","OK","Absolute","//body/footer/div/div/section[2]/div/div[1]/div/div[1]/div/div/div/a","Footer","HTML","341309","65671"
"Hyperlink","https://irishealing.com/blog/trauma-healing-retreat-using-experiential-therapy-to-combat-addiction/","https://irishealing.com/","","Iris Healing® – Luxury Addiction Treatment","True","","","200","OK","Absolute","//body/div[@class='canvas-mobile']/div/div[@class='top-canvas']/a[@class='logo-mm']","Content","HTML","341309","65671"
"Hyperlink","https://irishealing.com/blog/rehab-for-teens/","https://irishealing.com/","","Home","True","","","200","OK","Absolute","//body/div[@class='wrapper-page']/header/div/div/div/div/section[1]/div/div/div/section[1]/div/div[1]/div/div[1]/div/div/div/a","Header","HTML","341309","65671"
"Hyperlink","https://irishealing.com/blog/rehab-for-teens/","https://irishealing.com/","","","True","","","200","OK","Absolute","//body/div[@class='wrapper-page']/header/div/div/div/div/section[2]/div/div[1]/div/div/div/a","Header","HTML","341309","65671"
"Hyperlink","https://irishealing.com/blog/rehab-for-teens/","https://irishealing.com/","Home","","True","","","200","OK","Absolute","//body/div[@class='wrapper-page']/div/section/div/div/div/div/div[1]/div[@class='breadcrumb-main']/div/div/ol/li[1]/a","Content","HTML","341309","65671"
"Hyperlink","https://irishealing.com/blog/rehab-for-teens/","https://irishealing.com/","","Home","True","","","200","OK","Absolute","//body/footer/div/div/section[2]/div/div[1]/div/div[1]/div/div/div/a","Footer","HTML","341309","65671"
"Hyperlink","https://irishealing.com/blog/rehab-for-teens/","https://irishealing.com/","","Iris Healing® – Luxury Addiction Treatment","True","","","200","OK","Absolute","//body/div[@class='canvas-mobile']/div/div[@class='top-canvas']/a[@class='logo-mm']","Content","HTML","341309","65671"
"Hyperlink","https://irishealing.com/blog/spiritual-rehabilitation-retreat/","https://irishealing.com/","","Home","True","","","200","OK","Absolute","//body/div[@class='wrapper-page']/header/div/div/div/div/section[1]/div/div/div/section[1]/div/div[1]/div/div[1]/div/div/div/a","Header","HTML","341309","65671"
"Hyperlink","https://irishealing.com/blog/spiritual-rehabilitation-retreat/","https://irishealing.com/","","","True","","","200","OK","Absolute","//body/div[@class='wrapper-page']/header/div/div/div/div/section[2]/div/div[1]/div/div/div/a","Header","HTML","341309","65671"
"Hyperlink","https://irishealing.com/blog/spiritual-rehabilitation-retreat/","https://irishealing.com/","Home","","True","","","200","OK","Absolute","//body/div[@class='wrapper-page']/div/section/div/div/div/div/div[1]/div[@class='breadcrumb-main']/div/div/ol/li[1]/a","Content","HTML","341309","65671"
"Hyperlink","https://irishealing.com/blog/spiritual-rehabilitation-retreat/","https://irishealing.com/","","Home","True","","","200","OK","Absolute","//body/footer/div/div/section[2]/div/div[1]/div/div[1]/div/div/div/a","Footer","HTML","341309","65671"
"Hyperlink","https://irishealing.com/blog/spiritual-rehabilitation-retreat/","https://irishealing.com/","","Iris Healing® – Luxury Addiction Treatment","True","","","200","OK","Absolute","//body/div[@class='canvas-mobile']/div/div[@class='top-canvas']/a[@class='logo-mm']","Content","HTML","341309","65671"
"Hyperlink","https://irishealing.com/blog/elena-kapustina-phenomenal-woman-award/","https://irishealing.com/","","Home","True","","","200","OK","Absolute","//body/div[@class='wrapper-page']/header/div/div/div/div/section[1]/div/div/div/section[1]/div/div[1]/div/div[1]/div/div/div/a","Header","HTML","341309","65671"
"Hyperlink","https://irishealing.com/blog/elena-kapustina-phenomenal-woman-award/","https://irishealing.com/","","","True","","","200","OK","Absolute","//body/div[@class='wrapper-page']/header/div/div/div/div/section[2]/div/div[1]/div/div/div/a","Header","HTML","341309","65671"
"Hyperlink","https://irishealing.com/blog/elena-kapustina-phenomenal-woman-award/","https://irishealing.com/","Home","","True","","","200","OK","Absolute","//body/div[@class='wrapper-page']/div/section/div/div/div/div/div[1]/div[@class='breadcrumb-main']/div/div/ol/li[1]/a","Content","HTML","341309","65671"
"Hyperlink","https://irishealing.com/blog/elena-kapustina-phenomenal-woman-award/","https://irishealing.com/","","Home","True","","","200","OK","Absolute","//body/footer/div/div/section[2]/div/div[1]/div/div[1]/div/div/div/a","Footer","HTML","341309","65671"
"Hyperlink","https://irishealing.com/blog/elena-kapustina-phenomenal-woman-award/","https://irishealing.com/","","Iris Healing® – Luxury Addiction Treatment","True","","","200","OK","Absolute","//body/div[@class='canvas-mobile']/div/div[@class='top-canvas']/a[@class='logo-mm']","Content","HTML","341309","65671"
"Hyperlink","https://irishealing.com/blog/facing-trauma-during-treatment/","https://irishealing.com/","","Home","True","","","200","OK","Absolute","//body/div[@class='wrapper-page']/header/div/div/div/div/section[1]/div/div/div/section[1]/div/div[1]/div/div[1]/div/div/div/a","Header","HTML","341309","65671"
"Hyperlink","https://irishealing.com/blog/facing-trauma-during-treatment/","https://irishealing.com/","","","True","","","200","OK","Absolute","//body/div[@class='wrapper-page']/header/div/div/div/div/section[2]/div/div[1]/div/div/div/a","Header","HTML","341309","65671"
"Hyperlink","https://irishealing.com/blog/facing-trauma-during-treatment/","https://irishealing.com/","Home","","True","","","200","OK","Absolute","//body/div[@class='wrapper-page']/div/section/div/div/div/div/div[1]/div[@class='breadcrumb-main']/div/div/ol/li[1]/a","Content","HTML","341309","65671"
"Hyperlink","https://irishealing.com/blog/facing-trauma-during-treatment/","https://irishealing.com/","","Home","True","","","200","OK","Absolute","//body/footer/div/div/section[2]/div/div[1]/div/div[1]/div/div/div/a","Footer","HTML","341309","65671"
"Hyperlink","https://irishealing.com/blog/facing-trauma-during-treatment/","https://irishealing.com/","","Iris Healing® – Luxury Addiction Treatment","True","","","200","OK","Absolute","//body/div[@class='canvas-mobile']/div/div[@class='top-canvas']/a[@class='logo-mm']","Content","HTML","341309","65671"
"Hyperlink","https://irishealing.com/blog/addiction-in-tech-companies/","https://irishealing.com/","","Home","True","","","200","OK","Absolute","//body/div[@class='wrapper-page']/header/div/div/div/div/section[1]/div/div/div/section[1]/div/div[1]/div/div[1]/div/div/div/a","Header","HTML","341309","65671"
"Hyperlink","https://irishealing.com/blog/addiction-in-tech-companies/","https://irishealing.com/","","","True","","","200","OK","Absolute","//body/div[@class='wrapper-page']/header/div/div/div/div/section[2]/div/div[1]/div/div/div/a","Header","HTML","341309","65671"
"Hyperlink","https://irishealing.com/blog/addiction-in-tech-companies/","https://irishealing.com/","Home","","True","","","200","OK","Absolute","//body/div[@class='wrapper-page']/div/section/div/div/div/div/div[1]/div[@class='breadcrumb-main']/div/div/ol/li[1]/a","Content","HTML","341309","65671"
"Hyperlink","https://irishealing.com/blog/addiction-in-tech-companies/","https://irishealing.com/","","Home","True","","","200","OK","Absolute","//body/footer/div/div/section[2]/div/div[1]/div/div[1]/div/div/div/a","Footer","HTML","341309","65671"
"Hyperlink","https://irishealing.com/blog/addiction-in-tech-companies/","https://irishealing.com/","","Iris Healing® – Luxury Addiction Treatment","True","","","200","OK","Absolute","//body/div[@class='canvas-mobile']/div/div[@class='top-canvas']/a[@class='logo-mm']","Content","HTML","341309","65671"
"Hyperlink","https://irishealing.com/blog/when-holistic-rehab-is-necessary/","https://irishealing.com/","","Home","True","","","200","OK","Absolute","//body/div[@class='wrapper-page']/header/div/div/div/div/section[1]/div/div/div/section[1]/div/div[1]/div/div[1]/div/div/div/a","Header","HTML","341309","65671"
"Hyperlink","https://irishealing.com/blog/when-holistic-rehab-is-necessary/","https://irishealing.com/","","","True","","","200","OK","Absolute","//body/div[@class='wrapper-page']/header/div/div/div/div/section[2]/div/div[1]/div/div/div/a","Header","HTML","341309","65671"
"Hyperlink","https://irishealing.com/blog/when-holistic-rehab-is-necessary/","https://irishealing.com/","Home","","True","","","200","OK","Absolute","//body/div[@class='wrapper-page']/div/section/div/div/div/div/div[1]/div[@class='breadcrumb-main']/div/div/ol/li[1]/a","Content","HTML","341309","65671"
"Hyperlink","https://irishealing.com/blog/when-holistic-rehab-is-necessary/","https://irishealing.com/","","Home","True","","","200","OK","Absolute","//body/footer/div/div/section[2]/div/div[1]/div/div[1]/div/div/div/a","Footer","HTML","341309","65671"
"Hyperlink","https://irishealing.com/blog/when-holistic-rehab-is-necessary/","https://irishealing.com/","","Iris Healing® – Luxury Addiction Treatment","True","","","200","OK","Absolute","//body/div[@class='canvas-mobile']/div/div[@class='top-canvas']/a[@class='logo-mm']","Content","HTML","341309","65671"
"Hyperlink","https://irishealing.com/blog/how-to-stop-drinking-alcohol/","https://irishealing.com/","","Home","True","","","200","OK","Absolute","//body/div[@class='wrapper-page']/header/div/div/div/div/section[1]/div/div/div/section[1]/div/div[1]/div/div[1]/div/div/div/a","Header","HTML","341309","65671"
"Hyperlink","https://irishealing.com/blog/how-to-stop-drinking-alcohol/","https://irishealing.com/","","","True","","","200","OK","Absolute","//body/div[@class='wrapper-page']/header/div/div/div/div/section[2]/div/div[1]/div/div/div/a","Header","HTML","341309","65671"
"Hyperlink","https://irishealing.com/blog/how-to-stop-drinking-alcohol/","https://irishealing.com/","Home","","True","","","200","OK","Absolute","//body/div[@class='wrapper-page']/div/section/div/div/div/div/div[1]/div[@class='breadcrumb-main']/div/div/ol/li[1]/a","Content","HTML","341309","65671"
"Hyperlink","https://irishealing.com/blog/how-to-stop-drinking-alcohol/","https://irishealing.com/","","Home","True","","","200","OK","Absolute","//body/footer/div/div/section[2]/div/div[1]/div/div[1]/div/div/div/a","Footer","HTML","341309","65671"
"Hyperlink","https://irishealing.com/blog/how-to-stop-drinking-alcohol/","https://irishealing.com/","","Iris Healing® – Luxury Addiction Treatment","True","","","200","OK","Absolute","//body/div[@class='canvas-mobile']/div/div[@class='top-canvas']/a[@class='logo-mm']","Content","HTML","341309","65671"
"Hyperlink","https://irishealing.com/blog/what-is-the-difference-between-stress-and-depression/","https://irishealing.com/","","Home","True","","","200","OK","Absolute","//body/div[@class='wrapper-page']/header/div/div/div/div/section[1]/div/div/div/section[1]/div/div[1]/div/div[1]/div/div/div/a","Header","HTML","341309","65671"
"Hyperlink","https://irishealing.com/blog/what-is-the-difference-between-stress-and-depression/","https://irishealing.com/","","","True","","","200","OK","Absolute","//body/div[@class='wrapper-page']/header/div/div/div/div/section[2]/div/div[1]/div/div/div/a","Header","HTML","341309","65671"
"Hyperlink","https://irishealing.com/blog/what-is-the-difference-between-stress-and-depression/","https://irishealing.com/","Home","","True","","","200","OK","Absolute","//body/div[@class='wrapper-page']/div/section/div/div/div/div/div[1]/div[@class='breadcrumb-main']/div/div/ol/li[1]/a","Content","HTML","341309","65671"
"Hyperlink","https://irishealing.com/blog/what-is-the-difference-between-stress-and-depression/","https://irishealing.com/","","Home","True","","","200","OK","Absolute","//body/footer/div/div/section[2]/div/div[1]/div/div[1]/div/div/div/a","Footer","HTML","341309","65671"
"Hyperlink","https://irishealing.com/blog/what-is-the-difference-between-stress-and-depression/","https://irishealing.com/","","Iris Healing® – Luxury Addiction Treatment","True","","","200","OK","Absolute","//body/div[@class='canvas-mobile']/div/div[@class='top-canvas']/a[@class='logo-mm']","Content","HTML","341309","65671"
"Hyperlink","https://irishealing.com/blog/what-are-intrusive-thoughts/","https://irishealing.com/","","Home","True","","","200","OK","Absolute","//body/div[@class='wrapper-page']/header/div/div/div/div/section[1]/div/div/div/section[1]/div/div[1]/div/div[1]/div/div/div/a","Header","HTML","341309","65671"
"Hyperlink","https://irishealing.com/blog/what-are-intrusive-thoughts/","https://irishealing.com/","","","True","","","200","OK","Absolute","//body/div[@class='wrapper-page']/header/div/div/div/div/section[2]/div/div[1]/div/div/div/a","Header","HTML","341309","65671"
"Hyperlink","https://irishealing.com/blog/what-are-intrusive-thoughts/","https://irishealing.com/","Home","","True","","","200","OK","Absolute","//body/div[@class='wrapper-page']/div/section/div/div/div/div/div[1]/div[@class='breadcrumb-main']/div/div/ol/li[1]/a","Content","HTML","341309","65671"
"Hyperlink","https://irishealing.com/blog/what-are-intrusive-thoughts/","https://irishealing.com/","","Home","True","","","200","OK","Absolute","//body/footer/div/div/section[2]/div/div[1]/div/div[1]/div/div/div/a","Footer","HTML","341309","65671"
"Hyperlink","https://irishealing.com/blog/what-are-intrusive-thoughts/","https://irishealing.com/","","Iris Healing® – Luxury Addiction Treatment","True","","","200","OK","Absolute","//body/div[@class='canvas-mobile']/div/div[@class='top-canvas']/a[@class='logo-mm']","Content","HTML","341309","65671"
"Hyperlink","https://irishealing.com/blog/hallmarks-physical-dependence-alcohol/","https://irishealing.com/","","Home","True","","","200","OK","Absolute","//body/div[@class='wrapper-page']/header/div/div/div/div/section[1]/div/div/div/section[1]/div/div[1]/div/div[1]/div/div/div/a","Header","HTML","341309","65671"
"Hyperlink","https://irishealing.com/blog/hallmarks-physical-dependence-alcohol/","https://irishealing.com/","","","True","","","200","OK","Absolute","//body/div[@class='wrapper-page']/header/div/div/div/div/section[2]/div/div[1]/div/div/div/a","Header","HTML","341309","65671"
"Hyperlink","https://irishealing.com/blog/hallmarks-physical-dependence-alcohol/","https://irishealing.com/","Home","","True","","","200","OK","Absolute","//body/div[@class='wrapper-page']/div/section/div/div/div/div/div[1]/div[@class='breadcrumb-main']/div/div/ol/li[1]/a","Content","HTML","341309","65671"
"Hyperlink","https://irishealing.com/blog/hallmarks-physical-dependence-alcohol/","https://irishealing.com/","","Home","True","","","200","OK","Absolute","//body/footer/div/div/section[2]/div/div[1]/div/div[1]/div/div/div/a","Footer","HTML","341309","65671"
"Hyperlink","https://irishealing.com/blog/hallmarks-physical-dependence-alcohol/","https://irishealing.com/","","Iris Healing® – Luxury Addiction Treatment","True","","","200","OK","Absolute","//body/div[@class='canvas-mobile']/div/div[@class='top-canvas']/a[@class='logo-mm']","Content","HTML","341309","65671"
"Hyperlink","https://irishealing.com/blog/list-of-emotions-and-feelings/","https://irishealing.com/","","Home","True","","","200","OK","Absolute","//body/div[@class='wrapper-page']/header/div/div/div/div/section[1]/div/div/div/section[1]/div/div[1]/div/div[1]/div/div/div/a","Header","HTML","341309","65671"
"Hyperlink","https://irishealing.com/blog/list-of-emotions-and-feelings/","https://irishealing.com/","","","True","","","200","OK","Absolute","//body/div[@class='wrapper-page']/header/div/div/div/div/section[2]/div/div[1]/div/div/div/a","Header","HTML","341309","65671"
"Hyperlink","https://irishealing.com/blog/list-of-emotions-and-feelings/","https://irishealing.com/","Home","","True","","","200","OK","Absolute","//body/div[@class='wrapper-page']/div/section/div/div/div/div/div[1]/div[@class='breadcrumb-main']/div/div/ol/li[1]/a","Content","HTML","341309","65671"
"Hyperlink","https://irishealing.com/blog/list-of-emotions-and-feelings/","https://irishealing.com/","","Home","True","","","200","OK","Absolute","//body/footer/div/div/section[2]/div/div[1]/div/div[1]/div/div/div/a","Footer","HTML","341309","65671"
"Hyperlink","https://irishealing.com/blog/list-of-emotions-and-feelings/","https://irishealing.com/","","Iris Healing® – Luxury Addiction Treatment","True","","","200","OK","Absolute","//body/div[@class='canvas-mobile']/div/div[@class='top-canvas']/a[@class='logo-mm']","Content","HTML","341309","65671"
"Hyperlink","https://irishealing.com/blog/long-term-side-effects-of-klonopin/","https://irishealing.com/","","Home","True","","","200","OK","Absolute","//body/div[@class='wrapper-page']/header/div/div/div/div/section[1]/div/div/div/section[1]/div/div[1]/div/div[1]/div/div/div/a","Header","HTML","341309","65671"
"Hyperlink","https://irishealing.com/blog/long-term-side-effects-of-klonopin/","https://irishealing.com/","","","True","","","200","OK","Absolute","//body/div[@class='wrapper-page']/header/div/div/div/div/section[2]/div/div[1]/div/div/div/a","Header","HTML","341309","65671"
"Hyperlink","https://irishealing.com/blog/long-term-side-effects-of-klonopin/","https://irishealing.com/","Home","","True","","","200","OK","Absolute","//body/div[@class='wrapper-page']/div/section/div/div/div/div/div[1]/div[@class='breadcrumb-main']/div/div/ol/li[1]/a","Content","HTML","341309","65671"
"Hyperlink","https://irishealing.com/blog/long-term-side-effects-of-klonopin/","https://irishealing.com/","","Home","True","","","200","OK","Absolute","//body/footer/div/div/section[2]/div/div[1]/div/div[1]/div/div/div/a","Footer","HTML","341309","65671"
"Hyperlink","https://irishealing.com/blog/long-term-side-effects-of-klonopin/","https://irishealing.com/","","Iris Healing® – Luxury Addiction Treatment","True","","","200","OK","Absolute","//body/div[@class='canvas-mobile']/div/div[@class='top-canvas']/a[@class='logo-mm']","Content","HTML","341309","65671"
"Hyperlink","https://irishealing.com/credit-card-authorization/","https://irishealing.com/","","Home","True","","","200","OK","Absolute","//body/div[@class='wrapper-page']/header/div/div/div/div/section[1]/div/div/div/section[1]/div/div[1]/div/div[1]/div/div/div/a","Header","HTML","341309","65671"
"Hyperlink","https://irishealing.com/credit-card-authorization/","https://irishealing.com/","","","True","","","200","OK","Absolute","//body/div[@class='wrapper-page']/header/div/div/div/div/section[2]/div/div[1]/div/div/div/a","Header","HTML","341309","65671"
"Hyperlink","https://irishealing.com/credit-card-authorization/","https://irishealing.com/","Home","","True","","","200","OK","Absolute","//body/div[@class='wrapper-page']/div/section/div/div/div/div/div/div/div/div/div[1]/section[1]/div/div/div/div/div/div/div/div/div/div/div/ol/li[1]/a","Content","HTML","341309","65671"
"Hyperlink","https://irishealing.com/credit-card-authorization/","https://irishealing.com/","","Home","True","","","200","OK","Absolute","//body/footer/div/div/section[2]/div/div[1]/div/div[1]/div/div/div/a","Footer","HTML","341309","65671"
"Hyperlink","https://irishealing.com/credit-card-authorization/","https://irishealing.com/","","Iris Healing® – Luxury Addiction Treatment","True","","","200","OK","Absolute","//body/div[@class='canvas-mobile']/div/div[@class='top-canvas']/a[@class='logo-mm']","Content","HTML","341309","65671"
"Hyperlink","https://irishealing.com/blog/cannabis-induced-psychosis/","https://irishealing.com/","","Home","True","","","200","OK","Absolute","//body/div[@class='wrapper-page']/header/div/div/div/div/section[1]/div/div/div/section[1]/div/div[1]/div/div[1]/div/div/div/a","Header","HTML","341309","65671"
"Hyperlink","https://irishealing.com/blog/cannabis-induced-psychosis/","https://irishealing.com/","","","True","","","200","OK","Absolute","//body/div[@class='wrapper-page']/header/div/div/div/div/section[2]/div/div[1]/div/div/div/a","Header","HTML","341309","65671"
"Hyperlink","https://irishealing.com/blog/cannabis-induced-psychosis/","https://irishealing.com/","Home","","True","","","200","OK","Absolute","//body/div[@class='wrapper-page']/div/section/div/div/div/div/div[1]/div[@class='breadcrumb-main']/div/div/ol/li[1]/a","Content","HTML","341309","65671"
"Hyperlink","https://irishealing.com/blog/cannabis-induced-psychosis/","https://irishealing.com/","","Home","True","","","200","OK","Absolute","//body/footer/div/div/section[2]/div/div[1]/div/div[1]/div/div/div/a","Footer","HTML","341309","65671"
"Hyperlink","https://irishealing.com/blog/cannabis-induced-psychosis/","https://irishealing.com/","","Iris Healing® – Luxury Addiction Treatment","True","","","200","OK","Absolute","//body/div[@class='canvas-mobile']/div/div[@class='top-canvas']/a[@class='logo-mm']","Content","HTML","341309","65671"
"Hyperlink","https://irishealing.com/blog/mental-health-retreat-after-losing-your-job/","https://irishealing.com/","","Home","True","","","200","OK","Absolute","//body/div[@class='wrapper-page']/header/div/div/div/div/section[1]/div/div/div/section[1]/div/div[1]/div/div[1]/div/div/div/a","Header","HTML","341309","65671"
"Hyperlink","https://irishealing.com/blog/mental-health-retreat-after-losing-your-job/","https://irishealing.com/","","","True","","","200","OK","Absolute","//body/div[@class='wrapper-page']/header/div/div/div/div/section[2]/div/div[1]/div/div/div/a","Header","HTML","341309","65671"
"Hyperlink","https://irishealing.com/blog/mental-health-retreat-after-losing-your-job/","https://irishealing.com/","Home","","True","","","200","OK","Absolute","//body/div[@class='wrapper-page']/div/section/div/div/div/div/div[1]/div[@class='breadcrumb-main']/div/div/ol/li[1]/a","Content","HTML","341309","65671"
"Hyperlink","https://irishealing.com/blog/mental-health-retreat-after-losing-your-job/","https://irishealing.com/","","Home","True","","","200","OK","Absolute","//body/footer/div/div/section[2]/div/div[1]/div/div[1]/div/div/div/a","Footer","HTML","341309","65671"
"Hyperlink","https://irishealing.com/blog/mental-health-retreat-after-losing-your-job/","https://irishealing.com/","","Iris Healing® – Luxury Addiction Treatment","True","","","200","OK","Absolute","//body/div[@class='canvas-mobile']/div/div[@class='top-canvas']/a[@class='logo-mm']","Content","HTML","341309","65671"
"Hyperlink","https://irishealing.com/beata-lundeen/","https://irishealing.com/","","Home","True","","","200","OK","Absolute","//body/div[@class='wrapper-page']/header/div/div/div/div/section[1]/div/div/div/section[1]/div/div[1]/div/div[1]/div/div/div/a","Header","HTML","341309","65671"
"Hyperlink","https://irishealing.com/beata-lundeen/","https://irishealing.com/","","","True","","","200","OK","Absolute","//body/div[@class='wrapper-page']/header/div/div/div/div/section[2]/div/div[1]/div/div/div/a","Header","HTML","341309","65671"
"Hyperlink","https://irishealing.com/beata-lundeen/","https://irishealing.com/","Home","","True","","","200","OK","Absolute","//body/div[@class='wrapper-page']/div/section/div/div/div/div/div/div/div/div/div[1]/section[1]/div/div/div/div/div/div/div/div/div/div/div/ol/li[1]/a","Content","HTML","341309","65671"
"Hyperlink","https://irishealing.com/beata-lundeen/","https://irishealing.com/","","Home","True","","","200","OK","Absolute","//body/footer/div/div/section[2]/div/div[1]/div/div[1]/div/div/div/a","Footer","HTML","341309","65671"
"Hyperlink","https://irishealing.com/beata-lundeen/","https://irishealing.com/","","Iris Healing® – Luxury Addiction Treatment","True","","","200","OK","Absolute","//body/div[@class='canvas-mobile']/div/div[@class='top-canvas']/a[@class='logo-mm']","Content","HTML","341309","65671"
"Hyperlink","https://irishealing.com/blog/how-to-deal-with-someone-who-is-bipolar-and-angry/","https://irishealing.com/","","Home","True","","","200","OK","Absolute","//body/div[@class='wrapper-page']/header/div/div/div/div/section[1]/div/div/div/section[1]/div/div[1]/div/div[1]/div/div/div/a","Header","HTML","341309","65671"
"Hyperlink","https://irishealing.com/blog/how-to-deal-with-someone-who-is-bipolar-and-angry/","https://irishealing.com/","","","True","","","200","OK","Absolute","//body/div[@class='wrapper-page']/header/div/div/div/div/section[2]/div/div[1]/div/div/div/a","Header","HTML","341309","65671"
"Hyperlink","https://irishealing.com/blog/how-to-deal-with-someone-who-is-bipolar-and-angry/","https://irishealing.com/","Home","","True","","","200","OK","Absolute","//body/div[@class='wrapper-page']/div/section/div/div/div/div/div[1]/div[@class='breadcrumb-main']/div/div/ol/li[1]/a","Content","HTML","341309","65671"
"Hyperlink","https://irishealing.com/blog/how-to-deal-with-someone-who-is-bipolar-and-angry/","https://irishealing.com/","","Home","True","","","200","OK","Absolute","//body/footer/div/div/section[2]/div/div[1]/div/div[1]/div/div/div/a","Footer","HTML","341309","65671"
"Hyperlink","https://irishealing.com/blog/how-to-deal-with-someone-who-is-bipolar-and-angry/","https://irishealing.com/","","Iris Healing® – Luxury Addiction Treatment","True","","","200","OK","Absolute","//body/div[@class='canvas-mobile']/div/div[@class='top-canvas']/a[@class='logo-mm']","Content","HTML","341309","65671"
"Hyperlink","https://irishealing.com/blog/the-complete-guide-to-neurofeedback/","https://irishealing.com/","","Home","True","","","200","OK","Absolute","//body/div[@class='wrapper-page']/header/div/div/div/div/section[1]/div/div/div/section[1]/div/div[1]/div/div[1]/div/div/div/a","Header","HTML","341309","65671"
"Hyperlink","https://irishealing.com/blog/the-complete-guide-to-neurofeedback/","https://irishealing.com/","","","True","","","200","OK","Absolute","//body/div[@class='wrapper-page']/header/div/div/div/div/section[2]/div/div[1]/div/div/div/a","Header","HTML","341309","65671"
"Hyperlink","https://irishealing.com/blog/the-complete-guide-to-neurofeedback/","https://irishealing.com/","Home","","True","","","200","OK","Absolute","//body/div[@class='wrapper-page']/div/section/div/div/div/div/div[1]/div[@class='breadcrumb-main']/div/div/ol/li[1]/a","Content","HTML","341309","65671"
"Hyperlink","https://irishealing.com/blog/the-complete-guide-to-neurofeedback/","https://irishealing.com/","","Home","True","","","200","OK","Absolute","//body/footer/div/div/section[2]/div/div[1]/div/div[1]/div/div/div/a","Footer","HTML","341309","65671"
"Hyperlink","https://irishealing.com/blog/the-complete-guide-to-neurofeedback/","https://irishealing.com/","","Iris Healing® – Luxury Addiction Treatment","True","","","200","OK","Absolute","//body/div[@class='canvas-mobile']/div/div[@class='top-canvas']/a[@class='logo-mm']","Content","HTML","341309","65671"
"Hyperlink","https://irishealing.com/blog/benefits-of-quitting-sugar-is-sugar-as-addictive-as-drugs-and-alcohol/","https://irishealing.com/","","Home","True","","","200","OK","Absolute","//body/div[@class='wrapper-page']/header/div/div/div/div/section[1]/div/div/div/section[1]/div/div[1]/div/div[1]/div/div/div/a","Header","HTML","341309","65671"
"Hyperlink","https://irishealing.com/blog/benefits-of-quitting-sugar-is-sugar-as-addictive-as-drugs-and-alcohol/","https://irishealing.com/","","","True","","","200","OK","Absolute","//body/div[@class='wrapper-page']/header/div/div/div/div/section[2]/div/div[1]/div/div/div/a","Header","HTML","341309","65671"
"Hyperlink","https://irishealing.com/blog/benefits-of-quitting-sugar-is-sugar-as-addictive-as-drugs-and-alcohol/","https://irishealing.com/","Home","","True","","","200","OK","Absolute","//body/div[@class='wrapper-page']/div/section/div/div/div/div/div[1]/div[@class='breadcrumb-main']/div/div/ol/li[1]/a","Content","HTML","341309","65671"
"Hyperlink","https://irishealing.com/blog/benefits-of-quitting-sugar-is-sugar-as-addictive-as-drugs-and-alcohol/","https://irishealing.com/","","Home","True","","","200","OK","Absolute","//body/footer/div/div/section[2]/div/div[1]/div/div[1]/div/div/div/a","Footer","HTML","341309","65671"
"Hyperlink","https://irishealing.com/blog/benefits-of-quitting-sugar-is-sugar-as-addictive-as-drugs-and-alcohol/","https://irishealing.com/","","Iris Healing® – Luxury Addiction Treatment","True","","","200","OK","Absolute","//body/div[@class='canvas-mobile']/div/div[@class='top-canvas']/a[@class='logo-mm']","Content","HTML","341309","65671"
"Hyperlink","https://irishealing.com/blog/cannabis-psychosis-rise/","https://irishealing.com/","","Home","True","","","200","OK","Absolute","//body/div[@class='wrapper-page']/header/div/div/div/div/section[1]/div/div/div/section[1]/div/div[1]/div/div[1]/div/div/div/a","Header","HTML","341309","65671"
"Hyperlink","https://irishealing.com/blog/cannabis-psychosis-rise/","https://irishealing.com/","","","True","","","200","OK","Absolute","//body/div[@class='wrapper-page']/header/div/div/div/div/section[2]/div/div[1]/div/div/div/a","Header","HTML","341309","65671"
"Hyperlink","https://irishealing.com/blog/cannabis-psychosis-rise/","https://irishealing.com/","Home","","True","","","200","OK","Absolute","//body/div[@class='wrapper-page']/div/section/div/div/div/div/div[1]/div[@class='breadcrumb-main']/div/div/ol/li[1]/a","Content","HTML","341309","65671"
"Hyperlink","https://irishealing.com/blog/cannabis-psychosis-rise/","https://irishealing.com/","","Home","True","","","200","OK","Absolute","//body/footer/div/div/section[2]/div/div[1]/div/div[1]/div/div/div/a","Footer","HTML","341309","65671"
"Hyperlink","https://irishealing.com/blog/cannabis-psychosis-rise/","https://irishealing.com/","","Iris Healing® – Luxury Addiction Treatment","True","","","200","OK","Absolute","//body/div[@class='canvas-mobile']/div/div[@class='top-canvas']/a[@class='logo-mm']","Content","HTML","341309","65671"
"Hyperlink","https://irishealing.com/blog/are-alcohol-abuse-and-physical-dependence-to-alcohol-different/","https://irishealing.com/","","Home","True","","","200","OK","Absolute","//body/div[@class='wrapper-page']/header/div/div/div/div/section[1]/div/div/div/section[1]/div/div[1]/div/div[1]/div/div/div/a","Header","HTML","341309","65671"
"Hyperlink","https://irishealing.com/blog/are-alcohol-abuse-and-physical-dependence-to-alcohol-different/","https://irishealing.com/","","","True","","","200","OK","Absolute","//body/div[@class='wrapper-page']/header/div/div/div/div/section[2]/div/div[1]/div/div/div/a","Header","HTML","341309","65671"
"Hyperlink","https://irishealing.com/blog/are-alcohol-abuse-and-physical-dependence-to-alcohol-different/","https://irishealing.com/","Home","","True","","","200","OK","Absolute","//body/div[@class='wrapper-page']/div/section/div/div/div/div/div[1]/div[@class='breadcrumb-main']/div/div/ol/li[1]/a","Content","HTML","341309","65671"
"Hyperlink","https://irishealing.com/blog/are-alcohol-abuse-and-physical-dependence-to-alcohol-different/","https://irishealing.com/","","Home","True","","","200","OK","Absolute","//body/footer/div/div/section[2]/div/div[1]/div/div[1]/div/div/div/a","Footer","HTML","341309","65671"
"Hyperlink","https://irishealing.com/blog/are-alcohol-abuse-and-physical-dependence-to-alcohol-different/","https://irishealing.com/","","Iris Healing® – Luxury Addiction Treatment","True","","","200","OK","Absolute","//body/div[@class='canvas-mobile']/div/div[@class='top-canvas']/a[@class='logo-mm']","Content","HTML","341309","65671"
"Hyperlink","https://irishealing.com/blog/neurofeedback-session/","https://irishealing.com/","","Home","True","","","200","OK","Absolute","//body/div[@class='wrapper-page']/header/div/div/div/div/section[1]/div/div/div/section[1]/div/div[1]/div/div[1]/div/div/div/a","Header","HTML","341309","65671"
"Hyperlink","https://irishealing.com/blog/neurofeedback-session/","https://irishealing.com/","","","True","","","200","OK","Absolute","//body/div[@class='wrapper-page']/header/div/div/div/div/section[2]/div/div[1]/div/div/div/a","Header","HTML","341309","65671"
"Hyperlink","https://irishealing.com/blog/neurofeedback-session/","https://irishealing.com/","Home","","True","","","200","OK","Absolute","//body/div[@class='wrapper-page']/div/section/div/div/div/div/div[1]/div[@class='breadcrumb-main']/div/div/ol/li[1]/a","Content","HTML","341309","65671"
"Hyperlink","https://irishealing.com/blog/neurofeedback-session/","https://irishealing.com/","","Home","True","","","200","OK","Absolute","//body/footer/div/div/section[2]/div/div[1]/div/div[1]/div/div/div/a","Footer","HTML","341309","65671"
"Hyperlink","https://irishealing.com/blog/neurofeedback-session/","https://irishealing.com/","","Iris Healing® – Luxury Addiction Treatment","True","","","200","OK","Absolute","//body/div[@class='canvas-mobile']/div/div[@class='top-canvas']/a[@class='logo-mm']","Content","HTML","341309","65671"
"Hyperlink","https://irishealing.com/blog/sound-therapy-healing-and-more/","https://irishealing.com/","","Home","True","","","200","OK","Absolute","//body/div[@class='wrapper-page']/header/div/div/div/div/section[1]/div/div/div/section[1]/div/div[1]/div/div[1]/div/div/div/a","Header","HTML","341309","65671"
"Hyperlink","https://irishealing.com/blog/sound-therapy-healing-and-more/","https://irishealing.com/","","","True","","","200","OK","Absolute","//body/div[@class='wrapper-page']/header/div/div/div/div/section[2]/div/div[1]/div/div/div/a","Header","HTML","341309","65671"
"Hyperlink","https://irishealing.com/blog/sound-therapy-healing-and-more/","https://irishealing.com/","Home","","True","","","200","OK","Absolute","//body/div[@class='wrapper-page']/div/section/div/div/div/div/div[1]/div[@class='breadcrumb-main']/div/div/ol/li[1]/a","Content","HTML","341309","65671"
"Hyperlink","https://irishealing.com/blog/sound-therapy-healing-and-more/","https://irishealing.com/","","Home","True","","","200","OK","Absolute","//body/footer/div/div/section[2]/div/div[1]/div/div[1]/div/div/div/a","Footer","HTML","341309","65671"
"Hyperlink","https://irishealing.com/blog/sound-therapy-healing-and-more/","https://irishealing.com/","","Iris Healing® – Luxury Addiction Treatment","True","","","200","OK","Absolute","//body/div[@class='canvas-mobile']/div/div[@class='top-canvas']/a[@class='logo-mm']","Content","HTML","341309","65671"
"Hyperlink","https://irishealing.com/blog/dialectical-behavior-therapy-for-addiction/","https://irishealing.com/","","Home","True","","","200","OK","Absolute","//body/div[@class='wrapper-page']/header/div/div/div/div/section[1]/div/div/div/section[1]/div/div[1]/div/div[1]/div/div/div/a","Header","HTML","341309","65671"
"Hyperlink","https://irishealing.com/blog/dialectical-behavior-therapy-for-addiction/","https://irishealing.com/","","","True","","","200","OK","Absolute","//body/div[@class='wrapper-page']/header/div/div/div/div/section[2]/div/div[1]/div/div/div/a","Header","HTML","341309","65671"
"Hyperlink","https://irishealing.com/blog/dialectical-behavior-therapy-for-addiction/","https://irishealing.com/","Home","","True","","","200","OK","Absolute","//body/div[@class='wrapper-page']/div/section/div/div/div/div/div[1]/div[@class='breadcrumb-main']/div/div/ol/li[1]/a","Content","HTML","341309","65671"
"Hyperlink","https://irishealing.com/blog/dialectical-behavior-therapy-for-addiction/","https://irishealing.com/","","Home","True","","","200","OK","Absolute","//body/footer/div/div/section[2]/div/div[1]/div/div[1]/div/div/div/a","Footer","HTML","341309","65671"
"Hyperlink","https://irishealing.com/blog/dialectical-behavior-therapy-for-addiction/","https://irishealing.com/","","Iris Healing® – Luxury Addiction Treatment","True","","","200","OK","Absolute","//body/div[@class='canvas-mobile']/div/div[@class='top-canvas']/a[@class='logo-mm']","Content","HTML","341309","65671"
"Hyperlink","https://irishealing.com/blog/trauma-healing-retreats-finally-get-treated-from-your-violent-past/","https://irishealing.com/","","Home","True","","","200","OK","Absolute","//body/div[@class='wrapper-page']/header/div/div/div/div/section[1]/div/div/div/section[1]/div/div[1]/div/div[1]/div/div/div/a","Header","HTML","341309","65671"
"Hyperlink","https://irishealing.com/blog/trauma-healing-retreats-finally-get-treated-from-your-violent-past/","https://irishealing.com/","","","True","","","200","OK","Absolute","//body/div[@class='wrapper-page']/header/div/div/div/div/section[2]/div/div[1]/div/div/div/a","Header","HTML","341309","65671"
"Hyperlink","https://irishealing.com/blog/trauma-healing-retreats-finally-get-treated-from-your-violent-past/","https://irishealing.com/","Home","","True","","","200","OK","Absolute","//body/div[@class='wrapper-page']/div/section/div/div/div/div/div[1]/div[@class='breadcrumb-main']/div/div/ol/li[1]/a","Content","HTML","341309","65671"
"Hyperlink","https://irishealing.com/blog/trauma-healing-retreats-finally-get-treated-from-your-violent-past/","https://irishealing.com/","","Home","True","","","200","OK","Absolute","//body/footer/div/div/section[2]/div/div[1]/div/div[1]/div/div/div/a","Footer","HTML","341309","65671"
"Hyperlink","https://irishealing.com/blog/trauma-healing-retreats-finally-get-treated-from-your-violent-past/","https://irishealing.com/","","Iris Healing® – Luxury Addiction Treatment","True","","","200","OK","Absolute","//body/div[@class='canvas-mobile']/div/div[@class='top-canvas']/a[@class='logo-mm']","Content","HTML","341309","65671"
"Hyperlink","https://irishealing.com/helene-omahony/","https://irishealing.com/","","Home","True","","","200","OK","Absolute","//body/div[@class='wrapper-page']/header/div/div/div/div/section[1]/div/div/div/section[1]/div/div[1]/div/div[1]/div/div/div/a","Header","HTML","341309","65671"
"Hyperlink","https://irishealing.com/helene-omahony/","https://irishealing.com/","","","True","","","200","OK","Absolute","//body/div[@class='wrapper-page']/header/div/div/div/div/section[2]/div/div[1]/div/div/div/a","Header","HTML","341309","65671"
"Hyperlink","https://irishealing.com/helene-omahony/","https://irishealing.com/","Home","","True","","","200","OK","Absolute","//body/div[@class='wrapper-page']/div/section/div/div/div/div/div/div/div/div/div[1]/section[1]/div/div/div/div/div/div/div/div/div/div/div/ol/li[1]/a","Content","HTML","341309","65671"
"Hyperlink","https://irishealing.com/helene-omahony/","https://irishealing.com/","","Home","True","","","200","OK","Absolute","//body/footer/div/div/section[2]/div/div[1]/div/div[1]/div/div/div/a","Footer","HTML","341309","65671"
"Hyperlink","https://irishealing.com/helene-omahony/","https://irishealing.com/","","Iris Healing® – Luxury Addiction Treatment","True","","","200","OK","Absolute","//body/div[@class='canvas-mobile']/div/div[@class='top-canvas']/a[@class='logo-mm']","Content","HTML","341309","65671"
"Hyperlink","https://irishealing.com/blog/trazodone-for-sleep/","https://irishealing.com/","","Home","True","","","200","OK","Absolute","//body/div[@class='wrapper-page']/header/div/div/div/div/section[1]/div/div/div/section[1]/div/div[1]/div/div[1]/div/div/div/a","Header","HTML","341309","65671"
"Hyperlink","https://irishealing.com/blog/trazodone-for-sleep/","https://irishealing.com/","","","True","","","200","OK","Absolute","//body/div[@class='wrapper-page']/header/div/div/div/div/section[2]/div/div[1]/div/div/div/a","Header","HTML","341309","65671"
"Hyperlink","https://irishealing.com/blog/trazodone-for-sleep/","https://irishealing.com/","Home","","True","","","200","OK","Absolute","//body/div[@class='wrapper-page']/div/section/div/div/div/div/div[1]/div[@class='breadcrumb-main']/div/div/ol/li[1]/a","Content","HTML","341309","65671"
"Hyperlink","https://irishealing.com/blog/trazodone-for-sleep/","https://irishealing.com/","","Home","True","","","200","OK","Absolute","//body/footer/div/div/section[2]/div/div[1]/div/div[1]/div/div/div/a","Footer","HTML","341309","65671"
"Hyperlink","https://irishealing.com/blog/trazodone-for-sleep/","https://irishealing.com/","","Iris Healing® – Luxury Addiction Treatment","True","","","200","OK","Absolute","//body/div[@class='canvas-mobile']/div/div[@class='top-canvas']/a[@class='logo-mm']","Content","HTML","341309","65671"
"Hyperlink","https://irishealing.com/blog/how-our-dual-diagnosis-treatment-centers-in-california-can-help/","https://irishealing.com/","","Home","True","","","200","OK","Absolute","//body/div[@class='wrapper-page']/header/div/div/div/div/section[1]/div/div/div/section[1]/div/div[1]/div/div[1]/div/div/div/a","Header","HTML","341309","65671"
"Hyperlink","https://irishealing.com/blog/how-our-dual-diagnosis-treatment-centers-in-california-can-help/","https://irishealing.com/","","","True","","","200","OK","Absolute","//body/div[@class='wrapper-page']/header/div/div/div/div/section[2]/div/div[1]/div/div/div/a","Header","HTML","341309","65671"
"Hyperlink","https://irishealing.com/blog/how-our-dual-diagnosis-treatment-centers-in-california-can-help/","https://irishealing.com/","Home","","True","","","200","OK","Absolute","//body/div[@class='wrapper-page']/div/section/div/div/div/div/div[1]/div[@class='breadcrumb-main']/div/div/ol/li[1]/a","Content","HTML","341309","65671"
"Hyperlink","https://irishealing.com/blog/how-our-dual-diagnosis-treatment-centers-in-california-can-help/","https://irishealing.com/","","Home","True","","","200","OK","Absolute","//body/footer/div/div/section[2]/div/div[1]/div/div[1]/div/div/div/a","Footer","HTML","341309","65671"
"Hyperlink","https://irishealing.com/blog/how-our-dual-diagnosis-treatment-centers-in-california-can-help/","https://irishealing.com/","","Iris Healing® – Luxury Addiction Treatment","True","","","200","OK","Absolute","//body/div[@class='canvas-mobile']/div/div[@class='top-canvas']/a[@class='logo-mm']","Content","HTML","341309","65671"
"Hyperlink","https://irishealing.com/blog/is-brainspotting-evidence-based/","https://irishealing.com/","","Home","True","","","200","OK","Absolute","//body/div[@class='wrapper-page']/header/div/div/div/div/section[1]/div/div/div/section[1]/div/div[1]/div/div[1]/div/div/div/a","Header","HTML","341309","65671"
"Hyperlink","https://irishealing.com/blog/is-brainspotting-evidence-based/","https://irishealing.com/","","","True","","","200","OK","Absolute","//body/div[@class='wrapper-page']/header/div/div/div/div/section[2]/div/div[1]/div/div/div/a","Header","HTML","341309","65671"
"Hyperlink","https://irishealing.com/blog/is-brainspotting-evidence-based/","https://irishealing.com/","Home","","True","","","200","OK","Absolute","//body/div[@class='wrapper-page']/div/section/div/div/div/div/div[1]/div[@class='breadcrumb-main']/div/div/ol/li[1]/a","Content","HTML","341309","65671"
"Hyperlink","https://irishealing.com/blog/is-brainspotting-evidence-based/","https://irishealing.com/","Iris Healing®","","True","","","200","OK","Root-Relative","//body/div[@class='wrapper-page']/div/section/div/div/div/div/div[2]/div/div/div[1]/article/div[@class='entry-content']/div/div[2]/div/section/div/div/div/div/div/p[27]/a","Content","HTML","341309","65671"
"Hyperlink","https://irishealing.com/blog/is-brainspotting-evidence-based/","https://irishealing.com/","","Home","True","","","200","OK","Absolute","//body/footer/div/div/section[2]/div/div[1]/div/div[1]/div/div/div/a","Footer","HTML","341309","65671"
"Hyperlink","https://irishealing.com/blog/is-brainspotting-evidence-based/","https://irishealing.com/","","Iris Healing® – Luxury Addiction Treatment","True","","","200","OK","Absolute","//body/div[@class='canvas-mobile']/div/div[@class='top-canvas']/a[@class='logo-mm']","Content","HTML","341309","65671"
"Hyperlink","https://irishealing.com/blog/alternatives-to-opioids-for-pain-awareness-month/","https://irishealing.com/","","Home","True","","","200","OK","Absolute","//body/div[@class='wrapper-page']/header/div/div/div/div/section[1]/div/div/div/section[1]/div/div[1]/div/div[1]/div/div/div/a","Header","HTML","341309","65671"
"Hyperlink","https://irishealing.com/blog/alternatives-to-opioids-for-pain-awareness-month/","https://irishealing.com/","","","True","","","200","OK","Absolute","//body/div[@class='wrapper-page']/header/div/div/div/div/section[2]/div/div[1]/div/div/div/a","Header","HTML","341309","65671"
"Hyperlink","https://irishealing.com/blog/alternatives-to-opioids-for-pain-awareness-month/","https://irishealing.com/","Home","","True","","","200","OK","Absolute","//body/div[@class='wrapper-page']/div/section/div/div/div/div/div[1]/div[@class='breadcrumb-main']/div/div/ol/li[1]/a","Content","HTML","341309","65671"
"Hyperlink","https://irishealing.com/blog/alternatives-to-opioids-for-pain-awareness-month/","https://irishealing.com/","","Home","True","","","200","OK","Absolute","//body/footer/div/div/section[2]/div/div[1]/div/div[1]/div/div/div/a","Footer","HTML","341309","65671"
"Hyperlink","https://irishealing.com/blog/alternatives-to-opioids-for-pain-awareness-month/","https://irishealing.com/","","Iris Healing® – Luxury Addiction Treatment","True","","","200","OK","Absolute","//body/div[@class='canvas-mobile']/div/div[@class='top-canvas']/a[@class='logo-mm']","Content","HTML","341309","65671"
"Hyperlink","https://irishealing.com/blog/neurofeedback-and-substance-abuse-disorder/","https://irishealing.com/","","Home","True","","","200","OK","Absolute","//body/div[@class='wrapper-page']/header/div/div/div/div/section[1]/div/div/div/section[1]/div/div[1]/div/div[1]/div/div/div/a","Header","HTML","341309","65671"
"Hyperlink","https://irishealing.com/blog/neurofeedback-and-substance-abuse-disorder/","https://irishealing.com/","","","True","","","200","OK","Absolute","//body/div[@class='wrapper-page']/header/div/div/div/div/section[2]/div/div[1]/div/div/div/a","Header","HTML","341309","65671"
"Hyperlink","https://irishealing.com/blog/neurofeedback-and-substance-abuse-disorder/","https://irishealing.com/","Home","","True","","","200","OK","Absolute","//body/div[@class='wrapper-page']/div/section/div/div/div/div/div[1]/div[@class='breadcrumb-main']/div/div/ol/li[1]/a","Content","HTML","341309","65671"
"Hyperlink","https://irishealing.com/blog/neurofeedback-and-substance-abuse-disorder/","https://irishealing.com/","","Home","True","","","200","OK","Absolute","//body/footer/div/div/section[2]/div/div[1]/div/div[1]/div/div/div/a","Footer","HTML","341309","65671"
"Hyperlink","https://irishealing.com/blog/neurofeedback-and-substance-abuse-disorder/","https://irishealing.com/","","Iris Healing® – Luxury Addiction Treatment","True","","","200","OK","Absolute","//body/div[@class='canvas-mobile']/div/div[@class='top-canvas']/a[@class='logo-mm']","Content","HTML","341309","65671"
"Hyperlink","https://irishealing.com/blog/opioid-epidemic-affecting-medical-practice/","https://irishealing.com/","","Home","True","","","200","OK","Absolute","//body/div[@class='wrapper-page']/header/div/div/div/div/section[1]/div/div/div/section[1]/div/div[1]/div/div[1]/div/div/div/a","Header","HTML","341309","65671"
"Hyperlink","https://irishealing.com/blog/opioid-epidemic-affecting-medical-practice/","https://irishealing.com/","","","True","","","200","OK","Absolute","//body/div[@class='wrapper-page']/header/div/div/div/div/section[2]/div/div[1]/div/div/div/a","Header","HTML","341309","65671"
"Hyperlink","https://irishealing.com/blog/opioid-epidemic-affecting-medical-practice/","https://irishealing.com/","Home","","True","","","200","OK","Absolute","//body/div[@class='wrapper-page']/div/section/div/div/div/div/div[1]/div[@class='breadcrumb-main']/div/div/ol/li[1]/a","Content","HTML","341309","65671"
"Hyperlink","https://irishealing.com/blog/opioid-epidemic-affecting-medical-practice/","https://irishealing.com/","","Home","True","","","200","OK","Absolute","//body/footer/div/div/section[2]/div/div[1]/div/div[1]/div/div/div/a","Footer","HTML","341309","65671"
"Hyperlink","https://irishealing.com/blog/opioid-epidemic-affecting-medical-practice/","https://irishealing.com/","","Iris Healing® – Luxury Addiction Treatment","True","","","200","OK","Absolute","//body/div[@class='canvas-mobile']/div/div[@class='top-canvas']/a[@class='logo-mm']","Content","HTML","341309","65671"
"Hyperlink","https://irishealing.com/blog/dual-diagnoses-retreat-center-in-california-to-manage-depression-substance-abuse/","https://irishealing.com/","","Home","True","","","200","OK","Absolute","//body/div[@class='wrapper-page']/header/div/div/div/div/section[1]/div/div/div/section[1]/div/div[1]/div/div[1]/div/div/div/a","Header","HTML","341309","65671"
"Hyperlink","https://irishealing.com/blog/dual-diagnoses-retreat-center-in-california-to-manage-depression-substance-abuse/","https://irishealing.com/","","","True","","","200","OK","Absolute","//body/div[@class='wrapper-page']/header/div/div/div/div/section[2]/div/div[1]/div/div/div/a","Header","HTML","341309","65671"
"Hyperlink","https://irishealing.com/blog/dual-diagnoses-retreat-center-in-california-to-manage-depression-substance-abuse/","https://irishealing.com/","Home","","True","","","200","OK","Absolute","//body/div[@class='wrapper-page']/div/section/div/div/div/div/div[1]/div[@class='breadcrumb-main']/div/div/ol/li[1]/a","Content","HTML","341309","65671"
"Hyperlink","https://irishealing.com/blog/dual-diagnoses-retreat-center-in-california-to-manage-depression-substance-abuse/","https://irishealing.com/","","Home","True","","","200","OK","Absolute","//body/footer/div/div/section[2]/div/div[1]/div/div[1]/div/div/div/a","Footer","HTML","341309","65671"
"Hyperlink","https://irishealing.com/blog/dual-diagnoses-retreat-center-in-california-to-manage-depression-substance-abuse/","https://irishealing.com/","","Iris Healing® – Luxury Addiction Treatment","True","","","200","OK","Absolute","//body/div[@class='canvas-mobile']/div/div[@class='top-canvas']/a[@class='logo-mm']","Content","HTML","341309","65671"
"Hyperlink","https://irishealing.com/blog/fentanyl-in-your-system/","https://irishealing.com/","","Home","True","","","200","OK","Absolute","//body/div[@class='wrapper-page']/header/div/div/div/div/section[1]/div/div/div/section[1]/div/div[1]/div/div[1]/div/div/div/a","Header","HTML","341309","65671"
"Hyperlink","https://irishealing.com/blog/fentanyl-in-your-system/","https://irishealing.com/","","","True","","","200","OK","Absolute","//body/div[@class='wrapper-page']/header/div/div/div/div/section[2]/div/div[1]/div/div/div/a","Header","HTML","341309","65671"
"Hyperlink","https://irishealing.com/blog/fentanyl-in-your-system/","https://irishealing.com/","Home","","True","","","200","OK","Absolute","//body/div[@class='wrapper-page']/div/section/div/div/div/div/div[1]/div[@class='breadcrumb-main']/div/div/ol/li[1]/a","Content","HTML","341309","65671"
"Hyperlink","https://irishealing.com/blog/fentanyl-in-your-system/","https://irishealing.com/","","Home","True","","","200","OK","Absolute","//body/footer/div/div/section[2]/div/div[1]/div/div[1]/div/div/div/a","Footer","HTML","341309","65671"
"Hyperlink","https://irishealing.com/blog/fentanyl-in-your-system/","https://irishealing.com/","","Iris Healing® – Luxury Addiction Treatment","True","","","200","OK","Absolute","//body/div[@class='canvas-mobile']/div/div[@class='top-canvas']/a[@class='logo-mm']","Content","HTML","341309","65671"
"Hyperlink","https://irishealing.com/blog/fentanyl-overdose-signs/","https://irishealing.com/","","Home","True","","","200","OK","Absolute","//body/div[@class='wrapper-page']/header/div/div/div/div/section[1]/div/div/div/section[1]/div/div[1]/div/div[1]/div/div/div/a","Header","HTML","341309","65671"
"Hyperlink","https://irishealing.com/blog/fentanyl-overdose-signs/","https://irishealing.com/","","","True","","","200","OK","Absolute","//body/div[@class='wrapper-page']/header/div/div/div/div/section[2]/div/div[1]/div/div/div/a","Header","HTML","341309","65671"
"Hyperlink","https://irishealing.com/blog/fentanyl-overdose-signs/","https://irishealing.com/","Home","","True","","","200","OK","Absolute","//body/div[@class='wrapper-page']/div/section/div/div/div/div/div[1]/div[@class='breadcrumb-main']/div/div/ol/li[1]/a","Content","HTML","341309","65671"
"Hyperlink","https://irishealing.com/blog/fentanyl-overdose-signs/","https://irishealing.com/","","Home","True","","","200","OK","Absolute","//body/footer/div/div/section[2]/div/div[1]/div/div[1]/div/div/div/a","Footer","HTML","341309","65671"
"Hyperlink","https://irishealing.com/blog/fentanyl-overdose-signs/","https://irishealing.com/","","Iris Healing® – Luxury Addiction Treatment","True","","","200","OK","Absolute","//body/div[@class='canvas-mobile']/div/div[@class='top-canvas']/a[@class='logo-mm']","Content","HTML","341309","65671"
"Hyperlink","https://irishealing.com/blog/somatic-experiencing-therapy-for-ptsd/","https://irishealing.com/","","Home","True","","","200","OK","Absolute","//body/div[@class='wrapper-page']/header/div/div/div/div/section[1]/div/div/div/section[1]/div/div[1]/div/div[1]/div/div/div/a","Header","HTML","341309","65671"
"Hyperlink","https://irishealing.com/blog/somatic-experiencing-therapy-for-ptsd/","https://irishealing.com/","","","True","","","200","OK","Absolute","//body/div[@class='wrapper-page']/header/div/div/div/div/section[2]/div/div[1]/div/div/div/a","Header","HTML","341309","65671"
"Hyperlink","https://irishealing.com/blog/somatic-experiencing-therapy-for-ptsd/","https://irishealing.com/","Home","","True","","","200","OK","Absolute","//body/div[@class='wrapper-page']/div/section/div/div/div/div/div[1]/div[@class='breadcrumb-main']/div/div/ol/li[1]/a","Content","HTML","341309","65671"
"Hyperlink","https://irishealing.com/blog/somatic-experiencing-therapy-for-ptsd/","https://irishealing.com/","","Home","True","","","200","OK","Absolute","//body/footer/div/div/section[2]/div/div[1]/div/div[1]/div/div/div/a","Footer","HTML","341309","65671"
"Hyperlink","https://irishealing.com/blog/somatic-experiencing-therapy-for-ptsd/","https://irishealing.com/","","Iris Healing® – Luxury Addiction Treatment","True","","","200","OK","Absolute","//body/div[@class='canvas-mobile']/div/div[@class='top-canvas']/a[@class='logo-mm']","Content","HTML","341309","65671"
"Hyperlink","https://irishealing.com/blog/mental-health-group-activities/","https://irishealing.com/","","Home","True","","","200","OK","Absolute","//body/div[@class='wrapper-page']/header/div/div/div/div/section[1]/div/div/div/section[1]/div/div[1]/div/div[1]/div/div/div/a","Header","HTML","341309","65671"
"Hyperlink","https://irishealing.com/blog/mental-health-group-activities/","https://irishealing.com/","","","True","","","200","OK","Absolute","//body/div[@class='wrapper-page']/header/div/div/div/div/section[2]/div/div[1]/div/div/div/a","Header","HTML","341309","65671"
"Hyperlink","https://irishealing.com/blog/mental-health-group-activities/","https://irishealing.com/","Home","","True","","","200","OK","Absolute","//body/div[@class='wrapper-page']/div/section/div/div/div/div/div[1]/div[@class='breadcrumb-main']/div/div/ol/li[1]/a","Content","HTML","341309","65671"
"Hyperlink","https://irishealing.com/blog/mental-health-group-activities/","https://irishealing.com/","","Home","True","","","200","OK","Absolute","//body/footer/div/div/section[2]/div/div[1]/div/div[1]/div/div/div/a","Footer","HTML","341309","65671"
"Hyperlink","https://irishealing.com/blog/mental-health-group-activities/","https://irishealing.com/","","Iris Healing® – Luxury Addiction Treatment","True","","","200","OK","Absolute","//body/div[@class='canvas-mobile']/div/div[@class='top-canvas']/a[@class='logo-mm']","Content","HTML","341309","65671"
"Hyperlink","https://irishealing.com/blog/mental-health-goals/","https://irishealing.com/","","Home","True","","","200","OK","Absolute","//body/div[@class='wrapper-page']/header/div/div/div/div/section[1]/div/div/div/section[1]/div/div[1]/div/div[1]/div/div/div/a","Header","HTML","341309","65671"
"Hyperlink","https://irishealing.com/blog/mental-health-goals/","https://irishealing.com/","","","True","","","200","OK","Absolute","//body/div[@class='wrapper-page']/header/div/div/div/div/section[2]/div/div[1]/div/div/div/a","Header","HTML","341309","65671"
"Hyperlink","https://irishealing.com/blog/mental-health-goals/","https://irishealing.com/","Home","","True","","","200","OK","Absolute","//body/div[@class='wrapper-page']/div/section/div/div/div/div/div[1]/div[@class='breadcrumb-main']/div/div/ol/li[1]/a","Content","HTML","341309","65671"
"Hyperlink","https://irishealing.com/blog/mental-health-goals/","https://irishealing.com/","","Home","True","","","200","OK","Absolute","//body/footer/div/div/section[2]/div/div[1]/div/div[1]/div/div/div/a","Footer","HTML","341309","65671"
"Hyperlink","https://irishealing.com/blog/mental-health-goals/","https://irishealing.com/","","Iris Healing® – Luxury Addiction Treatment","True","","","200","OK","Absolute","//body/div[@class='canvas-mobile']/div/div[@class='top-canvas']/a[@class='logo-mm']","Content","HTML","341309","65671"
"Hyperlink","https://irishealing.com/blog/stress-awareness-month/","https://irishealing.com/","","Home","True","","","200","OK","Absolute","//body/div[@class='wrapper-page']/header/div/div/div/div/section[1]/div/div/div/section[1]/div/div[1]/div/div[1]/div/div/div/a","Header","HTML","341309","65671"
"Hyperlink","https://irishealing.com/blog/stress-awareness-month/","https://irishealing.com/","","","True","","","200","OK","Absolute","//body/div[@class='wrapper-page']/header/div/div/div/div/section[2]/div/div[1]/div/div/div/a","Header","HTML","341309","65671"
"Hyperlink","https://irishealing.com/blog/stress-awareness-month/","https://irishealing.com/","Home","","True","","","200","OK","Absolute","//body/div[@class='wrapper-page']/div/section/div/div/div/div/div[1]/div[@class='breadcrumb-main']/div/div/ol/li[1]/a","Content","HTML","341309","65671"
"Hyperlink","https://irishealing.com/blog/stress-awareness-month/","https://irishealing.com/","","Home","True","","","200","OK","Absolute","//body/footer/div/div/section[2]/div/div[1]/div/div[1]/div/div/div/a","Footer","HTML","341309","65671"
"Hyperlink","https://irishealing.com/blog/stress-awareness-month/","https://irishealing.com/","","Iris Healing® – Luxury Addiction Treatment","True","","","200","OK","Absolute","//body/div[@class='canvas-mobile']/div/div[@class='top-canvas']/a[@class='logo-mm']","Content","HTML","341309","65671"
"Hyperlink","https://irishealing.com/christian-vincent-ph-d/","https://irishealing.com/","","Home","True","","","200","OK","Absolute","//body/div[@class='wrapper-page']/header/div/div/div/div/section[1]/div/div/div/section[1]/div/div[1]/div/div[1]/div/div/div/a","Header","HTML","341309","65671"
"Hyperlink","https://irishealing.com/christian-vincent-ph-d/","https://irishealing.com/","","","True","","","200","OK","Absolute","//body/div[@class='wrapper-page']/header/div/div/div/div/section[2]/div/div[1]/div/div/div/a","Header","HTML","341309","65671"
"Hyperlink","https://irishealing.com/christian-vincent-ph-d/","https://irishealing.com/","Home","","True","","","200","OK","Absolute","//body/div[@class='wrapper-page']/div/section/div/div/div/div/div/div/div/div/div[1]/section[1]/div/div/div/div/div/div/div/div/div/div/div/ol/li[1]/a","Content","HTML","341309","65671"
"Hyperlink","https://irishealing.com/christian-vincent-ph-d/","https://irishealing.com/","","Home","True","","","200","OK","Absolute","//body/footer/div/div/section[2]/div/div[1]/div/div[1]/div/div/div/a","Footer","HTML","341309","65671"
"Hyperlink","https://irishealing.com/christian-vincent-ph-d/","https://irishealing.com/","","Iris Healing® – Luxury Addiction Treatment","True","","","200","OK","Absolute","//body/div[@class='canvas-mobile']/div/div[@class='top-canvas']/a[@class='logo-mm']","Content","HTML","341309","65671"
"Hyperlink","https://irishealing.com/blog/eeg-neurofeedback-therapy/","https://irishealing.com/","","Home","True","","","200","OK","Absolute","//body/div[@class='wrapper-page']/header/div/div/div/div/section[1]/div/div/div/section[1]/div/div[1]/div/div[1]/div/div/div/a","Header","HTML","341309","65671"
"Hyperlink","https://irishealing.com/blog/eeg-neurofeedback-therapy/","https://irishealing.com/","","","True","","","200","OK","Absolute","//body/div[@class='wrapper-page']/header/div/div/div/div/section[2]/div/div[1]/div/div/div/a","Header","HTML","341309","65671"
"Hyperlink","https://irishealing.com/blog/eeg-neurofeedback-therapy/","https://irishealing.com/","Home","","True","","","200","OK","Absolute","//body/div[@class='wrapper-page']/div/section/div/div/div/div/div[1]/div[@class='breadcrumb-main']/div/div/ol/li[1]/a","Content","HTML","341309","65671"
"Hyperlink","https://irishealing.com/blog/eeg-neurofeedback-therapy/","https://irishealing.com/","","Home","True","","","200","OK","Absolute","//body/footer/div/div/section[2]/div/div[1]/div/div[1]/div/div/div/a","Footer","HTML","341309","65671"
"Hyperlink","https://irishealing.com/blog/eeg-neurofeedback-therapy/","https://irishealing.com/","","Iris Healing® – Luxury Addiction Treatment","True","","","200","OK","Absolute","//body/div[@class='canvas-mobile']/div/div[@class='top-canvas']/a[@class='logo-mm']","Content","HTML","341309","65671"
"Hyperlink","https://irishealing.com/dylan-scheeler/","https://irishealing.com/","","Home","True","","","200","OK","Absolute","//body/div[@class='wrapper-page']/header/div/div/div/div/section[1]/div/div/div/section[1]/div/div[1]/div/div[1]/div/div/div/a","Header","HTML","341309","65671"
"Hyperlink","https://irishealing.com/dylan-scheeler/","https://irishealing.com/","","","True","","","200","OK","Absolute","//body/div[@class='wrapper-page']/header/div/div/div/div/section[2]/div/div[1]/div/div/div/a","Header","HTML","341309","65671"
"Hyperlink","https://irishealing.com/dylan-scheeler/","https://irishealing.com/","Home","","True","","","200","OK","Absolute","//body/div[@class='wrapper-page']/div/section/div/div/div/div/div/div/div/div/div[1]/section[1]/div/div/div/div/div/div/div/div/div/div/div/ol/li[1]/a","Content","HTML","341309","65671"
"Hyperlink","https://irishealing.com/dylan-scheeler/","https://irishealing.com/","","Home","True","","","200","OK","Absolute","//body/footer/div/div/section[2]/div/div[1]/div/div[1]/div/div/div/a","Footer","HTML","341309","65671"
"Hyperlink","https://irishealing.com/dylan-scheeler/","https://irishealing.com/","","Iris Healing® – Luxury Addiction Treatment","True","","","200","OK","Absolute","//body/div[@class='canvas-mobile']/div/div[@class='top-canvas']/a[@class='logo-mm']","Content","HTML","341309","65671"
"Hyperlink","https://irishealing.com/blog/press-restart-with-holistic-rehab/","https://irishealing.com/","","Home","True","","","200","OK","Absolute","//body/div[@class='wrapper-page']/header/div/div/div/div/section[1]/div/div/div/section[1]/div/div[1]/div/div[1]/div/div/div/a","Header","HTML","341309","65671"
"Hyperlink","https://irishealing.com/blog/press-restart-with-holistic-rehab/","https://irishealing.com/","","","True","","","200","OK","Absolute","//body/div[@class='wrapper-page']/header/div/div/div/div/section[2]/div/div[1]/div/div/div/a","Header","HTML","341309","65671"
"Hyperlink","https://irishealing.com/blog/press-restart-with-holistic-rehab/","https://irishealing.com/","Home","","True","","","200","OK","Absolute","//body/div[@class='wrapper-page']/div/section/div/div/div/div/div[1]/div[@class='breadcrumb-main']/div/div/ol/li[1]/a","Content","HTML","341309","65671"
"Hyperlink","https://irishealing.com/blog/press-restart-with-holistic-rehab/","https://irishealing.com/","","Home","True","","","200","OK","Absolute","//body/footer/div/div/section[2]/div/div[1]/div/div[1]/div/div/div/a","Footer","HTML","341309","65671"
"Hyperlink","https://irishealing.com/blog/press-restart-with-holistic-rehab/","https://irishealing.com/","","Iris Healing® – Luxury Addiction Treatment","True","","","200","OK","Absolute","//body/div[@class='canvas-mobile']/div/div[@class='top-canvas']/a[@class='logo-mm']","Content","HTML","341309","65671"
"Hyperlink","https://irishealing.com/blog/effectiveness-alcohol-detox-programs-today/","https://irishealing.com/","","Home","True","","","200","OK","Absolute","//body/div[@class='wrapper-page']/header/div/div/div/div/section[1]/div/div/div/section[1]/div/div[1]/div/div[1]/div/div/div/a","Header","HTML","341309","65671"
"Hyperlink","https://irishealing.com/blog/effectiveness-alcohol-detox-programs-today/","https://irishealing.com/","","","True","","","200","OK","Absolute","//body/div[@class='wrapper-page']/header/div/div/div/div/section[2]/div/div[1]/div/div/div/a","Header","HTML","341309","65671"
"Hyperlink","https://irishealing.com/blog/effectiveness-alcohol-detox-programs-today/","https://irishealing.com/","Home","","True","","","200","OK","Absolute","//body/div[@class='wrapper-page']/div/section/div/div/div/div/div[1]/div[@class='breadcrumb-main']/div/div/ol/li[1]/a","Content","HTML","341309","65671"
"Hyperlink","https://irishealing.com/blog/effectiveness-alcohol-detox-programs-today/","https://irishealing.com/","","Home","True","","","200","OK","Absolute","//body/footer/div/div/section[2]/div/div[1]/div/div[1]/div/div/div/a","Footer","HTML","341309","65671"
"Hyperlink","https://irishealing.com/blog/effectiveness-alcohol-detox-programs-today/","https://irishealing.com/","","Iris Healing® – Luxury Addiction Treatment","True","","","200","OK","Absolute","//body/div[@class='canvas-mobile']/div/div[@class='top-canvas']/a[@class='logo-mm']","Content","HTML","341309","65671"
"Hyperlink","https://irishealing.com/blog/working-with-trauma-and-the-body-workshop/","https://irishealing.com/","","Home","True","","","200","OK","Absolute","//body/div[@class='wrapper-page']/header/div/div/div/div/section[1]/div/div/div/section[1]/div/div[1]/div/div[1]/div/div/div/a","Header","HTML","341309","65671"
"Hyperlink","https://irishealing.com/blog/working-with-trauma-and-the-body-workshop/","https://irishealing.com/","","","True","","","200","OK","Absolute","//body/div[@class='wrapper-page']/header/div/div/div/div/section[2]/div/div[1]/div/div/div/a","Header","HTML","341309","65671"
"Hyperlink","https://irishealing.com/blog/working-with-trauma-and-the-body-workshop/","https://irishealing.com/","Home","","True","","","200","OK","Absolute","//body/div[@class='wrapper-page']/div/section/div/div/div/div/div[1]/div[@class='breadcrumb-main']/div/div/ol/li[1]/a","Content","HTML","341309","65671"
"Hyperlink","https://irishealing.com/blog/working-with-trauma-and-the-body-workshop/","https://irishealing.com/","","Home","True","","","200","OK","Absolute","//body/footer/div/div/section[2]/div/div[1]/div/div[1]/div/div/div/a","Footer","HTML","341309","65671"
"Hyperlink","https://irishealing.com/blog/working-with-trauma-and-the-body-workshop/","https://irishealing.com/","","Iris Healing® – Luxury Addiction Treatment","True","","","200","OK","Absolute","//body/div[@class='canvas-mobile']/div/div[@class='top-canvas']/a[@class='logo-mm']","Content","HTML","341309","65671"
"Hyperlink","https://irishealing.com/blog/smart-recovery/","https://irishealing.com/","","Home","True","","","200","OK","Absolute","//body/div[@class='wrapper-page']/header/div/div/div/div/section[1]/div/div/div/section[1]/div/div[1]/div/div[1]/div/div/div/a","Header","HTML","341309","65671"
"Hyperlink","https://irishealing.com/blog/smart-recovery/","https://irishealing.com/","","","True","","","200","OK","Absolute","//body/div[@class='wrapper-page']/header/div/div/div/div/section[2]/div/div[1]/div/div/div/a","Header","HTML","341309","65671"
"Hyperlink","https://irishealing.com/blog/smart-recovery/","https://irishealing.com/","Home","","True","","","200","OK","Absolute","//body/div[@class='wrapper-page']/div/section/div/div/div/div/div[1]/div[@class='breadcrumb-main']/div/div/ol/li[1]/a","Content","HTML","341309","65671"
"Hyperlink","https://irishealing.com/blog/smart-recovery/","https://irishealing.com/","","Home","True","","","200","OK","Absolute","//body/footer/div/div/section[2]/div/div[1]/div/div[1]/div/div/div/a","Footer","HTML","341309","65671"
"Hyperlink","https://irishealing.com/blog/smart-recovery/","https://irishealing.com/","","Iris Healing® – Luxury Addiction Treatment","True","","","200","OK","Absolute","//body/div[@class='canvas-mobile']/div/div[@class='top-canvas']/a[@class='logo-mm']","Content","HTML","341309","65671"
"Hyperlink","https://irishealing.com/blog/healing-from-trauma/","https://irishealing.com/","","Home","True","","","200","OK","Absolute","//body/div[@class='wrapper-page']/header/div/div/div/div/section[1]/div/div/div/section[1]/div/div[1]/div/div[1]/div/div/div/a","Header","HTML","341309","65671"
"Hyperlink","https://irishealing.com/blog/healing-from-trauma/","https://irishealing.com/","","","True","","","200","OK","Absolute","//body/div[@class='wrapper-page']/header/div/div/div/div/section[2]/div/div[1]/div/div/div/a","Header","HTML","341309","65671"
"Hyperlink","https://irishealing.com/blog/healing-from-trauma/","https://irishealing.com/","Home","","True","","","200","OK","Absolute","//body/div[@class='wrapper-page']/div/section/div/div/div/div/div[1]/div[@class='breadcrumb-main']/div/div/ol/li[1]/a","Content","HTML","341309","65671"
"Hyperlink","https://irishealing.com/blog/healing-from-trauma/","https://irishealing.com/","","Home","True","","","200","OK","Absolute","//body/footer/div/div/section[2]/div/div[1]/div/div[1]/div/div/div/a","Footer","HTML","341309","65671"
"Hyperlink","https://irishealing.com/blog/healing-from-trauma/","https://irishealing.com/","","Iris Healing® – Luxury Addiction Treatment","True","","","200","OK","Absolute","//body/div[@class='canvas-mobile']/div/div[@class='top-canvas']/a[@class='logo-mm']","Content","HTML","341309","65671"
"Hyperlink","https://irishealing.com/blog/temptations-triggers-halloween/","https://irishealing.com/","","Home","True","","","200","OK","Absolute","//body/div[@class='wrapper-page']/header/div/div/div/div/section[1]/div/div/div/section[1]/div/div[1]/div/div[1]/div/div/div/a","Header","HTML","341309","65671"
"Hyperlink","https://irishealing.com/blog/temptations-triggers-halloween/","https://irishealing.com/","","","True","","","200","OK","Absolute","//body/div[@class='wrapper-page']/header/div/div/div/div/section[2]/div/div[1]/div/div/div/a","Header","HTML","341309","65671"
"Hyperlink","https://irishealing.com/blog/temptations-triggers-halloween/","https://irishealing.com/","Home","","True","","","200","OK","Absolute","//body/div[@class='wrapper-page']/div/section/div/div/div/div/div[1]/div[@class='breadcrumb-main']/div/div/ol/li[1]/a","Content","HTML","341309","65671"
"Hyperlink","https://irishealing.com/blog/temptations-triggers-halloween/","https://irishealing.com/","","Home","True","","","200","OK","Absolute","//body/footer/div/div/section[2]/div/div[1]/div/div[1]/div/div/div/a","Footer","HTML","341309","65671"
"Hyperlink","https://irishealing.com/blog/temptations-triggers-halloween/","https://irishealing.com/","","Iris Healing® – Luxury Addiction Treatment","True","","","200","OK","Absolute","//body/div[@class='canvas-mobile']/div/div[@class='top-canvas']/a[@class='logo-mm']","Content","HTML","341309","65671"
"Hyperlink","https://irishealing.com/blog/emotional-abuse/","https://irishealing.com/","","Home","True","","","200","OK","Absolute","//body/div[@class='wrapper-page']/header/div/div/div/div/section[1]/div/div/div/section[1]/div/div[1]/div/div[1]/div/div/div/a","Header","HTML","341309","65671"
"Hyperlink","https://irishealing.com/blog/emotional-abuse/","https://irishealing.com/","","","True","","","200","OK","Absolute","//body/div[@class='wrapper-page']/header/div/div/div/div/section[2]/div/div[1]/div/div/div/a","Header","HTML","341309","65671"
"Hyperlink","https://irishealing.com/blog/emotional-abuse/","https://irishealing.com/","Home","","True","","","200","OK","Absolute","//body/div[@class='wrapper-page']/div/section/div/div/div/div/div[1]/div[@class='breadcrumb-main']/div/div/ol/li[1]/a","Content","HTML","341309","65671"
"Hyperlink","https://irishealing.com/blog/emotional-abuse/","https://irishealing.com/","","Home","True","","","200","OK","Absolute","//body/footer/div/div/section[2]/div/div[1]/div/div[1]/div/div/div/a","Footer","HTML","341309","65671"
"Hyperlink","https://irishealing.com/blog/emotional-abuse/","https://irishealing.com/","","Iris Healing® – Luxury Addiction Treatment","True","","","200","OK","Absolute","//body/div[@class='canvas-mobile']/div/div[@class='top-canvas']/a[@class='logo-mm']","Content","HTML","341309","65671"
"Hyperlink","https://irishealing.com/blog/how-to-prepare-for-a-neurofeedback-session/","https://irishealing.com/","","Home","True","","","200","OK","Absolute","//body/div[@class='wrapper-page']/header/div/div/div/div/section[1]/div/div/div/section[1]/div/div[1]/div/div[1]/div/div/div/a","Header","HTML","341309","65671"
"Hyperlink","https://irishealing.com/blog/how-to-prepare-for-a-neurofeedback-session/","https://irishealing.com/","","","True","","","200","OK","Absolute","//body/div[@class='wrapper-page']/header/div/div/div/div/section[2]/div/div[1]/div/div/div/a","Header","HTML","341309","65671"
"Hyperlink","https://irishealing.com/blog/how-to-prepare-for-a-neurofeedback-session/","https://irishealing.com/","Home","","True","","","200","OK","Absolute","//body/div[@class='wrapper-page']/div/section/div/div/div/div/div[1]/div[@class='breadcrumb-main']/div/div/ol/li[1]/a","Content","HTML","341309","65671"
"Hyperlink","https://irishealing.com/blog/how-to-prepare-for-a-neurofeedback-session/","https://irishealing.com/","","Home","True","","","200","OK","Absolute","//body/footer/div/div/section[2]/div/div[1]/div/div[1]/div/div/div/a","Footer","HTML","341309","65671"
"Hyperlink","https://irishealing.com/blog/how-to-prepare-for-a-neurofeedback-session/","https://irishealing.com/","","Iris Healing® – Luxury Addiction Treatment","True","","","200","OK","Absolute","//body/div[@class='canvas-mobile']/div/div[@class='top-canvas']/a[@class='logo-mm']","Content","HTML","341309","65671"
"Hyperlink","https://irishealing.com/blog/mental-health-therapist/","https://irishealing.com/","","Home","True","","","200","OK","Absolute","//body/div[@class='wrapper-page']/header/div/div/div/div/section[1]/div/div/div/section[1]/div/div[1]/div/div[1]/div/div/div/a","Header","HTML","341309","65671"
"Hyperlink","https://irishealing.com/blog/mental-health-therapist/","https://irishealing.com/","","","True","","","200","OK","Absolute","//body/div[@class='wrapper-page']/header/div/div/div/div/section[2]/div/div[1]/div/div/div/a","Header","HTML","341309","65671"
"Hyperlink","https://irishealing.com/blog/mental-health-therapist/","https://irishealing.com/","Home","","True","","","200","OK","Absolute","//body/div[@class='wrapper-page']/div/section/div/div/div/div/div[1]/div[@class='breadcrumb-main']/div/div/ol/li[1]/a","Content","HTML","341309","65671"
"Hyperlink","https://irishealing.com/blog/mental-health-therapist/","https://irishealing.com/","","Home","True","","","200","OK","Absolute","//body/footer/div/div/section[2]/div/div[1]/div/div[1]/div/div/div/a","Footer","HTML","341309","65671"
"Hyperlink","https://irishealing.com/blog/mental-health-therapist/","https://irishealing.com/","","Iris Healing® – Luxury Addiction Treatment","True","","","200","OK","Absolute","//body/div[@class='canvas-mobile']/div/div[@class='top-canvas']/a[@class='logo-mm']","Content","HTML","341309","65671"
"Hyperlink","https://irishealing.com/blog/mental-health-benefits-of-exercise/","https://irishealing.com/","","Home","True","","","200","OK","Absolute","//body/div[@class='wrapper-page']/header/div/div/div/div/section[1]/div/div/div/section[1]/div/div[1]/div/div[1]/div/div/div/a","Header","HTML","341309","65671"
"Hyperlink","https://irishealing.com/blog/mental-health-benefits-of-exercise/","https://irishealing.com/","","","True","","","200","OK","Absolute","//body/div[@class='wrapper-page']/header/div/div/div/div/section[2]/div/div[1]/div/div/div/a","Header","HTML","341309","65671"
"Hyperlink","https://irishealing.com/blog/mental-health-benefits-of-exercise/","https://irishealing.com/","Home","","True","","","200","OK","Absolute","//body/div[@class='wrapper-page']/div/section/div/div/div/div/div[1]/div[@class='breadcrumb-main']/div/div/ol/li[1]/a","Content","HTML","341309","65671"
"Hyperlink","https://irishealing.com/blog/mental-health-benefits-of-exercise/","https://irishealing.com/","","Home","True","","","200","OK","Absolute","//body/footer/div/div/section[2]/div/div[1]/div/div[1]/div/div/div/a","Footer","HTML","341309","65671"
"Hyperlink","https://irishealing.com/blog/mental-health-benefits-of-exercise/","https://irishealing.com/","","Iris Healing® – Luxury Addiction Treatment","True","","","200","OK","Absolute","//body/div[@class='canvas-mobile']/div/div[@class='top-canvas']/a[@class='logo-mm']","Content","HTML","341309","65671"
"Hyperlink","https://irishealing.com/blog/emdr-therapy-for-addiction/","https://irishealing.com/","","Home","True","","","200","OK","Absolute","//body/div[@class='wrapper-page']/header/div/div/div/div/section[1]/div/div/div/section[1]/div/div[1]/div/div[1]/div/div/div/a","Header","HTML","341309","65671"
"Hyperlink","https://irishealing.com/blog/emdr-therapy-for-addiction/","https://irishealing.com/","","","True","","","200","OK","Absolute","//body/div[@class='wrapper-page']/header/div/div/div/div/section[2]/div/div[1]/div/div/div/a","Header","HTML","341309","65671"
"Hyperlink","https://irishealing.com/blog/emdr-therapy-for-addiction/","https://irishealing.com/","Home","","True","","","200","OK","Absolute","//body/div[@class='wrapper-page']/div/section/div/div/div/div/div[1]/div[@class='breadcrumb-main']/div/div/ol/li[1]/a","Content","HTML","341309","65671"
"Hyperlink","https://irishealing.com/blog/emdr-therapy-for-addiction/","https://irishealing.com/","","Home","True","","","200","OK","Absolute","//body/footer/div/div/section[2]/div/div[1]/div/div[1]/div/div/div/a","Footer","HTML","341309","65671"
"Hyperlink","https://irishealing.com/blog/emdr-therapy-for-addiction/","https://irishealing.com/","","Iris Healing® – Luxury Addiction Treatment","True","","","200","OK","Absolute","//body/div[@class='canvas-mobile']/div/div[@class='top-canvas']/a[@class='logo-mm']","Content","HTML","341309","65671"
"Hyperlink","https://irishealing.com/blog/relapse-prevention-and-recovery/","https://irishealing.com/","","Home","True","","","200","OK","Absolute","//body/div[@class='wrapper-page']/header/div/div/div/div/section[1]/div/div/div/section[1]/div/div[1]/div/div[1]/div/div/div/a","Header","HTML","341309","65671"
"Hyperlink","https://irishealing.com/blog/relapse-prevention-and-recovery/","https://irishealing.com/","","","True","","","200","OK","Absolute","//body/div[@class='wrapper-page']/header/div/div/div/div/section[2]/div/div[1]/div/div/div/a","Header","HTML","341309","65671"
"Hyperlink","https://irishealing.com/blog/relapse-prevention-and-recovery/","https://irishealing.com/","Home","","True","","","200","OK","Absolute","//body/div[@class='wrapper-page']/div/section/div/div/div/div/div[1]/div[@class='breadcrumb-main']/div/div/ol/li[1]/a","Content","HTML","341309","65671"
"Hyperlink","https://irishealing.com/blog/relapse-prevention-and-recovery/","https://irishealing.com/","","Home","True","","","200","OK","Absolute","//body/footer/div/div/section[2]/div/div[1]/div/div[1]/div/div/div/a","Footer","HTML","341309","65671"
"Hyperlink","https://irishealing.com/blog/relapse-prevention-and-recovery/","https://irishealing.com/","","Iris Healing® – Luxury Addiction Treatment","True","","","200","OK","Absolute","//body/div[@class='canvas-mobile']/div/div[@class='top-canvas']/a[@class='logo-mm']","Content","HTML","341309","65671"
"Hyperlink","https://irishealing.com/blog/compassion-fatigue-prevention-training-resiliency-of-the-wound/","https://irishealing.com/","","Home","True","","","200","OK","Absolute","//body/div[@class='wrapper-page']/header/div/div/div/div/section[1]/div/div/div/section[1]/div/div[1]/div/div[1]/div/div/div/a","Header","HTML","341309","65671"
"Hyperlink","https://irishealing.com/blog/compassion-fatigue-prevention-training-resiliency-of-the-wound/","https://irishealing.com/","","","True","","","200","OK","Absolute","//body/div[@class='wrapper-page']/header/div/div/div/div/section[2]/div/div[1]/div/div/div/a","Header","HTML","341309","65671"
"Hyperlink","https://irishealing.com/blog/compassion-fatigue-prevention-training-resiliency-of-the-wound/","https://irishealing.com/","Home","","True","","","200","OK","Absolute","//body/div[@class='wrapper-page']/div/section/div/div/div/div/div[1]/div[@class='breadcrumb-main']/div/div/ol/li[1]/a","Content","HTML","341309","65671"
"Hyperlink","https://irishealing.com/blog/compassion-fatigue-prevention-training-resiliency-of-the-wound/","https://irishealing.com/","","Home","True","","","200","OK","Absolute","//body/footer/div/div/section[2]/div/div[1]/div/div[1]/div/div/div/a","Footer","HTML","341309","65671"
"Hyperlink","https://irishealing.com/blog/compassion-fatigue-prevention-training-resiliency-of-the-wound/","https://irishealing.com/","","Iris Healing® – Luxury Addiction Treatment","True","","","200","OK","Absolute","//body/div[@class='canvas-mobile']/div/div[@class='top-canvas']/a[@class='logo-mm']","Content","HTML","341309","65671"
"Hyperlink","https://irishealing.com/blog/what-are-the-benefits-of-holistic-depression-treatment-centers/","https://irishealing.com/","","Home","True","","","200","OK","Absolute","//body/div[@class='wrapper-page']/header/div/div/div/div/section[1]/div/div/div/section[1]/div/div[1]/div/div[1]/div/div/div/a","Header","HTML","341309","65671"
"Hyperlink","https://irishealing.com/blog/what-are-the-benefits-of-holistic-depression-treatment-centers/","https://irishealing.com/","","","True","","","200","OK","Absolute","//body/div[@class='wrapper-page']/header/div/div/div/div/section[2]/div/div[1]/div/div/div/a","Header","HTML","341309","65671"
"Hyperlink","https://irishealing.com/blog/what-are-the-benefits-of-holistic-depression-treatment-centers/","https://irishealing.com/","Home","","True","","","200","OK","Absolute","//body/div[@class='wrapper-page']/div/section/div/div/div/div/div[1]/div[@class='breadcrumb-main']/div/div/ol/li[1]/a","Content","HTML","341309","65671"
"Hyperlink","https://irishealing.com/blog/what-are-the-benefits-of-holistic-depression-treatment-centers/","https://irishealing.com/","","Home","True","","","200","OK","Absolute","//body/footer/div/div/section[2]/div/div[1]/div/div[1]/div/div/div/a","Footer","HTML","341309","65671"
"Hyperlink","https://irishealing.com/blog/what-are-the-benefits-of-holistic-depression-treatment-centers/","https://irishealing.com/","","Iris Healing® – Luxury Addiction Treatment","True","","","200","OK","Absolute","//body/div[@class='canvas-mobile']/div/div[@class='top-canvas']/a[@class='logo-mm']","Content","HTML","341309","65671"
"Hyperlink","https://irishealing.com/blog/tms-for-bipolar/","https://irishealing.com/","","Home","True","","","200","OK","Absolute","//body/div[@class='wrapper-page']/header/div/div/div/div/section[1]/div/div/div/section[1]/div/div[1]/div/div[1]/div/div/div/a","Header","HTML","341309","65671"
"Hyperlink","https://irishealing.com/blog/tms-for-bipolar/","https://irishealing.com/","","","True","","","200","OK","Absolute","//body/div[@class='wrapper-page']/header/div/div/div/div/section[2]/div/div[1]/div/div/div/a","Header","HTML","341309","65671"
"Hyperlink","https://irishealing.com/blog/tms-for-bipolar/","https://irishealing.com/","Home","","True","","","200","OK","Absolute","//body/div[@class='wrapper-page']/div/section/div/div/div/div/div[1]/div[@class='breadcrumb-main']/div/div/ol/li[1]/a","Content","HTML","341309","65671"
"Hyperlink","https://irishealing.com/blog/tms-for-bipolar/","https://irishealing.com/","","Home","True","","","200","OK","Absolute","//body/footer/div/div/section[2]/div/div[1]/div/div[1]/div/div/div/a","Footer","HTML","341309","65671"
"Hyperlink","https://irishealing.com/blog/tms-for-bipolar/","https://irishealing.com/","","Iris Healing® – Luxury Addiction Treatment","True","","","200","OK","Absolute","//body/div[@class='canvas-mobile']/div/div[@class='top-canvas']/a[@class='logo-mm']","Content","HTML","341309","65671"
"Hyperlink","https://irishealing.com/bethany-aukerman/","https://irishealing.com/","","Home","True","","","200","OK","Absolute","//body/div[@class='wrapper-page']/header/div/div/div/div/section[1]/div/div/div/section[1]/div/div[1]/div/div[1]/div/div/div/a","Header","HTML","341309","65671"
"Hyperlink","https://irishealing.com/bethany-aukerman/","https://irishealing.com/","","","True","","","200","OK","Absolute","//body/div[@class='wrapper-page']/header/div/div/div/div/section[2]/div/div[1]/div/div/div/a","Header","HTML","341309","65671"
"Hyperlink","https://irishealing.com/bethany-aukerman/","https://irishealing.com/","Home","","True","","","200","OK","Absolute","//body/div[@class='wrapper-page']/div/section/div/div/div/div/div/div/div/div/div[1]/section[1]/div/div/div/div/div/div/div/div/div/div/div/ol/li[1]/a","Content","HTML","341309","65671"
"Hyperlink","https://irishealing.com/bethany-aukerman/","https://irishealing.com/","","Home","True","","","200","OK","Absolute","//body/footer/div/div/section[2]/div/div[1]/div/div[1]/div/div/div/a","Footer","HTML","341309","65671"
"Hyperlink","https://irishealing.com/bethany-aukerman/","https://irishealing.com/","","Iris Healing® – Luxury Addiction Treatment","True","","","200","OK","Absolute","//body/div[@class='canvas-mobile']/div/div[@class='top-canvas']/a[@class='logo-mm']","Content","HTML","341309","65671"
"Hyperlink","https://irishealing.com/blog/morning-glory-seeds/","https://irishealing.com/","","Home","True","","","200","OK","Absolute","//body/div[@class='wrapper-page']/header/div/div/div/div/section[1]/div/div/div/section[1]/div/div[1]/div/div[1]/div/div/div/a","Header","HTML","341309","65671"
"Hyperlink","https://irishealing.com/blog/morning-glory-seeds/","https://irishealing.com/","","","True","","","200","OK","Absolute","//body/div[@class='wrapper-page']/header/div/div/div/div/section[2]/div/div[1]/div/div/div/a","Header","HTML","341309","65671"
"Hyperlink","https://irishealing.com/blog/morning-glory-seeds/","https://irishealing.com/","Home","","True","","","200","OK","Absolute","//body/div[@class='wrapper-page']/div/section/div/div/div/div/div[1]/div[@class='breadcrumb-main']/div/div/ol/li[1]/a","Content","HTML","341309","65671"
"Hyperlink","https://irishealing.com/blog/morning-glory-seeds/","https://irishealing.com/","","Home","True","","","200","OK","Absolute","//body/footer/div/div/section[2]/div/div[1]/div/div[1]/div/div/div/a","Footer","HTML","341309","65671"
"Hyperlink","https://irishealing.com/blog/morning-glory-seeds/","https://irishealing.com/","","Iris Healing® – Luxury Addiction Treatment","True","","","200","OK","Absolute","//body/div[@class='canvas-mobile']/div/div[@class='top-canvas']/a[@class='logo-mm']","Content","HTML","341309","65671"
"Hyperlink","https://irishealing.com/blog/xanax-in-your-system/","https://irishealing.com/","","Home","True","","","200","OK","Absolute","//body/div[@class='wrapper-page']/header/div/div/div/div/section[1]/div/div/div/section[1]/div/div[1]/div/div[1]/div/div/div/a","Header","HTML","341309","65671"
"Hyperlink","https://irishealing.com/blog/xanax-in-your-system/","https://irishealing.com/","","","True","","","200","OK","Absolute","//body/div[@class='wrapper-page']/header/div/div/div/div/section[2]/div/div[1]/div/div/div/a","Header","HTML","341309","65671"
"Hyperlink","https://irishealing.com/blog/xanax-in-your-system/","https://irishealing.com/","Home","","True","","","200","OK","Absolute","//body/div[@class='wrapper-page']/div/section/div/div/div/div/div[1]/div[@class='breadcrumb-main']/div/div/ol/li[1]/a","Content","HTML","341309","65671"
"Hyperlink","https://irishealing.com/blog/xanax-in-your-system/","https://irishealing.com/","","Home","True","","","200","OK","Absolute","//body/footer/div/div/section[2]/div/div[1]/div/div[1]/div/div/div/a","Footer","HTML","341309","65671"
"Hyperlink","https://irishealing.com/blog/xanax-in-your-system/","https://irishealing.com/","","Iris Healing® – Luxury Addiction Treatment","True","","","200","OK","Absolute","//body/div[@class='canvas-mobile']/div/div[@class='top-canvas']/a[@class='logo-mm']","Content","HTML","341309","65671"
"Hyperlink","https://irishealing.com/blog/alcohol-detox-programs-provide-the-first-steps-toward-recovery/","https://irishealing.com/","","Home","True","","","200","OK","Absolute","//body/div[@class='wrapper-page']/header/div/div/div/div/section[1]/div/div/div/section[1]/div/div[1]/div/div[1]/div/div/div/a","Header","HTML","341309","65671"
"Hyperlink","https://irishealing.com/blog/alcohol-detox-programs-provide-the-first-steps-toward-recovery/","https://irishealing.com/","","","True","","","200","OK","Absolute","//body/div[@class='wrapper-page']/header/div/div/div/div/section[2]/div/div[1]/div/div/div/a","Header","HTML","341309","65671"
"Hyperlink","https://irishealing.com/blog/alcohol-detox-programs-provide-the-first-steps-toward-recovery/","https://irishealing.com/","Home","","True","","","200","OK","Absolute","//body/div[@class='wrapper-page']/div/section/div/div/div/div/div[1]/div[@class='breadcrumb-main']/div/div/ol/li[1]/a","Content","HTML","341309","65671"
"Hyperlink","https://irishealing.com/blog/alcohol-detox-programs-provide-the-first-steps-toward-recovery/","https://irishealing.com/","","Home","True","","","200","OK","Absolute","//body/footer/div/div/section[2]/div/div[1]/div/div[1]/div/div/div/a","Footer","HTML","341309","65671"
"Hyperlink","https://irishealing.com/blog/alcohol-detox-programs-provide-the-first-steps-toward-recovery/","https://irishealing.com/","","Iris Healing® – Luxury Addiction Treatment","True","","","200","OK","Absolute","//body/div[@class='canvas-mobile']/div/div[@class='top-canvas']/a[@class='logo-mm']","Content","HTML","341309","65671"
"Hyperlink","https://irishealing.com/blog/sound-therapy-healing-to-keep-anxiety-and-depression-at-bay/","https://irishealing.com/","","Home","True","","","200","OK","Absolute","//body/div[@class='wrapper-page']/header/div/div/div/div/section[1]/div/div/div/section[1]/div/div[1]/div/div[1]/div/div/div/a","Header","HTML","341309","65671"
"Hyperlink","https://irishealing.com/blog/sound-therapy-healing-to-keep-anxiety-and-depression-at-bay/","https://irishealing.com/","","","True","","","200","OK","Absolute","//body/div[@class='wrapper-page']/header/div/div/div/div/section[2]/div/div[1]/div/div/div/a","Header","HTML","341309","65671"
"Hyperlink","https://irishealing.com/blog/sound-therapy-healing-to-keep-anxiety-and-depression-at-bay/","https://irishealing.com/","Home","","True","","","200","OK","Absolute","//body/div[@class='wrapper-page']/div/section/div/div/div/div/div[1]/div[@class='breadcrumb-main']/div/div/ol/li[1]/a","Content","HTML","341309","65671"
"Hyperlink","https://irishealing.com/blog/sound-therapy-healing-to-keep-anxiety-and-depression-at-bay/","https://irishealing.com/","","Home","True","","","200","OK","Absolute","//body/footer/div/div/section[2]/div/div[1]/div/div[1]/div/div/div/a","Footer","HTML","341309","65671"
"Hyperlink","https://irishealing.com/blog/sound-therapy-healing-to-keep-anxiety-and-depression-at-bay/","https://irishealing.com/","","Iris Healing® – Luxury Addiction Treatment","True","","","200","OK","Absolute","//body/div[@class='canvas-mobile']/div/div[@class='top-canvas']/a[@class='logo-mm']","Content","HTML","341309","65671"
"Hyperlink","https://irishealing.com/blog/help-someone-with-depression/","https://irishealing.com/","","Home","True","","","200","OK","Absolute","//body/div[@class='wrapper-page']/header/div/div/div/div/section[1]/div/div/div/section[1]/div/div[1]/div/div[1]/div/div/div/a","Header","HTML","341309","65671"
"Hyperlink","https://irishealing.com/blog/help-someone-with-depression/","https://irishealing.com/","","","True","","","200","OK","Absolute","//body/div[@class='wrapper-page']/header/div/div/div/div/section[2]/div/div[1]/div/div/div/a","Header","HTML","341309","65671"
"Hyperlink","https://irishealing.com/blog/help-someone-with-depression/","https://irishealing.com/","Home","","True","","","200","OK","Absolute","//body/div[@class='wrapper-page']/div/section/div/div/div/div/div[1]/div[@class='breadcrumb-main']/div/div/ol/li[1]/a","Content","HTML","341309","65671"
"Hyperlink","https://irishealing.com/blog/help-someone-with-depression/","https://irishealing.com/","","Home","True","","","200","OK","Absolute","//body/footer/div/div/section[2]/div/div[1]/div/div[1]/div/div/div/a","Footer","HTML","341309","65671"
"Hyperlink","https://irishealing.com/blog/help-someone-with-depression/","https://irishealing.com/","","Iris Healing® – Luxury Addiction Treatment","True","","","200","OK","Absolute","//body/div[@class='canvas-mobile']/div/div[@class='top-canvas']/a[@class='logo-mm']","Content","HTML","341309","65671"
"Hyperlink","https://irishealing.com/exercise-and-mental-health/","https://irishealing.com/","","Home","True","","","200","OK","Absolute","//body/div[@class='wrapper-page']/header/div/div/div/div/section[1]/div/div/div/section[1]/div/div[1]/div/div[1]/div/div/div/a","Header","HTML","341309","65671"
"Hyperlink","https://irishealing.com/exercise-and-mental-health/","https://irishealing.com/","","","True","","","200","OK","Absolute","//body/div[@class='wrapper-page']/header/div/div/div/div/section[2]/div/div[1]/div/div/div/a","Header","HTML","341309","65671"
"Hyperlink","https://irishealing.com/exercise-and-mental-health/","https://irishealing.com/","Home","","True","","","200","OK","Absolute","//body/div[@class='wrapper-page']/div/div/section[1]/div/div/div/div/div/div/div/div/div/div/div/ol/li[1]/a","Content","HTML","341309","65671"
"Hyperlink","https://irishealing.com/exercise-and-mental-health/","https://irishealing.com/","Iris Healing®","","True","","","200","OK","Absolute","//body/div[@class='wrapper-page']/div/div/section[7]/div/div/div/section/div/div/div/div[2]/div/p[1]/span/a","Content","HTML","341309","65671"
"Hyperlink","https://irishealing.com/exercise-and-mental-health/","https://irishealing.com/","","Home","True","","","200","OK","Absolute","//body/footer/div/div/section[2]/div/div[1]/div/div[1]/div/div/div/a","Footer","HTML","341309","65671"
"Hyperlink","https://irishealing.com/exercise-and-mental-health/","https://irishealing.com/","","Iris Healing® – Luxury Addiction Treatment","True","","","200","OK","Absolute","//body/div[@class='canvas-mobile']/div/div[@class='top-canvas']/a[@class='logo-mm']","Content","HTML","341309","65671"
"Hyperlink","https://irishealing.com/blog/how-does-fentanyl-kill-you/","https://irishealing.com/","","Home","True","","","200","OK","Absolute","//body/div[@class='wrapper-page']/header/div/div/div/div/section[1]/div/div/div/section[1]/div/div[1]/div/div[1]/div/div/div/a","Header","HTML","341309","65671"
"Hyperlink","https://irishealing.com/blog/how-does-fentanyl-kill-you/","https://irishealing.com/","","","True","","","200","OK","Absolute","//body/div[@class='wrapper-page']/header/div/div/div/div/section[2]/div/div[1]/div/div/div/a","Header","HTML","341309","65671"
"Hyperlink","https://irishealing.com/blog/how-does-fentanyl-kill-you/","https://irishealing.com/","Home","","True","","","200","OK","Absolute","//body/div[@class='wrapper-page']/div/section/div/div/div/div/div[1]/div[@class='breadcrumb-main']/div/div/ol/li[1]/a","Content","HTML","341309","65671"
"Hyperlink","https://irishealing.com/blog/how-does-fentanyl-kill-you/","https://irishealing.com/","","Home","True","","","200","OK","Absolute","//body/footer/div/div/section[2]/div/div[1]/div/div[1]/div/div/div/a","Footer","HTML","341309","65671"
"Hyperlink","https://irishealing.com/blog/how-does-fentanyl-kill-you/","https://irishealing.com/","","Iris Healing® – Luxury Addiction Treatment","True","","","200","OK","Absolute","//body/div[@class='canvas-mobile']/div/div[@class='top-canvas']/a[@class='logo-mm']","Content","HTML","341309","65671"
"Hyperlink","https://irishealing.com/blog/personality-disorder-test/","https://irishealing.com/","","Home","True","","","200","OK","Absolute","//body/div[@class='wrapper-page']/header/div/div/div/div/section[1]/div/div/div/section[1]/div/div[1]/div/div[1]/div/div/div/a","Header","HTML","341309","65671"
"Hyperlink","https://irishealing.com/blog/personality-disorder-test/","https://irishealing.com/","","","True","","","200","OK","Absolute","//body/div[@class='wrapper-page']/header/div/div/div/div/section[2]/div/div[1]/div/div/div/a","Header","HTML","341309","65671"
"Hyperlink","https://irishealing.com/blog/personality-disorder-test/","https://irishealing.com/","Home","","True","","","200","OK","Absolute","//body/div[@class='wrapper-page']/div/section/div/div/div/div/div[1]/div[@class='breadcrumb-main']/div/div/ol/li[1]/a","Content","HTML","341309","65671"
"Hyperlink","https://irishealing.com/blog/personality-disorder-test/","https://irishealing.com/","","Home","True","","","200","OK","Absolute","//body/footer/div/div/section[2]/div/div[1]/div/div[1]/div/div/div/a","Footer","HTML","341309","65671"
"Hyperlink","https://irishealing.com/blog/personality-disorder-test/","https://irishealing.com/","","Iris Healing® – Luxury Addiction Treatment","True","","","200","OK","Absolute","//body/div[@class='canvas-mobile']/div/div[@class='top-canvas']/a[@class='logo-mm']","Content","HTML","341309","65671"
"Hyperlink","https://irishealing.com/blog/rehab-facility-step-by-step-guide/","https://irishealing.com/","","Home","True","","","200","OK","Absolute","//body/div[@class='wrapper-page']/header/div/div/div/div/section[1]/div/div/div/section[1]/div/div[1]/div/div[1]/div/div/div/a","Header","HTML","341309","65671"
"Hyperlink","https://irishealing.com/blog/rehab-facility-step-by-step-guide/","https://irishealing.com/","","","True","","","200","OK","Absolute","//body/div[@class='wrapper-page']/header/div/div/div/div/section[2]/div/div[1]/div/div/div/a","Header","HTML","341309","65671"
"Hyperlink","https://irishealing.com/blog/rehab-facility-step-by-step-guide/","https://irishealing.com/","Home","","True","","","200","OK","Absolute","//body/div[@class='wrapper-page']/div/section/div/div/div/div/div[1]/div[@class='breadcrumb-main']/div/div/ol/li[1]/a","Content","HTML","341309","65671"
"Hyperlink","https://irishealing.com/blog/rehab-facility-step-by-step-guide/","https://irishealing.com/","","Home","True","","","200","OK","Absolute","//body/footer/div/div/section[2]/div/div[1]/div/div[1]/div/div/div/a","Footer","HTML","341309","65671"
"Hyperlink","https://irishealing.com/blog/rehab-facility-step-by-step-guide/","https://irishealing.com/","","Iris Healing® – Luxury Addiction Treatment","True","","","200","OK","Absolute","//body/div[@class='canvas-mobile']/div/div[@class='top-canvas']/a[@class='logo-mm']","Content","HTML","341309","65671"
"Hyperlink","https://irishealing.com/blog/elena-kapustina-was-honored/","https://irishealing.com/","","Home","True","","","200","OK","Absolute","//body/div[@class='wrapper-page']/header/div/div/div/div/section[1]/div/div/div/section[1]/div/div[1]/div/div[1]/div/div/div/a","Header","HTML","341309","65671"
"Hyperlink","https://irishealing.com/blog/elena-kapustina-was-honored/","https://irishealing.com/","","","True","","","200","OK","Absolute","//body/div[@class='wrapper-page']/header/div/div/div/div/section[2]/div/div[1]/div/div/div/a","Header","HTML","341309","65671"
"Hyperlink","https://irishealing.com/blog/elena-kapustina-was-honored/","https://irishealing.com/","Home","","True","","","200","OK","Absolute","//body/div[@class='wrapper-page']/div/section/div/div/div/div/div[1]/div[@class='breadcrumb-main']/div/div/ol/li[1]/a","Content","HTML","341309","65671"
"Hyperlink","https://irishealing.com/blog/elena-kapustina-was-honored/","https://irishealing.com/","","Home","True","","","200","OK","Absolute","//body/footer/div/div/section[2]/div/div[1]/div/div[1]/div/div/div/a","Footer","HTML","341309","65671"
"Hyperlink","https://irishealing.com/blog/elena-kapustina-was-honored/","https://irishealing.com/","","Iris Healing® – Luxury Addiction Treatment","True","","","200","OK","Absolute","//body/div[@class='canvas-mobile']/div/div[@class='top-canvas']/a[@class='logo-mm']","Content","HTML","341309","65671"
"Hyperlink","https://irishealing.com/julie-foster/","https://irishealing.com/","","Home","True","","","200","OK","Absolute","//body/div[@class='wrapper-page']/header/div/div/div/div/section[1]/div/div/div/section[1]/div/div[1]/div/div[1]/div/div/div/a","Header","HTML","341309","65671"
"Hyperlink","https://irishealing.com/julie-foster/","https://irishealing.com/","","","True","","","200","OK","Absolute","//body/div[@class='wrapper-page']/header/div/div/div/div/section[2]/div/div[1]/div/div/div/a","Header","HTML","341309","65671"
"Hyperlink","https://irishealing.com/julie-foster/","https://irishealing.com/","Home","","True","","","200","OK","Absolute","//body/div[@class='wrapper-page']/div/section/div/div/div/div/div/div/div/div/div[1]/section[1]/div/div/div/div/div/div/div/div/div/div/div/ol/li[1]/a","Content","HTML","341309","65671"
"Hyperlink","https://irishealing.com/julie-foster/","https://irishealing.com/","","Home","True","","","200","OK","Absolute","//body/footer/div/div/section[2]/div/div[1]/div/div[1]/div/div/div/a","Footer","HTML","341309","65671"
"Hyperlink","https://irishealing.com/julie-foster/","https://irishealing.com/","","Iris Healing® – Luxury Addiction Treatment","True","","","200","OK","Absolute","//body/div[@class='canvas-mobile']/div/div[@class='top-canvas']/a[@class='logo-mm']","Content","HTML","341309","65671"
"Hyperlink","https://irishealing.com/greg-johnson/","https://irishealing.com/","","Home","True","","","200","OK","Absolute","//body/div[@class='wrapper-page']/header/div/div/div/div/section[1]/div/div/div/section[1]/div/div[1]/div/div[1]/div/div/div/a","Header","HTML","341309","65671"
"Hyperlink","https://irishealing.com/greg-johnson/","https://irishealing.com/","","","True","","","200","OK","Absolute","//body/div[@class='wrapper-page']/header/div/div/div/div/section[2]/div/div[1]/div/div/div/a","Header","HTML","341309","65671"
"Hyperlink","https://irishealing.com/greg-johnson/","https://irishealing.com/","Home","","True","","","200","OK","Absolute","//body/div[@class='wrapper-page']/div/section/div/div/div/div/div/div/div/div/div[1]/section[1]/div/div/div/div/div/div/div/div/div/div/div/ol/li[1]/a","Content","HTML","341309","65671"
"Hyperlink","https://irishealing.com/greg-johnson/","https://irishealing.com/","","Home","True","","","200","OK","Absolute","//body/footer/div/div/section[2]/div/div[1]/div/div[1]/div/div/div/a","Footer","HTML","341309","65671"
"Hyperlink","https://irishealing.com/greg-johnson/","https://irishealing.com/","","Iris Healing® – Luxury Addiction Treatment","True","","","200","OK","Absolute","//body/div[@class='canvas-mobile']/div/div[@class='top-canvas']/a[@class='logo-mm']","Content","HTML","341309","65671"
"Hyperlink","https://irishealing.com/allison/","https://irishealing.com/","","Home","True","","","200","OK","Absolute","//body/div[@class='wrapper-page']/header/div/div/div/div/section[1]/div/div/div/section[1]/div/div[1]/div/div[1]/div/div/div/a","Header","HTML","341309","65671"
"Hyperlink","https://irishealing.com/allison/","https://irishealing.com/","","","True","","","200","OK","Absolute","//body/div[@class='wrapper-page']/header/div/div/div/div/section[2]/div/div[1]/div/div/div/a","Header","HTML","341309","65671"
"Hyperlink","https://irishealing.com/allison/","https://irishealing.com/","Home","","True","","","200","OK","Absolute","//body/div[@class='wrapper-page']/div/section/div/div/div/div/div/div/div/div/div[1]/section[1]/div/div/div/div/div/div/div/div/div/div/div/ol/li[1]/a","Content","HTML","341309","65671"
"Hyperlink","https://irishealing.com/allison/","https://irishealing.com/","","Home","True","","","200","OK","Absolute","//body/footer/div/div/section[2]/div/div[1]/div/div[1]/div/div/div/a","Footer","HTML","341309","65671"
"Hyperlink","https://irishealing.com/allison/","https://irishealing.com/","","Iris Healing® – Luxury Addiction Treatment","True","","","200","OK","Absolute","//body/div[@class='canvas-mobile']/div/div[@class='top-canvas']/a[@class='logo-mm']","Content","HTML","341309","65671"
"Hyperlink","https://irishealing.com/mental-health-outpatient/","https://irishealing.com/","","Home","True","","","200","OK","Absolute","//body/div[@class='wrapper-page']/header/div/div/div/div/section[1]/div/div/div/section[1]/div/div[1]/div/div[1]/div/div/div/a","Header","HTML","341309","65671"
"Hyperlink","https://irishealing.com/mental-health-outpatient/","https://irishealing.com/","","","True","","","200","OK","Absolute","//body/div[@class='wrapper-page']/header/div/div/div/div/section[2]/div/div[1]/div/div/div/a","Header","HTML","341309","65671"
"Hyperlink","https://irishealing.com/mental-health-outpatient/","https://irishealing.com/","Home","","True","","","200","OK","Absolute","//body/div[@class='wrapper-page']/div/div/section[1]/div/div/div/div/div/div/div/div/div/div/div/ol/li[1]/a","Content","HTML","341309","65671"
"Hyperlink","https://irishealing.com/mental-health-outpatient/","https://irishealing.com/","","Home","True","","","200","OK","Absolute","//body/footer/div/div/section[2]/div/div[1]/div/div[1]/div/div/div/a","Footer","HTML","341309","65671"
"Hyperlink","https://irishealing.com/mental-health-outpatient/","https://irishealing.com/","","Iris Healing® – Luxury Addiction Treatment","True","","","200","OK","Absolute","//body/div[@class='canvas-mobile']/div/div[@class='top-canvas']/a[@class='logo-mm']","Content","HTML","341309","65671"
"Hyperlink","https://irishealing.com/blog/los-angeles-rehab-center-on-the-opioid-crisis-in-america/","https://irishealing.com/","","Home","True","","","200","OK","Absolute","//body/div[@class='wrapper-page']/header/div/div/div/div/section[1]/div/div/div/section[1]/div/div[1]/div/div[1]/div/div/div/a","Header","HTML","341309","65671"
"Hyperlink","https://irishealing.com/blog/los-angeles-rehab-center-on-the-opioid-crisis-in-america/","https://irishealing.com/","","","True","","","200","OK","Absolute","//body/div[@class='wrapper-page']/header/div/div/div/div/section[2]/div/div[1]/div/div/div/a","Header","HTML","341309","65671"
"Hyperlink","https://irishealing.com/blog/los-angeles-rehab-center-on-the-opioid-crisis-in-america/","https://irishealing.com/","Home","","True","","","200","OK","Absolute","//body/div[@class='wrapper-page']/div/section/div/div/div/div/div[1]/div[@class='breadcrumb-main']/div/div/ol/li[1]/a","Content","HTML","341309","65671"
"Hyperlink","https://irishealing.com/blog/los-angeles-rehab-center-on-the-opioid-crisis-in-america/","https://irishealing.com/","","Home","True","","","200","OK","Absolute","//body/footer/div/div/section[2]/div/div[1]/div/div[1]/div/div/div/a","Footer","HTML","341309","65671"
"Hyperlink","https://irishealing.com/blog/los-angeles-rehab-center-on-the-opioid-crisis-in-america/","https://irishealing.com/","","Iris Healing® – Luxury Addiction Treatment","True","","","200","OK","Absolute","//body/div[@class='canvas-mobile']/div/div[@class='top-canvas']/a[@class='logo-mm']","Content","HTML","341309","65671"
"Hyperlink","https://irishealing.com/blog/what-is-deep-brain-stimulation-dbs/","https://irishealing.com/","","Home","True","","","200","OK","Absolute","//body/div[@class='wrapper-page']/header/div/div/div/div/section[1]/div/div/div/section[1]/div/div[1]/div/div[1]/div/div/div/a","Header","HTML","341309","65671"
"Hyperlink","https://irishealing.com/blog/what-is-deep-brain-stimulation-dbs/","https://irishealing.com/","","","True","","","200","OK","Absolute","//body/div[@class='wrapper-page']/header/div/div/div/div/section[2]/div/div[1]/div/div/div/a","Header","HTML","341309","65671"
"Hyperlink","https://irishealing.com/blog/what-is-deep-brain-stimulation-dbs/","https://irishealing.com/","Home","","True","","","200","OK","Absolute","//body/div[@class='wrapper-page']/div/section/div/div/div/div/div[1]/div[@class='breadcrumb-main']/div/div/ol/li[1]/a","Content","HTML","341309","65671"
"Hyperlink","https://irishealing.com/blog/what-is-deep-brain-stimulation-dbs/","https://irishealing.com/","","Home","True","","","200","OK","Absolute","//body/footer/div/div/section[2]/div/div[1]/div/div[1]/div/div/div/a","Footer","HTML","341309","65671"
"Hyperlink","https://irishealing.com/blog/what-is-deep-brain-stimulation-dbs/","https://irishealing.com/","","Iris Healing® – Luxury Addiction Treatment","True","","","200","OK","Absolute","//body/div[@class='canvas-mobile']/div/div[@class='top-canvas']/a[@class='logo-mm']","Content","HTML","341309","65671"
"Hyperlink","https://irishealing.com/blog/understanding-links-ptsd-addiction/","https://irishealing.com/","","Home","True","","","200","OK","Absolute","//body/div[@class='wrapper-page']/header/div/div/div/div/section[1]/div/div/div/section[1]/div/div[1]/div/div[1]/div/div/div/a","Header","HTML","341309","65671"
"Hyperlink","https://irishealing.com/blog/understanding-links-ptsd-addiction/","https://irishealing.com/","","","True","","","200","OK","Absolute","//body/div[@class='wrapper-page']/header/div/div/div/div/section[2]/div/div[1]/div/div/div/a","Header","HTML","341309","65671"
"Hyperlink","https://irishealing.com/blog/understanding-links-ptsd-addiction/","https://irishealing.com/","Home","","True","","","200","OK","Absolute","//body/div[@class='wrapper-page']/div/section/div/div/div/div/div[1]/div[@class='breadcrumb-main']/div/div/ol/li[1]/a","Content","HTML","341309","65671"
"Hyperlink","https://irishealing.com/blog/understanding-links-ptsd-addiction/","https://irishealing.com/","","Home","True","","","200","OK","Absolute","//body/footer/div/div/section[2]/div/div[1]/div/div[1]/div/div/div/a","Footer","HTML","341309","65671"
"Hyperlink","https://irishealing.com/blog/understanding-links-ptsd-addiction/","https://irishealing.com/","","Iris Healing® – Luxury Addiction Treatment","True","","","200","OK","Absolute","//body/div[@class='canvas-mobile']/div/div[@class='top-canvas']/a[@class='logo-mm']","Content","HTML","341309","65671"
"Hyperlink","https://irishealing.com/blog/addiction-in-active-duty/","https://irishealing.com/","","Home","True","","","200","OK","Absolute","//body/div[@class='wrapper-page']/header/div/div/div/div/section[1]/div/div/div/section[1]/div/div[1]/div/div[1]/div/div/div/a","Header","HTML","341309","65671"
"Hyperlink","https://irishealing.com/blog/addiction-in-active-duty/","https://irishealing.com/","","","True","","","200","OK","Absolute","//body/div[@class='wrapper-page']/header/div/div/div/div/section[2]/div/div[1]/div/div/div/a","Header","HTML","341309","65671"
"Hyperlink","https://irishealing.com/blog/addiction-in-active-duty/","https://irishealing.com/","Home","","True","","","200","OK","Absolute","//body/div[@class='wrapper-page']/div/section/div/div/div/div/div[1]/div[@class='breadcrumb-main']/div/div/ol/li[1]/a","Content","HTML","341309","65671"
"Hyperlink","https://irishealing.com/blog/addiction-in-active-duty/","https://irishealing.com/","","Home","True","","","200","OK","Absolute","//body/footer/div/div/section[2]/div/div[1]/div/div[1]/div/div/div/a","Footer","HTML","341309","65671"
"Hyperlink","https://irishealing.com/blog/addiction-in-active-duty/","https://irishealing.com/","","Iris Healing® – Luxury Addiction Treatment","True","","","200","OK","Absolute","//body/div[@class='canvas-mobile']/div/div[@class='top-canvas']/a[@class='logo-mm']","Content","HTML","341309","65671"
"Hyperlink","https://irishealing.com/blog/choose-the-right-drug-rehab-center-in-los-angeles/","https://irishealing.com/","","Home","True","","","200","OK","Absolute","//body/div[@class='wrapper-page']/header/div/div/div/div/section[1]/div/div/div/section[1]/div/div[1]/div/div[1]/div/div/div/a","Header","HTML","341309","65671"
"Hyperlink","https://irishealing.com/blog/choose-the-right-drug-rehab-center-in-los-angeles/","https://irishealing.com/","","","True","","","200","OK","Absolute","//body/div[@class='wrapper-page']/header/div/div/div/div/section[2]/div/div[1]/div/div/div/a","Header","HTML","341309","65671"
"Hyperlink","https://irishealing.com/blog/choose-the-right-drug-rehab-center-in-los-angeles/","https://irishealing.com/","Home","","True","","","200","OK","Absolute","//body/div[@class='wrapper-page']/div/section/div/div/div/div/div[1]/div[@class='breadcrumb-main']/div/div/ol/li[1]/a","Content","HTML","341309","65671"
"Hyperlink","https://irishealing.com/blog/choose-the-right-drug-rehab-center-in-los-angeles/","https://irishealing.com/","","Home","True","","","200","OK","Absolute","//body/footer/div/div/section[2]/div/div[1]/div/div[1]/div/div/div/a","Footer","HTML","341309","65671"
"Hyperlink","https://irishealing.com/blog/choose-the-right-drug-rehab-center-in-los-angeles/","https://irishealing.com/","","Iris Healing® – Luxury Addiction Treatment","True","","","200","OK","Absolute","//body/div[@class='canvas-mobile']/div/div[@class='top-canvas']/a[@class='logo-mm']","Content","HTML","341309","65671"
"Hyperlink","https://irishealing.com/blog/most-effective-treatment-for-drug-addiction/","https://irishealing.com/","","Home","True","","","200","OK","Absolute","//body/div[@class='wrapper-page']/header/div/div/div/div/section[1]/div/div/div/section[1]/div/div[1]/div/div[1]/div/div/div/a","Header","HTML","341309","65671"
"Hyperlink","https://irishealing.com/blog/most-effective-treatment-for-drug-addiction/","https://irishealing.com/","","","True","","","200","OK","Absolute","//body/div[@class='wrapper-page']/header/div/div/div/div/section[2]/div/div[1]/div/div/div/a","Header","HTML","341309","65671"
"Hyperlink","https://irishealing.com/blog/most-effective-treatment-for-drug-addiction/","https://irishealing.com/","Home","","True","","","200","OK","Absolute","//body/div[@class='wrapper-page']/div/section/div/div/div/div/div[1]/div[@class='breadcrumb-main']/div/div/ol/li[1]/a","Content","HTML","341309","65671"
"Hyperlink","https://irishealing.com/blog/most-effective-treatment-for-drug-addiction/","https://irishealing.com/","","Home","True","","","200","OK","Absolute","//body/footer/div/div/section[2]/div/div[1]/div/div[1]/div/div/div/a","Footer","HTML","341309","65671"
"Hyperlink","https://irishealing.com/blog/most-effective-treatment-for-drug-addiction/","https://irishealing.com/","","Iris Healing® – Luxury Addiction Treatment","True","","","200","OK","Absolute","//body/div[@class='canvas-mobile']/div/div[@class='top-canvas']/a[@class='logo-mm']","Content","HTML","341309","65671"
"Hyperlink","https://irishealing.com/blog/help-in-dealing-with-ptsd-and-addiction/","https://irishealing.com/","","Home","True","","","200","OK","Absolute","//body/div[@class='wrapper-page']/header/div/div/div/div/section[1]/div/div/div/section[1]/div/div[1]/div/div[1]/div/div/div/a","Header","HTML","341309","65671"
"Hyperlink","https://irishealing.com/blog/help-in-dealing-with-ptsd-and-addiction/","https://irishealing.com/","","","True","","","200","OK","Absolute","//body/div[@class='wrapper-page']/header/div/div/div/div/section[2]/div/div[1]/div/div/div/a","Header","HTML","341309","65671"
"Hyperlink","https://irishealing.com/blog/help-in-dealing-with-ptsd-and-addiction/","https://irishealing.com/","Home","","True","","","200","OK","Absolute","//body/div[@class='wrapper-page']/div/section/div/div/div/div/div[1]/div[@class='breadcrumb-main']/div/div/ol/li[1]/a","Content","HTML","341309","65671"
"Hyperlink","https://irishealing.com/blog/help-in-dealing-with-ptsd-and-addiction/","https://irishealing.com/","","Home","True","","","200","OK","Absolute","//body/footer/div/div/section[2]/div/div[1]/div/div[1]/div/div/div/a","Footer","HTML","341309","65671"
"Hyperlink","https://irishealing.com/blog/help-in-dealing-with-ptsd-and-addiction/","https://irishealing.com/","","Iris Healing® – Luxury Addiction Treatment","True","","","200","OK","Absolute","//body/div[@class='canvas-mobile']/div/div[@class='top-canvas']/a[@class='logo-mm']","Content","HTML","341309","65671"
"Hyperlink","https://irishealing.com/blog/tms-side-effects/","https://irishealing.com/","","Home","True","","","200","OK","Absolute","//body/div[@class='wrapper-page']/header/div/div/div/div/section[1]/div/div/div/section[1]/div/div[1]/div/div[1]/div/div/div/a","Header","HTML","341309","65671"
"Hyperlink","https://irishealing.com/blog/tms-side-effects/","https://irishealing.com/","","","True","","","200","OK","Absolute","//body/div[@class='wrapper-page']/header/div/div/div/div/section[2]/div/div[1]/div/div/div/a","Header","HTML","341309","65671"
"Hyperlink","https://irishealing.com/blog/tms-side-effects/","https://irishealing.com/","Home","","True","","","200","OK","Absolute","//body/div[@class='wrapper-page']/div/section/div/div/div/div/div[1]/div[@class='breadcrumb-main']/div/div/ol/li[1]/a","Content","HTML","341309","65671"
"Hyperlink","https://irishealing.com/blog/tms-side-effects/","https://irishealing.com/","","Home","True","","","200","OK","Absolute","//body/footer/div/div/section[2]/div/div[1]/div/div[1]/div/div/div/a","Footer","HTML","341309","65671"
"Hyperlink","https://irishealing.com/blog/tms-side-effects/","https://irishealing.com/","","Iris Healing® – Luxury Addiction Treatment","True","","","200","OK","Absolute","//body/div[@class='canvas-mobile']/div/div[@class='top-canvas']/a[@class='logo-mm']","Content","HTML","341309","65671"
"Hyperlink","https://irishealing.com/blog/schizoaffective-disorder-vs-schizophrenia/","https://irishealing.com/","","Home","True","","","200","OK","Absolute","//body/div[@class='wrapper-page']/header/div/div/div/div/section[1]/div/div/div/section[1]/div/div[1]/div/div[1]/div/div/div/a","Header","HTML","341309","65671"
"Hyperlink","https://irishealing.com/blog/schizoaffective-disorder-vs-schizophrenia/","https://irishealing.com/","","","True","","","200","OK","Absolute","//body/div[@class='wrapper-page']/header/div/div/div/div/section[2]/div/div[1]/div/div/div/a","Header","HTML","341309","65671"
"Hyperlink","https://irishealing.com/blog/schizoaffective-disorder-vs-schizophrenia/","https://irishealing.com/","Home","","True","","","200","OK","Absolute","//body/div[@class='wrapper-page']/div/section/div/div/div/div/div[1]/div[@class='breadcrumb-main']/div/div/ol/li[1]/a","Content","HTML","341309","65671"
"Hyperlink","https://irishealing.com/blog/schizoaffective-disorder-vs-schizophrenia/","https://irishealing.com/","","Home","True","","","200","OK","Absolute","//body/footer/div/div/section[2]/div/div[1]/div/div[1]/div/div/div/a","Footer","HTML","341309","65671"
"Hyperlink","https://irishealing.com/blog/schizoaffective-disorder-vs-schizophrenia/","https://irishealing.com/","","Iris Healing® – Luxury Addiction Treatment","True","","","200","OK","Absolute","//body/div[@class='canvas-mobile']/div/div[@class='top-canvas']/a[@class='logo-mm']","Content","HTML","341309","65671"
"Hyperlink","https://irishealing.com/blog/tms-therapy-success-rate/","https://irishealing.com/","","Home","True","","","200","OK","Absolute","//body/div[@class='wrapper-page']/header/div/div/div/div/section[1]/div/div/div/section[1]/div/div[1]/div/div[1]/div/div/div/a","Header","HTML","341309","65671"
"Hyperlink","https://irishealing.com/blog/tms-therapy-success-rate/","https://irishealing.com/","","","True","","","200","OK","Absolute","//body/div[@class='wrapper-page']/header/div/div/div/div/section[2]/div/div[1]/div/div/div/a","Header","HTML","341309","65671"
"Hyperlink","https://irishealing.com/blog/tms-therapy-success-rate/","https://irishealing.com/","Home","","True","","","200","OK","Absolute","//body/div[@class='wrapper-page']/div/section/div/div/div/div/div[1]/div[@class='breadcrumb-main']/div/div/ol/li[1]/a","Content","HTML","341309","65671"
"Hyperlink","https://irishealing.com/blog/tms-therapy-success-rate/","https://irishealing.com/","","Home","True","","","200","OK","Absolute","//body/footer/div/div/section[2]/div/div[1]/div/div[1]/div/div/div/a","Footer","HTML","341309","65671"
"Hyperlink","https://irishealing.com/blog/tms-therapy-success-rate/","https://irishealing.com/","","Iris Healing® – Luxury Addiction Treatment","True","","","200","OK","Absolute","//body/div[@class='canvas-mobile']/div/div[@class='top-canvas']/a[@class='logo-mm']","Content","HTML","341309","65671"
"Hyperlink","https://irishealing.com/blog/soothe-your-mind-at-a-co-occurring-disorder-center/","https://irishealing.com/","","Home","True","","","200","OK","Absolute","//body/div[@class='wrapper-page']/header/div/div/div/div/section[1]/div/div/div/section[1]/div/div[1]/div/div[1]/div/div/div/a","Header","HTML","341309","65671"
"Hyperlink","https://irishealing.com/blog/soothe-your-mind-at-a-co-occurring-disorder-center/","https://irishealing.com/","","","True","","","200","OK","Absolute","//body/div[@class='wrapper-page']/header/div/div/div/div/section[2]/div/div[1]/div/div/div/a","Header","HTML","341309","65671"
"Hyperlink","https://irishealing.com/blog/soothe-your-mind-at-a-co-occurring-disorder-center/","https://irishealing.com/","Home","","True","","","200","OK","Absolute","//body/div[@class='wrapper-page']/div/section/div/div/div/div/div[1]/div[@class='breadcrumb-main']/div/div/ol/li[1]/a","Content","HTML","341309","65671"
"Hyperlink","https://irishealing.com/blog/soothe-your-mind-at-a-co-occurring-disorder-center/","https://irishealing.com/","","Home","True","","","200","OK","Absolute","//body/footer/div/div/section[2]/div/div[1]/div/div[1]/div/div/div/a","Footer","HTML","341309","65671"
"Hyperlink","https://irishealing.com/blog/soothe-your-mind-at-a-co-occurring-disorder-center/","https://irishealing.com/","","Iris Healing® – Luxury Addiction Treatment","True","","","200","OK","Absolute","//body/div[@class='canvas-mobile']/div/div[@class='top-canvas']/a[@class='logo-mm']","Content","HTML","341309","65671"
"Hyperlink","https://irishealing.com/blog/trauma-the-forgotten-partner-of-substance-abuse-disorder/","https://irishealing.com/","","Home","True","","","200","OK","Absolute","//body/div[@class='wrapper-page']/header/div/div/div/div/section[1]/div/div/div/section[1]/div/div[1]/div/div[1]/div/div/div/a","Header","HTML","341309","65671"
"Hyperlink","https://irishealing.com/blog/trauma-the-forgotten-partner-of-substance-abuse-disorder/","https://irishealing.com/","","","True","","","200","OK","Absolute","//body/div[@class='wrapper-page']/header/div/div/div/div/section[2]/div/div[1]/div/div/div/a","Header","HTML","341309","65671"
"Hyperlink","https://irishealing.com/blog/trauma-the-forgotten-partner-of-substance-abuse-disorder/","https://irishealing.com/","Home","","True","","","200","OK","Absolute","//body/div[@class='wrapper-page']/div/section/div/div/div/div/div[1]/div[@class='breadcrumb-main']/div/div/ol/li[1]/a","Content","HTML","341309","65671"
"Hyperlink","https://irishealing.com/blog/trauma-the-forgotten-partner-of-substance-abuse-disorder/","https://irishealing.com/","","Home","True","","","200","OK","Absolute","//body/footer/div/div/section[2]/div/div[1]/div/div[1]/div/div/div/a","Footer","HTML","341309","65671"
"Hyperlink","https://irishealing.com/blog/trauma-the-forgotten-partner-of-substance-abuse-disorder/","https://irishealing.com/","","Iris Healing® – Luxury Addiction Treatment","True","","","200","OK","Absolute","//body/div[@class='canvas-mobile']/div/div[@class='top-canvas']/a[@class='logo-mm']","Content","HTML","341309","65671"
"Hyperlink","https://irishealing.com/blog/healing-retreat-centers-further-signs-of-addiction/","https://irishealing.com/","","Home","True","","","200","OK","Absolute","//body/div[@class='wrapper-page']/header/div/div/div/div/section[1]/div/div/div/section[1]/div/div[1]/div/div[1]/div/div/div/a","Header","HTML","341309","65671"
"Hyperlink","https://irishealing.com/blog/healing-retreat-centers-further-signs-of-addiction/","https://irishealing.com/","","","True","","","200","OK","Absolute","//body/div[@class='wrapper-page']/header/div/div/div/div/section[2]/div/div[1]/div/div/div/a","Header","HTML","341309","65671"
"Hyperlink","https://irishealing.com/blog/healing-retreat-centers-further-signs-of-addiction/","https://irishealing.com/","Home","","True","","","200","OK","Absolute","//body/div[@class='wrapper-page']/div/section/div/div/div/div/div[1]/div[@class='breadcrumb-main']/div/div/ol/li[1]/a","Content","HTML","341309","65671"
"Hyperlink","https://irishealing.com/blog/healing-retreat-centers-further-signs-of-addiction/","https://irishealing.com/","","Home","True","","","200","OK","Absolute","//body/footer/div/div/section[2]/div/div[1]/div/div[1]/div/div/div/a","Footer","HTML","341309","65671"
"Hyperlink","https://irishealing.com/blog/healing-retreat-centers-further-signs-of-addiction/","https://irishealing.com/","","Iris Healing® – Luxury Addiction Treatment","True","","","200","OK","Absolute","//body/div[@class='canvas-mobile']/div/div[@class='top-canvas']/a[@class='logo-mm']","Content","HTML","341309","65671"
"Hyperlink","https://irishealing.com/blog/sexual-harassment-addiction/","https://irishealing.com/","","Home","True","","","200","OK","Absolute","//body/div[@class='wrapper-page']/header/div/div/div/div/section[1]/div/div/div/section[1]/div/div[1]/div/div[1]/div/div/div/a","Header","HTML","341309","65671"
"Hyperlink","https://irishealing.com/blog/sexual-harassment-addiction/","https://irishealing.com/","","","True","","","200","OK","Absolute","//body/div[@class='wrapper-page']/header/div/div/div/div/section[2]/div/div[1]/div/div/div/a","Header","HTML","341309","65671"
"Hyperlink","https://irishealing.com/blog/sexual-harassment-addiction/","https://irishealing.com/","Home","","True","","","200","OK","Absolute","//body/div[@class='wrapper-page']/div/section/div/div/div/div/div[1]/div[@class='breadcrumb-main']/div/div/ol/li[1]/a","Content","HTML","341309","65671"
"Hyperlink","https://irishealing.com/blog/sexual-harassment-addiction/","https://irishealing.com/","","Home","True","","","200","OK","Absolute","//body/footer/div/div/section[2]/div/div[1]/div/div[1]/div/div/div/a","Footer","HTML","341309","65671"
"Hyperlink","https://irishealing.com/blog/sexual-harassment-addiction/","https://irishealing.com/","","Iris Healing® – Luxury Addiction Treatment","True","","","200","OK","Absolute","//body/div[@class='canvas-mobile']/div/div[@class='top-canvas']/a[@class='logo-mm']","Content","HTML","341309","65671"
"Hyperlink","https://irishealing.com/blog/holistic-depression-treatment-centers/","https://irishealing.com/","","Home","True","","","200","OK","Absolute","//body/div[@class='wrapper-page']/header/div/div/div/div/section[1]/div/div/div/section[1]/div/div[1]/div/div[1]/div/div/div/a","Header","HTML","341309","65671"
"Hyperlink","https://irishealing.com/blog/holistic-depression-treatment-centers/","https://irishealing.com/","","","True","","","200","OK","Absolute","//body/div[@class='wrapper-page']/header/div/div/div/div/section[2]/div/div[1]/div/div/div/a","Header","HTML","341309","65671"
"Hyperlink","https://irishealing.com/blog/holistic-depression-treatment-centers/","https://irishealing.com/","Home","","True","","","200","OK","Absolute","//body/div[@class='wrapper-page']/div/section/div/div/div/div/div[1]/div[@class='breadcrumb-main']/div/div/ol/li[1]/a","Content","HTML","341309","65671"
"Hyperlink","https://irishealing.com/blog/holistic-depression-treatment-centers/","https://irishealing.com/","","Home","True","","","200","OK","Absolute","//body/footer/div/div/section[2]/div/div[1]/div/div[1]/div/div/div/a","Footer","HTML","341309","65671"
"Hyperlink","https://irishealing.com/blog/holistic-depression-treatment-centers/","https://irishealing.com/","","Iris Healing® – Luxury Addiction Treatment","True","","","200","OK","Absolute","//body/div[@class='canvas-mobile']/div/div[@class='top-canvas']/a[@class='logo-mm']","Content","HTML","341309","65671"
"Hyperlink","https://irishealing.com/blog/reprogramming-trauma-workshop/","https://irishealing.com/","","Home","True","","","200","OK","Absolute","//body/div[@class='wrapper-page']/header/div/div/div/div/section[1]/div/div/div/section[1]/div/div[1]/div/div[1]/div/div/div/a","Header","HTML","341309","65671"
"Hyperlink","https://irishealing.com/blog/reprogramming-trauma-workshop/","https://irishealing.com/","","","True","","","200","OK","Absolute","//body/div[@class='wrapper-page']/header/div/div/div/div/section[2]/div/div[1]/div/div/div/a","Header","HTML","341309","65671"
"Hyperlink","https://irishealing.com/blog/reprogramming-trauma-workshop/","https://irishealing.com/","Home","","True","","","200","OK","Absolute","//body/div[@class='wrapper-page']/div/section/div/div/div/div/div[1]/div[@class='breadcrumb-main']/div/div/ol/li[1]/a","Content","HTML","341309","65671"
"Hyperlink","https://irishealing.com/blog/reprogramming-trauma-workshop/","https://irishealing.com/","","Home","True","","","200","OK","Absolute","//body/footer/div/div/section[2]/div/div[1]/div/div[1]/div/div/div/a","Footer","HTML","341309","65671"
"Hyperlink","https://irishealing.com/blog/reprogramming-trauma-workshop/","https://irishealing.com/","","Iris Healing® – Luxury Addiction Treatment","True","","","200","OK","Absolute","//body/div[@class='canvas-mobile']/div/div[@class='top-canvas']/a[@class='logo-mm']","Content","HTML","341309","65671"
"Hyperlink","https://irishealing.com/blog/dangers-of-mixing-opioids-alcohol/","https://irishealing.com/","","Home","True","","","200","OK","Absolute","//body/div[@class='wrapper-page']/header/div/div/div/div/section[1]/div/div/div/section[1]/div/div[1]/div/div[1]/div/div/div/a","Header","HTML","341309","65671"
"Hyperlink","https://irishealing.com/blog/dangers-of-mixing-opioids-alcohol/","https://irishealing.com/","","","True","","","200","OK","Absolute","//body/div[@class='wrapper-page']/header/div/div/div/div/section[2]/div/div[1]/div/div/div/a","Header","HTML","341309","65671"
"Hyperlink","https://irishealing.com/blog/dangers-of-mixing-opioids-alcohol/","https://irishealing.com/","Home","","True","","","200","OK","Absolute","//body/div[@class='wrapper-page']/div/section/div/div/div/div/div[1]/div[@class='breadcrumb-main']/div/div/ol/li[1]/a","Content","HTML","341309","65671"
"Hyperlink","https://irishealing.com/blog/dangers-of-mixing-opioids-alcohol/","https://irishealing.com/","","Home","True","","","200","OK","Absolute","//body/footer/div/div/section[2]/div/div[1]/div/div[1]/div/div/div/a","Footer","HTML","341309","65671"
"Hyperlink","https://irishealing.com/blog/dangers-of-mixing-opioids-alcohol/","https://irishealing.com/","","Iris Healing® – Luxury Addiction Treatment","True","","","200","OK","Absolute","//body/div[@class='canvas-mobile']/div/div[@class='top-canvas']/a[@class='logo-mm']","Content","HTML","341309","65671"
"Hyperlink","https://irishealing.com/what-is-a-rehab-center/","https://irishealing.com/","","Home","True","","","200","OK","Absolute","//body/div[@class='wrapper-page']/header/div/div/div/div/section[1]/div/div/div/section[1]/div/div[1]/div/div[1]/div/div/div/a","Header","HTML","341309","65671"
"Hyperlink","https://irishealing.com/what-is-a-rehab-center/","https://irishealing.com/","","","True","","","200","OK","Absolute","//body/div[@class='wrapper-page']/header/div/div/div/div/section[2]/div/div[1]/div/div/div/a","Header","HTML","341309","65671"
"Hyperlink","https://irishealing.com/what-is-a-rehab-center/","https://irishealing.com/","Home","","True","","","200","OK","Absolute","//body/div[@class='wrapper-page']/div/div/section[1]/div/div/div/div/div/div/div/div/div[@class='breadcrumb-main']/div/div/ol/li[1]/a","Content","HTML","341309","65671"
"Hyperlink","https://irishealing.com/what-is-a-rehab-center/","https://irishealing.com/","","Home","True","","","200","OK","Absolute","//body/footer/div/div/section[2]/div/div[1]/div/div[1]/div/div/div/a","Footer","HTML","341309","65671"
"Hyperlink","https://irishealing.com/what-is-a-rehab-center/","https://irishealing.com/","","Iris Healing® – Luxury Addiction Treatment","True","","","200","OK","Absolute","//body/div[@class='canvas-mobile']/div/div[@class='top-canvas']/a[@class='logo-mm']","Content","HTML","341309","65671"
"Hyperlink","https://irishealing.com/scott-sanders/","https://irishealing.com/","","Home","True","","","200","OK","Absolute","//body/div[@class='wrapper-page']/header/div/div/div/div/section[1]/div/div/div/section[1]/div/div[1]/div/div[1]/div/div/div/a","Header","HTML","341309","65671"
"Hyperlink","https://irishealing.com/scott-sanders/","https://irishealing.com/","","","True","","","200","OK","Absolute","//body/div[@class='wrapper-page']/header/div/div/div/div/section[2]/div/div[1]/div/div/div/a","Header","HTML","341309","65671"
"Hyperlink","https://irishealing.com/scott-sanders/","https://irishealing.com/","Home","","True","","","200","OK","Absolute","//body/div[@class='wrapper-page']/div/section/div/div/div/div/div/div/div/div/div[1]/section[1]/div/div/div/div/div/div/div/div/div/div/div/ol/li[1]/a","Content","HTML","341309","65671"
"Hyperlink","https://irishealing.com/scott-sanders/","https://irishealing.com/","","Home","True","","","200","OK","Absolute","//body/footer/div/div/section[2]/div/div[1]/div/div[1]/div/div/div/a","Footer","HTML","341309","65671"
"Hyperlink","https://irishealing.com/scott-sanders/","https://irishealing.com/","","Iris Healing® – Luxury Addiction Treatment","True","","","200","OK","Absolute","//body/div[@class='canvas-mobile']/div/div[@class='top-canvas']/a[@class='logo-mm']","Content","HTML","341309","65671"
"Hyperlink","https://irishealing.com/blog/healing-recovery-for-nutrition-and-substance-abuse/","https://irishealing.com/","","Home","True","","","200","OK","Absolute","//body/div[@class='wrapper-page']/header/div/div/div/div/section[1]/div/div/div/section[1]/div/div[1]/div/div[1]/div/div/div/a","Header","HTML","341309","65671"
"Hyperlink","https://irishealing.com/blog/healing-recovery-for-nutrition-and-substance-abuse/","https://irishealing.com/","","","True","","","200","OK","Absolute","//body/div[@class='wrapper-page']/header/div/div/div/div/section[2]/div/div[1]/div/div/div/a","Header","HTML","341309","65671"
"Hyperlink","https://irishealing.com/blog/healing-recovery-for-nutrition-and-substance-abuse/","https://irishealing.com/","Home","","True","","","200","OK","Absolute","//body/div[@class='wrapper-page']/div/section/div/div/div/div/div[1]/div[@class='breadcrumb-main']/div/div/ol/li[1]/a","Content","HTML","341309","65671"
"Hyperlink","https://irishealing.com/blog/healing-recovery-for-nutrition-and-substance-abuse/","https://irishealing.com/","","Home","True","","","200","OK","Absolute","//body/footer/div/div/section[2]/div/div[1]/div/div[1]/div/div/div/a","Footer","HTML","341309","65671"
"Hyperlink","https://irishealing.com/blog/healing-recovery-for-nutrition-and-substance-abuse/","https://irishealing.com/","","Iris Healing® – Luxury Addiction Treatment","True","","","200","OK","Absolute","//body/div[@class='canvas-mobile']/div/div[@class='top-canvas']/a[@class='logo-mm']","Content","HTML","341309","65671"
"Hyperlink","https://irishealing.com/blog/dissociative-identity-disorder-symptoms-treatment-causes/","https://irishealing.com/","","Home","True","","","200","OK","Absolute","//body/div[@class='wrapper-page']/header/div/div/div/div/section[1]/div/div/div/section[1]/div/div[1]/div/div[1]/div/div/div/a","Header","HTML","341309","65671"
"Hyperlink","https://irishealing.com/blog/dissociative-identity-disorder-symptoms-treatment-causes/","https://irishealing.com/","","","True","","","200","OK","Absolute","//body/div[@class='wrapper-page']/header/div/div/div/div/section[2]/div/div[1]/div/div/div/a","Header","HTML","341309","65671"
"Hyperlink","https://irishealing.com/blog/dissociative-identity-disorder-symptoms-treatment-causes/","https://irishealing.com/","Home","","True","","","200","OK","Absolute","//body/div[@class='wrapper-page']/div/section/div/div/div/div/div[1]/div[@class='breadcrumb-main']/div/div/ol/li[1]/a","Content","HTML","341309","65671"
"Hyperlink","https://irishealing.com/blog/dissociative-identity-disorder-symptoms-treatment-causes/","https://irishealing.com/","","Home","True","","","200","OK","Absolute","//body/footer/div/div/section[2]/div/div[1]/div/div[1]/div/div/div/a","Footer","HTML","341309","65671"
"Hyperlink","https://irishealing.com/blog/dissociative-identity-disorder-symptoms-treatment-causes/","https://irishealing.com/","","Iris Healing® – Luxury Addiction Treatment","True","","","200","OK","Absolute","//body/div[@class='canvas-mobile']/div/div[@class='top-canvas']/a[@class='logo-mm']","Content","HTML","341309","65671"
"Hyperlink","https://irishealing.com/blog/alcohol-detox-programs-to-remain-abstinent-from-alcohol/","https://irishealing.com/","","Home","True","","","200","OK","Absolute","//body/div[@class='wrapper-page']/header/div/div/div/div/section[1]/div/div/div/section[1]/div/div[1]/div/div[1]/div/div/div/a","Header","HTML","341309","65671"
"Hyperlink","https://irishealing.com/blog/alcohol-detox-programs-to-remain-abstinent-from-alcohol/","https://irishealing.com/","","","True","","","200","OK","Absolute","//body/div[@class='wrapper-page']/header/div/div/div/div/section[2]/div/div[1]/div/div/div/a","Header","HTML","341309","65671"
"Hyperlink","https://irishealing.com/blog/alcohol-detox-programs-to-remain-abstinent-from-alcohol/","https://irishealing.com/","Home","","True","","","200","OK","Absolute","//body/div[@class='wrapper-page']/div/section/div/div/div/div/div[1]/div[@class='breadcrumb-main']/div/div/ol/li[1]/a","Content","HTML","341309","65671"
"Hyperlink","https://irishealing.com/blog/alcohol-detox-programs-to-remain-abstinent-from-alcohol/","https://irishealing.com/","","Home","True","","","200","OK","Absolute","//body/footer/div/div/section[2]/div/div[1]/div/div[1]/div/div/div/a","Footer","HTML","341309","65671"
"Hyperlink","https://irishealing.com/blog/alcohol-detox-programs-to-remain-abstinent-from-alcohol/","https://irishealing.com/","","Iris Healing® – Luxury Addiction Treatment","True","","","200","OK","Absolute","//body/div[@class='canvas-mobile']/div/div[@class='top-canvas']/a[@class='logo-mm']","Content","HTML","341309","65671"
"Hyperlink","https://irishealing.com/blog/mental-health-outpatient-programs/","https://irishealing.com/","","Home","True","","","200","OK","Absolute","//body/div[@class='wrapper-page']/header/div/div/div/div/section[1]/div/div/div/section[1]/div/div[1]/div/div[1]/div/div/div/a","Header","HTML","341309","65671"
"Hyperlink","https://irishealing.com/blog/mental-health-outpatient-programs/","https://irishealing.com/","","","True","","","200","OK","Absolute","//body/div[@class='wrapper-page']/header/div/div/div/div/section[2]/div/div[1]/div/div/div/a","Header","HTML","341309","65671"
"Hyperlink","https://irishealing.com/blog/mental-health-outpatient-programs/","https://irishealing.com/","Home","","True","","","200","OK","Absolute","//body/div[@class='wrapper-page']/div/section/div/div/div/div/div[1]/div[@class='breadcrumb-main']/div/div/ol/li[1]/a","Content","HTML","341309","65671"
"Hyperlink","https://irishealing.com/blog/mental-health-outpatient-programs/","https://irishealing.com/","","Home","True","","","200","OK","Absolute","//body/footer/div/div/section[2]/div/div[1]/div/div[1]/div/div/div/a","Footer","HTML","341309","65671"
"Hyperlink","https://irishealing.com/blog/mental-health-outpatient-programs/","https://irishealing.com/","","Iris Healing® – Luxury Addiction Treatment","True","","","200","OK","Absolute","//body/div[@class='canvas-mobile']/div/div[@class='top-canvas']/a[@class='logo-mm']","Content","HTML","341309","65671"
"Hyperlink","https://irishealing.com/blog/12-steps-for-addiction-recovery/","https://irishealing.com/","","Home","True","","","200","OK","Absolute","//body/div[@class='wrapper-page']/header/div/div/div/div/section[1]/div/div/div/section[1]/div/div[1]/div/div[1]/div/div/div/a","Header","HTML","341309","65671"
"Hyperlink","https://irishealing.com/blog/12-steps-for-addiction-recovery/","https://irishealing.com/","","","True","","","200","OK","Absolute","//body/div[@class='wrapper-page']/header/div/div/div/div/section[2]/div/div[1]/div/div/div/a","Header","HTML","341309","65671"
"Hyperlink","https://irishealing.com/blog/12-steps-for-addiction-recovery/","https://irishealing.com/","Home","","True","","","200","OK","Absolute","//body/div[@class='wrapper-page']/div/section/div/div/div/div/div[1]/div[@class='breadcrumb-main']/div/div/ol/li[1]/a","Content","HTML","341309","65671"
"Hyperlink","https://irishealing.com/blog/12-steps-for-addiction-recovery/","https://irishealing.com/","","Home","True","","","200","OK","Absolute","//body/footer/div/div/section[2]/div/div[1]/div/div[1]/div/div/div/a","Footer","HTML","341309","65671"
"Hyperlink","https://irishealing.com/blog/12-steps-for-addiction-recovery/","https://irishealing.com/","","Iris Healing® – Luxury Addiction Treatment","True","","","200","OK","Absolute","//body/div[@class='canvas-mobile']/div/div[@class='top-canvas']/a[@class='logo-mm']","Content","HTML","341309","65671"
"Hyperlink","https://irishealing.com/blog/substance-abuse-recovery-experiential-therapy/","https://irishealing.com/","","Home","True","","","200","OK","Absolute","//body/div[@class='wrapper-page']/header/div/div/div/div/section[1]/div/div/div/section[1]/div/div[1]/div/div[1]/div/div/div/a","Header","HTML","341309","65671"
"Hyperlink","https://irishealing.com/blog/substance-abuse-recovery-experiential-therapy/","https://irishealing.com/","","","True","","","200","OK","Absolute","//body/div[@class='wrapper-page']/header/div/div/div/div/section[2]/div/div[1]/div/div/div/a","Header","HTML","341309","65671"
"Hyperlink","https://irishealing.com/blog/substance-abuse-recovery-experiential-therapy/","https://irishealing.com/","Home","","True","","","200","OK","Absolute","//body/div[@class='wrapper-page']/div/section/div/div/div/div/div[1]/div[@class='breadcrumb-main']/div/div/ol/li[1]/a","Content","HTML","341309","65671"
"Hyperlink","https://irishealing.com/blog/substance-abuse-recovery-experiential-therapy/","https://irishealing.com/","","Home","True","","","200","OK","Absolute","//body/footer/div/div/section[2]/div/div[1]/div/div[1]/div/div/div/a","Footer","HTML","341309","65671"
"Hyperlink","https://irishealing.com/blog/substance-abuse-recovery-experiential-therapy/","https://irishealing.com/","","Iris Healing® – Luxury Addiction Treatment","True","","","200","OK","Absolute","//body/div[@class='canvas-mobile']/div/div[@class='top-canvas']/a[@class='logo-mm']","Content","HTML","341309","65671"
"Hyperlink","https://irishealing.com/anita-kaplan/","https://irishealing.com/","","Home","True","","","200","OK","Absolute","//body/div[@class='wrapper-page']/header/div/div/div/div/section[1]/div/div/div/section[1]/div/div[1]/div/div[1]/div/div/div/a","Header","HTML","341309","65671"
"Hyperlink","https://irishealing.com/anita-kaplan/","https://irishealing.com/","","","True","","","200","OK","Absolute","//body/div[@class='wrapper-page']/header/div/div/div/div/section[2]/div/div[1]/div/div/div/a","Header","HTML","341309","65671"
"Hyperlink","https://irishealing.com/anita-kaplan/","https://irishealing.com/","Home","","True","","","200","OK","Absolute","//body/div[@class='wrapper-page']/div/section/div/div/div/div/div/div/div/div/div[1]/section[1]/div/div/div/div/div/div/div/div/div/div/div/ol/li[1]/a","Content","HTML","341309","65671"
"Hyperlink","https://irishealing.com/anita-kaplan/","https://irishealing.com/","","Home","True","","","200","OK","Absolute","//body/footer/div/div/section[2]/div/div[1]/div/div[1]/div/div/div/a","Footer","HTML","341309","65671"
"Hyperlink","https://irishealing.com/anita-kaplan/","https://irishealing.com/","","Iris Healing® – Luxury Addiction Treatment","True","","","200","OK","Absolute","//body/div[@class='canvas-mobile']/div/div[@class='top-canvas']/a[@class='logo-mm']","Content","HTML","341309","65671"
"Hyperlink","https://irishealing.com/blog/rehab-center-in-los-angeles-for-cocaine-overdose/","https://irishealing.com/","","Home","True","","","200","OK","Absolute","//body/div[@class='wrapper-page']/header/div/div/div/div/section[1]/div/div/div/section[1]/div/div[1]/div/div[1]/div/div/div/a","Header","HTML","341309","65671"
"Hyperlink","https://irishealing.com/blog/rehab-center-in-los-angeles-for-cocaine-overdose/","https://irishealing.com/","","","True","","","200","OK","Absolute","//body/div[@class='wrapper-page']/header/div/div/div/div/section[2]/div/div[1]/div/div/div/a","Header","HTML","341309","65671"
"Hyperlink","https://irishealing.com/blog/rehab-center-in-los-angeles-for-cocaine-overdose/","https://irishealing.com/","Home","","True","","","200","OK","Absolute","//body/div[@class='wrapper-page']/div/section/div/div/div/div/div[1]/div[@class='breadcrumb-main']/div/div/ol/li[1]/a","Content","HTML","341309","65671"
"Hyperlink","https://irishealing.com/blog/rehab-center-in-los-angeles-for-cocaine-overdose/","https://irishealing.com/","","Home","True","","","200","OK","Absolute","//body/footer/div/div/section[2]/div/div[1]/div/div[1]/div/div/div/a","Footer","HTML","341309","65671"
"Hyperlink","https://irishealing.com/blog/rehab-center-in-los-angeles-for-cocaine-overdose/","https://irishealing.com/","","Iris Healing® – Luxury Addiction Treatment","True","","","200","OK","Absolute","//body/div[@class='canvas-mobile']/div/div[@class='top-canvas']/a[@class='logo-mm']","Content","HTML","341309","65671"
"Hyperlink","https://irishealing.com/blog/why-choose-sound-therapy-healing/","https://irishealing.com/","","Home","True","","","200","OK","Absolute","//body/div[@class='wrapper-page']/header/div/div/div/div/section[1]/div/div/div/section[1]/div/div[1]/div/div[1]/div/div/div/a","Header","HTML","341309","65671"
"Hyperlink","https://irishealing.com/blog/why-choose-sound-therapy-healing/","https://irishealing.com/","","","True","","","200","OK","Absolute","//body/div[@class='wrapper-page']/header/div/div/div/div/section[2]/div/div[1]/div/div/div/a","Header","HTML","341309","65671"
"Hyperlink","https://irishealing.com/blog/why-choose-sound-therapy-healing/","https://irishealing.com/","Home","","True","","","200","OK","Absolute","//body/div[@class='wrapper-page']/div/section/div/div/div/div/div[1]/div[@class='breadcrumb-main']/div/div/ol/li[1]/a","Content","HTML","341309","65671"
"Hyperlink","https://irishealing.com/blog/why-choose-sound-therapy-healing/","https://irishealing.com/","","Home","True","","","200","OK","Absolute","//body/footer/div/div/section[2]/div/div[1]/div/div[1]/div/div/div/a","Footer","HTML","341309","65671"
"Hyperlink","https://irishealing.com/blog/why-choose-sound-therapy-healing/","https://irishealing.com/","","Iris Healing® – Luxury Addiction Treatment","True","","","200","OK","Absolute","//body/div[@class='canvas-mobile']/div/div[@class='top-canvas']/a[@class='logo-mm']","Content","HTML","341309","65671"
"Hyperlink","https://irishealing.com/paranoid-schizophrenia/","https://irishealing.com/","","Home","True","","","200","OK","Absolute","//body/div[@class='wrapper-page']/header/div/div/div/div/section[1]/div/div/div/section[1]/div/div[1]/div/div[1]/div/div/div/a","Header","HTML","341309","65671"
"Hyperlink","https://irishealing.com/paranoid-schizophrenia/","https://irishealing.com/","","","True","","","200","OK","Absolute","//body/div[@class='wrapper-page']/header/div/div/div/div/section[2]/div/div[1]/div/div/div/a","Header","HTML","341309","65671"
"Hyperlink","https://irishealing.com/paranoid-schizophrenia/","https://irishealing.com/","Home","","True","","","200","OK","Absolute","//body/div[@class='wrapper-page']/div/div/section[1]/div/div/div/div/div/div/div/div/div[@class='breadcrumb-main']/div/div/ol/li[1]/a","Content","HTML","341309","65671"
"Hyperlink","https://irishealing.com/paranoid-schizophrenia/","https://irishealing.com/","","Home","True","","","200","OK","Absolute","//body/footer/div/div/section[2]/div/div[1]/div/div[1]/div/div/div/a","Footer","HTML","341309","65671"
"Hyperlink","https://irishealing.com/paranoid-schizophrenia/","https://irishealing.com/","","Iris Healing® – Luxury Addiction Treatment","True","","","200","OK","Absolute","//body/div[@class='canvas-mobile']/div/div[@class='top-canvas']/a[@class='logo-mm']","Content","HTML","341309","65671"
"Hyperlink","https://irishealing.com/blog/how-long-rehab-lasts/","https://irishealing.com/","","Home","True","","","200","OK","Absolute","//body/div[@class='wrapper-page']/header/div/div/div/div/section[1]/div/div/div/section[1]/div/div[1]/div/div[1]/div/div/div/a","Header","HTML","341309","65671"
"Hyperlink","https://irishealing.com/blog/how-long-rehab-lasts/","https://irishealing.com/","","","True","","","200","OK","Absolute","//body/div[@class='wrapper-page']/header/div/div/div/div/section[2]/div/div[1]/div/div/div/a","Header","HTML","341309","65671"
"Hyperlink","https://irishealing.com/blog/how-long-rehab-lasts/","https://irishealing.com/","Home","","True","","","200","OK","Absolute","//body/div[@class='wrapper-page']/div/section/div/div/div/div/div[1]/div[@class='breadcrumb-main']/div/div/ol/li[1]/a","Content","HTML","341309","65671"
"Hyperlink","https://irishealing.com/blog/how-long-rehab-lasts/","https://irishealing.com/","","Home","True","","","200","OK","Absolute","//body/footer/div/div/section[2]/div/div[1]/div/div[1]/div/div/div/a","Footer","HTML","341309","65671"
"Hyperlink","https://irishealing.com/blog/how-long-rehab-lasts/","https://irishealing.com/","","Iris Healing® – Luxury Addiction Treatment","True","","","200","OK","Absolute","//body/div[@class='canvas-mobile']/div/div[@class='top-canvas']/a[@class='logo-mm']","Content","HTML","341309","65671"
"Hyperlink","https://irishealing.com/blog/why-do-people-drink-alcohol/","https://irishealing.com/","","Home","True","","","200","OK","Absolute","//body/div[@class='wrapper-page']/header/div/div/div/div/section[1]/div/div/div/section[1]/div/div[1]/div/div[1]/div/div/div/a","Header","HTML","341309","65671"
"Hyperlink","https://irishealing.com/blog/why-do-people-drink-alcohol/","https://irishealing.com/","","","True","","","200","OK","Absolute","//body/div[@class='wrapper-page']/header/div/div/div/div/section[2]/div/div[1]/div/div/div/a","Header","HTML","341309","65671"
"Hyperlink","https://irishealing.com/blog/why-do-people-drink-alcohol/","https://irishealing.com/","Home","","True","","","200","OK","Absolute","//body/div[@class='wrapper-page']/div/section/div/div/div/div/div[1]/div[@class='breadcrumb-main']/div/div/ol/li[1]/a","Content","HTML","341309","65671"
"Hyperlink","https://irishealing.com/blog/why-do-people-drink-alcohol/","https://irishealing.com/","","Home","True","","","200","OK","Absolute","//body/footer/div/div/section[2]/div/div[1]/div/div[1]/div/div/div/a","Footer","HTML","341309","65671"
"Hyperlink","https://irishealing.com/blog/why-do-people-drink-alcohol/","https://irishealing.com/","","Iris Healing® – Luxury Addiction Treatment","True","","","200","OK","Absolute","//body/div[@class='canvas-mobile']/div/div[@class='top-canvas']/a[@class='logo-mm']","Content","HTML","341309","65671"
"Hyperlink","https://irishealing.com/blog/cocaine-withdrawal-symptoms/","https://irishealing.com/","","Home","True","","","200","OK","Absolute","//body/div[@class='wrapper-page']/header/div/div/div/div/section[1]/div/div/div/section[1]/div/div[1]/div/div[1]/div/div/div/a","Header","HTML","341309","65671"
"Hyperlink","https://irishealing.com/blog/cocaine-withdrawal-symptoms/","https://irishealing.com/","","","True","","","200","OK","Absolute","//body/div[@class='wrapper-page']/header/div/div/div/div/section[2]/div/div[1]/div/div/div/a","Header","HTML","341309","65671"
"Hyperlink","https://irishealing.com/blog/cocaine-withdrawal-symptoms/","https://irishealing.com/","Home","","True","","","200","OK","Absolute","//body/div[@class='wrapper-page']/div/section/div/div/div/div/div[1]/div[@class='breadcrumb-main']/div/div/ol/li[1]/a","Content","HTML","341309","65671"
"Hyperlink","https://irishealing.com/blog/cocaine-withdrawal-symptoms/","https://irishealing.com/","","Home","True","","","200","OK","Absolute","//body/footer/div/div/section[2]/div/div[1]/div/div[1]/div/div/div/a","Footer","HTML","341309","65671"
"Hyperlink","https://irishealing.com/blog/cocaine-withdrawal-symptoms/","https://irishealing.com/","","Iris Healing® – Luxury Addiction Treatment","True","","","200","OK","Absolute","//body/div[@class='canvas-mobile']/div/div[@class='top-canvas']/a[@class='logo-mm']","Content","HTML","341309","65671"
"Hyperlink","https://irishealing.com/blog/opioid-withdrawal-symptoms/","https://irishealing.com/","","Home","True","","","200","OK","Absolute","//body/div[@class='wrapper-page']/header/div/div/div/div/section[1]/div/div/div/section[1]/div/div[1]/div/div[1]/div/div/div/a","Header","HTML","341309","65671"
"Hyperlink","https://irishealing.com/blog/opioid-withdrawal-symptoms/","https://irishealing.com/","","","True","","","200","OK","Absolute","//body/div[@class='wrapper-page']/header/div/div/div/div/section[2]/div/div[1]/div/div/div/a","Header","HTML","341309","65671"
"Hyperlink","https://irishealing.com/blog/opioid-withdrawal-symptoms/","https://irishealing.com/","Home","","True","","","200","OK","Absolute","//body/div[@class='wrapper-page']/div/section/div/div/div/div/div[1]/div[@class='breadcrumb-main']/div/div/ol/li[1]/a","Content","HTML","341309","65671"
"Hyperlink","https://irishealing.com/blog/opioid-withdrawal-symptoms/","https://irishealing.com/","","Home","True","","","200","OK","Absolute","//body/footer/div/div/section[2]/div/div[1]/div/div[1]/div/div/div/a","Footer","HTML","341309","65671"
"Hyperlink","https://irishealing.com/blog/opioid-withdrawal-symptoms/","https://irishealing.com/","","Iris Healing® – Luxury Addiction Treatment","True","","","200","OK","Absolute","//body/div[@class='canvas-mobile']/div/div[@class='top-canvas']/a[@class='logo-mm']","Content","HTML","341309","65671"
"Hyperlink","https://irishealing.com/blog/mental-health-disorders-list/","https://irishealing.com/","","Home","True","","","200","OK","Absolute","//body/div[@class='wrapper-page']/header/div/div/div/div/section[1]/div/div/div/section[1]/div/div[1]/div/div[1]/div/div/div/a","Header","HTML","341309","65671"
"Hyperlink","https://irishealing.com/blog/mental-health-disorders-list/","https://irishealing.com/","","","True","","","200","OK","Absolute","//body/div[@class='wrapper-page']/header/div/div/div/div/section[2]/div/div[1]/div/div/div/a","Header","HTML","341309","65671"
"Hyperlink","https://irishealing.com/blog/mental-health-disorders-list/","https://irishealing.com/","Home","","True","","","200","OK","Absolute","//body/div[@class='wrapper-page']/div/section/div/div/div/div/div[1]/div[@class='breadcrumb-main']/div/div/ol/li[1]/a","Content","HTML","341309","65671"
"Hyperlink","https://irishealing.com/blog/mental-health-disorders-list/","https://irishealing.com/","","Home","True","","","200","OK","Absolute","//body/footer/div/div/section[2]/div/div[1]/div/div[1]/div/div/div/a","Footer","HTML","341309","65671"
"Hyperlink","https://irishealing.com/blog/mental-health-disorders-list/","https://irishealing.com/","","Iris Healing® – Luxury Addiction Treatment","True","","","200","OK","Absolute","//body/div[@class='canvas-mobile']/div/div[@class='top-canvas']/a[@class='logo-mm']","Content","HTML","341309","65671"
"Hyperlink","https://irishealing.com/blog/hope-healing-amid-opioid-crisis/","https://irishealing.com/","","Home","True","","","200","OK","Absolute","//body/div[@class='wrapper-page']/header/div/div/div/div/section[1]/div/div/div/section[1]/div/div[1]/div/div[1]/div/div/div/a","Header","HTML","341309","65671"
"Hyperlink","https://irishealing.com/blog/hope-healing-amid-opioid-crisis/","https://irishealing.com/","","","True","","","200","OK","Absolute","//body/div[@class='wrapper-page']/header/div/div/div/div/section[2]/div/div[1]/div/div/div/a","Header","HTML","341309","65671"
"Hyperlink","https://irishealing.com/blog/hope-healing-amid-opioid-crisis/","https://irishealing.com/","Home","","True","","","200","OK","Absolute","//body/div[@class='wrapper-page']/div/section/div/div/div/div/div[1]/div[@class='breadcrumb-main']/div/div/ol/li[1]/a","Content","HTML","341309","65671"
"Hyperlink","https://irishealing.com/blog/hope-healing-amid-opioid-crisis/","https://irishealing.com/","","Home","True","","","200","OK","Absolute","//body/footer/div/div/section[2]/div/div[1]/div/div[1]/div/div/div/a","Footer","HTML","341309","65671"
"Hyperlink","https://irishealing.com/blog/hope-healing-amid-opioid-crisis/","https://irishealing.com/","","Iris Healing® – Luxury Addiction Treatment","True","","","200","OK","Absolute","//body/div[@class='canvas-mobile']/div/div[@class='top-canvas']/a[@class='logo-mm']","Content","HTML","341309","65671"
"Hyperlink","https://irishealing.com/blog/a-different-kind-of-alcohol-detox-program/","https://irishealing.com/","","Home","True","","","200","OK","Absolute","//body/div[@class='wrapper-page']/header/div/div/div/div/section[1]/div/div/div/section[1]/div/div[1]/div/div[1]/div/div/div/a","Header","HTML","341309","65671"
"Hyperlink","https://irishealing.com/blog/a-different-kind-of-alcohol-detox-program/","https://irishealing.com/","","","True","","","200","OK","Absolute","//body/div[@class='wrapper-page']/header/div/div/div/div/section[2]/div/div[1]/div/div/div/a","Header","HTML","341309","65671"
"Hyperlink","https://irishealing.com/blog/a-different-kind-of-alcohol-detox-program/","https://irishealing.com/","Home","","True","","","200","OK","Absolute","//body/div[@class='wrapper-page']/div/section/div/div/div/div/div[1]/div[@class='breadcrumb-main']/div/div/ol/li[1]/a","Content","HTML","341309","65671"
"Hyperlink","https://irishealing.com/blog/a-different-kind-of-alcohol-detox-program/","https://irishealing.com/","","Home","True","","","200","OK","Absolute","//body/footer/div/div/section[2]/div/div[1]/div/div[1]/div/div/div/a","Footer","HTML","341309","65671"
"Hyperlink","https://irishealing.com/blog/a-different-kind-of-alcohol-detox-program/","https://irishealing.com/","","Iris Healing® – Luxury Addiction Treatment","True","","","200","OK","Absolute","//body/div[@class='canvas-mobile']/div/div[@class='top-canvas']/a[@class='logo-mm']","Content","HTML","341309","65671"
"Hyperlink","https://irishealing.com/blog/neurofeedback-for-depression/","https://irishealing.com/","","Home","True","","","200","OK","Absolute","//body/div[@class='wrapper-page']/header/div/div/div/div/section[1]/div/div/div/section[1]/div/div[1]/div/div[1]/div/div/div/a","Header","HTML","341309","65671"
"Hyperlink","https://irishealing.com/blog/neurofeedback-for-depression/","https://irishealing.com/","","","True","","","200","OK","Absolute","//body/div[@class='wrapper-page']/header/div/div/div/div/section[2]/div/div[1]/div/div/div/a","Header","HTML","341309","65671"
"Hyperlink","https://irishealing.com/blog/neurofeedback-for-depression/","https://irishealing.com/","Home","","True","","","200","OK","Absolute","//body/div[@class='wrapper-page']/div/section/div/div/div/div/div[1]/div[@class='breadcrumb-main']/div/div/ol/li[1]/a","Content","HTML","341309","65671"
"Hyperlink","https://irishealing.com/blog/neurofeedback-for-depression/","https://irishealing.com/","","Home","True","","","200","OK","Absolute","//body/footer/div/div/section[2]/div/div[1]/div/div[1]/div/div/div/a","Footer","HTML","341309","65671"
"Hyperlink","https://irishealing.com/blog/neurofeedback-for-depression/","https://irishealing.com/","","Iris Healing® – Luxury Addiction Treatment","True","","","200","OK","Absolute","//body/div[@class='canvas-mobile']/div/div[@class='top-canvas']/a[@class='logo-mm']","Content","HTML","341309","65671"
"Hyperlink","https://irishealing.com/feedback/","https://irishealing.com/","","Home","True","","","200","OK","Absolute","//body/div[@class='wrapper-page']/header/div/div/div/div/section[1]/div/div/div/section[1]/div/div[1]/div/div[1]/div/div/div/a","Header","HTML","341309","65671"
"Hyperlink","https://irishealing.com/feedback/","https://irishealing.com/","","","True","","","200","OK","Absolute","//body/div[@class='wrapper-page']/header/div/div/div/div/section[2]/div/div[1]/div/div/div/a","Header","HTML","341309","65671"
"Hyperlink","https://irishealing.com/feedback/","https://irishealing.com/","","Home","True","","","200","OK","Absolute","//body/footer/div/div/section[2]/div/div[1]/div/div[1]/div/div/div/a","Footer","HTML","341309","65671"
"Hyperlink","https://irishealing.com/feedback/","https://irishealing.com/","","Iris Healing® – Luxury Addiction Treatment","True","","","200","OK","Absolute","//body/div[@class='canvas-mobile']/div/div[@class='top-canvas']/a[@class='logo-mm']","Content","HTML","341309","65671"
"Hyperlink","https://irishealing.com/blog/tms-for-schizophrenia/","https://irishealing.com/","","Home","True","","","200","OK","Absolute","//body/div[@class='wrapper-page']/header/div/div/div/div/section[1]/div/div/div/section[1]/div/div[1]/div/div[1]/div/div/div/a","Header","HTML","341309","65671"
"Hyperlink","https://irishealing.com/blog/tms-for-schizophrenia/","https://irishealing.com/","","","True","","","200","OK","Absolute","//body/div[@class='wrapper-page']/header/div/div/div/div/section[2]/div/div[1]/div/div/div/a","Header","HTML","341309","65671"
"Hyperlink","https://irishealing.com/blog/tms-for-schizophrenia/","https://irishealing.com/","Home","","True","","","200","OK","Absolute","//body/div[@class='wrapper-page']/div/section/div/div/div/div/div[1]/div[@class='breadcrumb-main']/div/div/ol/li[1]/a","Content","HTML","341309","65671"
"Hyperlink","https://irishealing.com/blog/tms-for-schizophrenia/","https://irishealing.com/","","Home","True","","","200","OK","Absolute","//body/footer/div/div/section[2]/div/div[1]/div/div[1]/div/div/div/a","Footer","HTML","341309","65671"
"Hyperlink","https://irishealing.com/blog/tms-for-schizophrenia/","https://irishealing.com/","","Iris Healing® – Luxury Addiction Treatment","True","","","200","OK","Absolute","//body/div[@class='canvas-mobile']/div/div[@class='top-canvas']/a[@class='logo-mm']","Content","HTML","341309","65671"
"Hyperlink","https://irishealing.com/jennifer-kane/","https://irishealing.com/","","Home","True","","","200","OK","Absolute","//body/div[@class='wrapper-page']/header/div/div/div/div/section[1]/div/div/div/section[1]/div/div[1]/div/div[1]/div/div/div/a","Header","HTML","341309","65671"
"Hyperlink","https://irishealing.com/jennifer-kane/","https://irishealing.com/","","","True","","","200","OK","Absolute","//body/div[@class='wrapper-page']/header/div/div/div/div/section[2]/div/div[1]/div/div/div/a","Header","HTML","341309","65671"
"Hyperlink","https://irishealing.com/jennifer-kane/","https://irishealing.com/","Home","","True","","","200","OK","Absolute","//body/div[@class='wrapper-page']/div/section/div/div/div/div/div/div/div/div/div[1]/section[1]/div/div/div/div/div/div/div/div/div/div/div/ol/li[1]/a","Content","HTML","341309","65671"
"Hyperlink","https://irishealing.com/jennifer-kane/","https://irishealing.com/","","Home","True","","","200","OK","Absolute","//body/footer/div/div/section[2]/div/div[1]/div/div[1]/div/div/div/a","Footer","HTML","341309","65671"
"Hyperlink","https://irishealing.com/jennifer-kane/","https://irishealing.com/","","Iris Healing® – Luxury Addiction Treatment","True","","","200","OK","Absolute","//body/div[@class='canvas-mobile']/div/div[@class='top-canvas']/a[@class='logo-mm']","Content","HTML","341309","65671"
"Hyperlink","https://irishealing.com/blog/recovery-resolutions-new-year/","https://irishealing.com/","","Home","True","","","200","OK","Absolute","//body/div[@class='wrapper-page']/header/div/div/div/div/section[1]/div/div/div/section[1]/div/div[1]/div/div[1]/div/div/div/a","Header","HTML","341309","65671"
"Hyperlink","https://irishealing.com/blog/recovery-resolutions-new-year/","https://irishealing.com/","","","True","","","200","OK","Absolute","//body/div[@class='wrapper-page']/header/div/div/div/div/section[2]/div/div[1]/div/div/div/a","Header","HTML","341309","65671"
"Hyperlink","https://irishealing.com/blog/recovery-resolutions-new-year/","https://irishealing.com/","Home","","True","","","200","OK","Absolute","//body/div[@class='wrapper-page']/div/section/div/div/div/div/div[1]/div[@class='breadcrumb-main']/div/div/ol/li[1]/a","Content","HTML","341309","65671"
"Hyperlink","https://irishealing.com/blog/recovery-resolutions-new-year/","https://irishealing.com/","","Home","True","","","200","OK","Absolute","//body/footer/div/div/section[2]/div/div[1]/div/div[1]/div/div/div/a","Footer","HTML","341309","65671"
"Hyperlink","https://irishealing.com/blog/recovery-resolutions-new-year/","https://irishealing.com/","","Iris Healing® – Luxury Addiction Treatment","True","","","200","OK","Absolute","//body/div[@class='canvas-mobile']/div/div[@class='top-canvas']/a[@class='logo-mm']","Content","HTML","341309","65671"
"Hyperlink","https://irishealing.com/blog/why-you-should-consider-a-holistic-rehab-for-treatment/","https://irishealing.com/","","Home","True","","","200","OK","Absolute","//body/div[@class='wrapper-page']/header/div/div/div/div/section[1]/div/div/div/section[1]/div/div[1]/div/div[1]/div/div/div/a","Header","HTML","341309","65671"
"Hyperlink","https://irishealing.com/blog/why-you-should-consider-a-holistic-rehab-for-treatment/","https://irishealing.com/","","","True","","","200","OK","Absolute","//body/div[@class='wrapper-page']/header/div/div/div/div/section[2]/div/div[1]/div/div/div/a","Header","HTML","341309","65671"
"Hyperlink","https://irishealing.com/blog/why-you-should-consider-a-holistic-rehab-for-treatment/","https://irishealing.com/","Home","","True","","","200","OK","Absolute","//body/div[@class='wrapper-page']/div/section/div/div/div/div/div[1]/div[@class='breadcrumb-main']/div/div/ol/li[1]/a","Content","HTML","341309","65671"
"Hyperlink","https://irishealing.com/blog/why-you-should-consider-a-holistic-rehab-for-treatment/","https://irishealing.com/","","Home","True","","","200","OK","Absolute","//body/footer/div/div/section[2]/div/div[1]/div/div[1]/div/div/div/a","Footer","HTML","341309","65671"
"Hyperlink","https://irishealing.com/blog/why-you-should-consider-a-holistic-rehab-for-treatment/","https://irishealing.com/","","Iris Healing® – Luxury Addiction Treatment","True","","","200","OK","Absolute","//body/div[@class='canvas-mobile']/div/div[@class='top-canvas']/a[@class='logo-mm']","Content","HTML","341309","65671"
"Hyperlink","https://irishealing.com/blog/drug-and-alcohol-rehabs-near-me-advantages-disadvantages/","https://irishealing.com/","","Home","True","","","200","OK","Absolute","//body/div[@class='wrapper-page']/header/div/div/div/div/section[1]/div/div/div/section[1]/div/div[1]/div/div[1]/div/div/div/a","Header","HTML","341309","65671"
"Hyperlink","https://irishealing.com/blog/drug-and-alcohol-rehabs-near-me-advantages-disadvantages/","https://irishealing.com/","","","True","","","200","OK","Absolute","//body/div[@class='wrapper-page']/header/div/div/div/div/section[2]/div/div[1]/div/div/div/a","Header","HTML","341309","65671"
"Hyperlink","https://irishealing.com/blog/drug-and-alcohol-rehabs-near-me-advantages-disadvantages/","https://irishealing.com/","Home","","True","","","200","OK","Absolute","//body/div[@class='wrapper-page']/div/section/div/div/div/div/div[1]/div[@class='breadcrumb-main']/div/div/ol/li[1]/a","Content","HTML","341309","65671"
"Hyperlink","https://irishealing.com/blog/drug-and-alcohol-rehabs-near-me-advantages-disadvantages/","https://irishealing.com/","","Home","True","","","200","OK","Absolute","//body/footer/div/div/section[2]/div/div[1]/div/div[1]/div/div/div/a","Footer","HTML","341309","65671"
"Hyperlink","https://irishealing.com/blog/drug-and-alcohol-rehabs-near-me-advantages-disadvantages/","https://irishealing.com/","","Iris Healing® – Luxury Addiction Treatment","True","","","200","OK","Absolute","//body/div[@class='canvas-mobile']/div/div[@class='top-canvas']/a[@class='logo-mm']","Content","HTML","341309","65671"
"Hyperlink","https://irishealing.com/blog/get-help-from-suffering-with-a-specialist-trauma-recovery-retreat/","https://irishealing.com/","","Home","True","","","200","OK","Absolute","//body/div[@class='wrapper-page']/header/div/div/div/div/section[1]/div/div/div/section[1]/div/div[1]/div/div[1]/div/div/div/a","Header","HTML","341309","65671"
"Hyperlink","https://irishealing.com/blog/get-help-from-suffering-with-a-specialist-trauma-recovery-retreat/","https://irishealing.com/","","","True","","","200","OK","Absolute","//body/div[@class='wrapper-page']/header/div/div/div/div/section[2]/div/div[1]/div/div/div/a","Header","HTML","341309","65671"
"Hyperlink","https://irishealing.com/blog/get-help-from-suffering-with-a-specialist-trauma-recovery-retreat/","https://irishealing.com/","Home","","True","","","200","OK","Absolute","//body/div[@class='wrapper-page']/div/section/div/div/div/div/div[1]/div[@class='breadcrumb-main']/div/div/ol/li[1]/a","Content","HTML","341309","65671"
"Hyperlink","https://irishealing.com/blog/get-help-from-suffering-with-a-specialist-trauma-recovery-retreat/","https://irishealing.com/","","Home","True","","","200","OK","Absolute","//body/footer/div/div/section[2]/div/div[1]/div/div[1]/div/div/div/a","Footer","HTML","341309","65671"
"Hyperlink","https://irishealing.com/blog/get-help-from-suffering-with-a-specialist-trauma-recovery-retreat/","https://irishealing.com/","","Iris Healing® – Luxury Addiction Treatment","True","","","200","OK","Absolute","//body/div[@class='canvas-mobile']/div/div[@class='top-canvas']/a[@class='logo-mm']","Content","HTML","341309","65671"
"Hyperlink","https://irishealing.com/alana-cardinal/","https://irishealing.com/","","Home","True","","","200","OK","Absolute","//body/div[@class='wrapper-page']/header/div/div/div/div/section[1]/div/div/div/section[1]/div/div[1]/div/div[1]/div/div/div/a","Header","HTML","341309","65671"
"Hyperlink","https://irishealing.com/alana-cardinal/","https://irishealing.com/","","","True","","","200","OK","Absolute","//body/div[@class='wrapper-page']/header/div/div/div/div/section[2]/div/div[1]/div/div/div/a","Header","HTML","341309","65671"
"Hyperlink","https://irishealing.com/alana-cardinal/","https://irishealing.com/","Home","","True","","","200","OK","Absolute","//body/div[@class='wrapper-page']/div/section/div/div/div/div/div/div/div/div/div[1]/section[1]/div/div/div/div/div/div/div/div/div/div/div/ol/li[1]/a","Content","HTML","341309","65671"
"Hyperlink","https://irishealing.com/alana-cardinal/","https://irishealing.com/","","Home","True","","","200","OK","Absolute","//body/footer/div/div/section[2]/div/div[1]/div/div[1]/div/div/div/a","Footer","HTML","341309","65671"
"Hyperlink","https://irishealing.com/alana-cardinal/","https://irishealing.com/","","Iris Healing® – Luxury Addiction Treatment","True","","","200","OK","Absolute","//body/div[@class='canvas-mobile']/div/div[@class='top-canvas']/a[@class='logo-mm']","Content","HTML","341309","65671"
"Hyperlink","https://irishealing.com/luda/","https://irishealing.com/","","Home","True","","","200","OK","Absolute","//body/div[@class='wrapper-page']/header/div/div/div/div/section[1]/div/div/div/section[1]/div/div[1]/div/div[1]/div/div/div/a","Header","HTML","341309","65671"
"Hyperlink","https://irishealing.com/luda/","https://irishealing.com/","","","True","","","200","OK","Absolute","//body/div[@class='wrapper-page']/header/div/div/div/div/section[2]/div/div[1]/div/div/div/a","Header","HTML","341309","65671"
"Hyperlink","https://irishealing.com/luda/","https://irishealing.com/","Home","","True","","","200","OK","Absolute","//body/div[@class='wrapper-page']/div/section/div/div/div/div/div/div/div/div/div[1]/section[1]/div/div/div/div/div/div/div/div/div/div/div/ol/li[1]/a","Content","HTML","341309","65671"
"Hyperlink","https://irishealing.com/luda/","https://irishealing.com/","","Home","True","","","200","OK","Absolute","//body/footer/div/div/section[2]/div/div[1]/div/div[1]/div/div/div/a","Footer","HTML","341309","65671"
"Hyperlink","https://irishealing.com/luda/","https://irishealing.com/","","Iris Healing® – Luxury Addiction Treatment","True","","","200","OK","Absolute","//body/div[@class='canvas-mobile']/div/div[@class='top-canvas']/a[@class='logo-mm']","Content","HTML","341309","65671"
"Hyperlink","https://irishealing.com/blog/neurofeedback-for-adhd/","https://irishealing.com/","","Home","True","","","200","OK","Absolute","//body/div[@class='wrapper-page']/header/div/div/div/div/section[1]/div/div/div/section[1]/div/div[1]/div/div[1]/div/div/div/a","Header","HTML","341309","65671"
"Hyperlink","https://irishealing.com/blog/neurofeedback-for-adhd/","https://irishealing.com/","","","True","","","200","OK","Absolute","//body/div[@class='wrapper-page']/header/div/div/div/div/section[2]/div/div[1]/div/div/div/a","Header","HTML","341309","65671"
"Hyperlink","https://irishealing.com/blog/neurofeedback-for-adhd/","https://irishealing.com/","Home","","True","","","200","OK","Absolute","//body/div[@class='wrapper-page']/div/section/div/div/div/div/div[1]/div[@class='breadcrumb-main']/div/div/ol/li[1]/a","Content","HTML","341309","65671"
"Hyperlink","https://irishealing.com/blog/neurofeedback-for-adhd/","https://irishealing.com/","Iris Healing®","","True","","","200","OK","Absolute","//body/div[@class='wrapper-page']/div/section/div/div/div/div/div[2]/div/div/div[1]/article/div[@class='entry-content']/div/div[2]/p[24]/a","Content","HTML","341309","65671"
"Hyperlink","https://irishealing.com/blog/neurofeedback-for-adhd/","https://irishealing.com/","Reach out","","True","","","200","OK","Absolute","//body/div[@class='wrapper-page']/div/section/div/div/div/div/div[2]/div/div/div[1]/article/div[@class='entry-content']/div/div[2]/p[28]/strong/a","Content","HTML","341309","65671"
"Hyperlink","https://irishealing.com/blog/neurofeedback-for-adhd/","https://irishealing.com/","","Home","True","","","200","OK","Absolute","//body/footer/div/div/section[2]/div/div[1]/div/div[1]/div/div/div/a","Footer","HTML","341309","65671"
"Hyperlink","https://irishealing.com/blog/neurofeedback-for-adhd/","https://irishealing.com/","","Iris Healing® – Luxury Addiction Treatment","True","","","200","OK","Absolute","//body/div[@class='canvas-mobile']/div/div[@class='top-canvas']/a[@class='logo-mm']","Content","HTML","341309","65671"
"Hyperlink","https://irishealing.com/holistic-ways-to-treat-anxiety/","https://irishealing.com/","","Home","True","","","200","OK","Absolute","//body/div[@class='wrapper-page']/header/div/div/div/div/section[1]/div/div/div/section[1]/div/div[1]/div/div[1]/div/div/div/a","Header","HTML","341309","65671"
"Hyperlink","https://irishealing.com/holistic-ways-to-treat-anxiety/","https://irishealing.com/","","","True","","","200","OK","Absolute","//body/div[@class='wrapper-page']/header/div/div/div/div/section[2]/div/div[1]/div/div/div/a","Header","HTML","341309","65671"
"Hyperlink","https://irishealing.com/holistic-ways-to-treat-anxiety/","https://irishealing.com/","Home","","True","","","200","OK","Absolute","//body/div[@class='wrapper-page']/div/div/section[1]/div/div/div/div/div/div/div/div/div/div/div/ol/li[1]/a","Content","HTML","341309","65671"
"Hyperlink","https://irishealing.com/holistic-ways-to-treat-anxiety/","https://irishealing.com/","","Home","True","","","200","OK","Absolute","//body/footer/div/div/section[2]/div/div[1]/div/div[1]/div/div/div/a","Footer","HTML","341309","65671"
"Hyperlink","https://irishealing.com/holistic-ways-to-treat-anxiety/","https://irishealing.com/","","Iris Healing® – Luxury Addiction Treatment","True","","","200","OK","Absolute","//body/div[@class='canvas-mobile']/div/div[@class='top-canvas']/a[@class='logo-mm']","Content","HTML","341309","65671"
"Hyperlink","https://irishealing.com/blog/quaaludes/","https://irishealing.com/","","Home","True","","","200","OK","Absolute","//body/div[@class='wrapper-page']/header/div/div/div/div/section[1]/div/div/div/section[1]/div/div[1]/div/div[1]/div/div/div/a","Header","HTML","341309","65671"
"Hyperlink","https://irishealing.com/blog/quaaludes/","https://irishealing.com/","","","True","","","200","OK","Absolute","//body/div[@class='wrapper-page']/header/div/div/div/div/section[2]/div/div[1]/div/div/div/a","Header","HTML","341309","65671"
"Hyperlink","https://irishealing.com/blog/quaaludes/","https://irishealing.com/","Home","","True","","","200","OK","Absolute","//body/div[@class='wrapper-page']/div/section/div/div/div/div/div[1]/div[@class='breadcrumb-main']/div/div/ol/li[1]/a","Content","HTML","341309","65671"
"Hyperlink","https://irishealing.com/blog/quaaludes/","https://irishealing.com/","","Home","True","","","200","OK","Absolute","//body/footer/div/div/section[2]/div/div[1]/div/div[1]/div/div/div/a","Footer","HTML","341309","65671"
"Hyperlink","https://irishealing.com/blog/quaaludes/","https://irishealing.com/","","Iris Healing® – Luxury Addiction Treatment","True","","","200","OK","Absolute","//body/div[@class='canvas-mobile']/div/div[@class='top-canvas']/a[@class='logo-mm']","Content","HTML","341309","65671"
"Hyperlink","https://irishealing.com/damaris-galarza/","https://irishealing.com/","","Home","True","","","200","OK","Absolute","//body/div[@class='wrapper-page']/header/div/div/div/div/section[1]/div/div/div/section[1]/div/div[1]/div/div[1]/div/div/div/a","Header","HTML","341309","65671"
"Hyperlink","https://irishealing.com/damaris-galarza/","https://irishealing.com/","","","True","","","200","OK","Absolute","//body/div[@class='wrapper-page']/header/div/div/div/div/section[2]/div/div[1]/div/div/div/a","Header","HTML","341309","65671"
"Hyperlink","https://irishealing.com/damaris-galarza/","https://irishealing.com/","Home","","True","","","200","OK","Absolute","//body/div[@class='wrapper-page']/div/section/div/div/div/div/div/div/div/div/div[1]/section[1]/div/div/div/div/div/div/div/div/div/div/div/ol/li[1]/a","Content","HTML","341309","65671"
"Hyperlink","https://irishealing.com/damaris-galarza/","https://irishealing.com/","","Home","True","","","200","OK","Absolute","//body/footer/div/div/section[2]/div/div[1]/div/div[1]/div/div/div/a","Footer","HTML","341309","65671"
"Hyperlink","https://irishealing.com/damaris-galarza/","https://irishealing.com/","","Iris Healing® – Luxury Addiction Treatment","True","","","200","OK","Absolute","//body/div[@class='canvas-mobile']/div/div[@class='top-canvas']/a[@class='logo-mm']","Content","HTML","341309","65671"
"Hyperlink","https://irishealing.com/blog/lesser-known-signs-that-its-time-for-a-los-angeles-rehab-center/","https://irishealing.com/","","Home","True","","","200","OK","Absolute","//body/div[@class='wrapper-page']/header/div/div/div/div/section[1]/div/div/div/section[1]/div/div[1]/div/div[1]/div/div/div/a","Header","HTML","341309","65671"
"Hyperlink","https://irishealing.com/blog/lesser-known-signs-that-its-time-for-a-los-angeles-rehab-center/","https://irishealing.com/","","","True","","","200","OK","Absolute","//body/div[@class='wrapper-page']/header/div/div/div/div/section[2]/div/div[1]/div/div/div/a","Header","HTML","341309","65671"
"Hyperlink","https://irishealing.com/blog/lesser-known-signs-that-its-time-for-a-los-angeles-rehab-center/","https://irishealing.com/","Home","","True","","","200","OK","Absolute","//body/div[@class='wrapper-page']/div/section/div/div/div/div/div[1]/div[@class='breadcrumb-main']/div/div/ol/li[1]/a","Content","HTML","341309","65671"
"Hyperlink","https://irishealing.com/blog/lesser-known-signs-that-its-time-for-a-los-angeles-rehab-center/","https://irishealing.com/","","Home","True","","","200","OK","Absolute","//body/footer/div/div/section[2]/div/div[1]/div/div[1]/div/div/div/a","Footer","HTML","341309","65671"
"Hyperlink","https://irishealing.com/blog/lesser-known-signs-that-its-time-for-a-los-angeles-rehab-center/","https://irishealing.com/","","Iris Healing® – Luxury Addiction Treatment","True","","","200","OK","Absolute","//body/div[@class='canvas-mobile']/div/div[@class='top-canvas']/a[@class='logo-mm']","Content","HTML","341309","65671"
"Hyperlink","https://irishealing.com/blog/how-long-does-hydrocodone-stay-in-your-system/","https://irishealing.com/","","Home","True","","","200","OK","Absolute","//body/div[@class='wrapper-page']/header/div/div/div/div/section[1]/div/div/div/section[1]/div/div[1]/div/div[1]/div/div/div/a","Header","HTML","341309","65671"
"Hyperlink","https://irishealing.com/blog/how-long-does-hydrocodone-stay-in-your-system/","https://irishealing.com/","","","True","","","200","OK","Absolute","//body/div[@class='wrapper-page']/header/div/div/div/div/section[2]/div/div[1]/div/div/div/a","Header","HTML","341309","65671"
"Hyperlink","https://irishealing.com/blog/how-long-does-hydrocodone-stay-in-your-system/","https://irishealing.com/","Home","","True","","","200","OK","Absolute","//body/div[@class='wrapper-page']/div/section/div/div/div/div/div[1]/div[@class='breadcrumb-main']/div/div/ol/li[1]/a","Content","HTML","341309","65671"
"Hyperlink","https://irishealing.com/blog/how-long-does-hydrocodone-stay-in-your-system/","https://irishealing.com/","","Home","True","","","200","OK","Absolute","//body/footer/div/div/section[2]/div/div[1]/div/div[1]/div/div/div/a","Footer","HTML","341309","65671"
"Hyperlink","https://irishealing.com/blog/how-long-does-hydrocodone-stay-in-your-system/","https://irishealing.com/","","Iris Healing® – Luxury Addiction Treatment","True","","","200","OK","Absolute","//body/div[@class='canvas-mobile']/div/div[@class='top-canvas']/a[@class='logo-mm']","Content","HTML","341309","65671"
"Hyperlink","https://irishealing.com/addiction-treatment/klonopin/","https://irishealing.com/","","Home","True","","","200","OK","Absolute","//body/div[@class='wrapper-page']/header/div/div/div/div/section[1]/div/div/div/section[1]/div/div[1]/div/div[1]/div/div/div/a","Header","HTML","341309","65671"
"Hyperlink","https://irishealing.com/addiction-treatment/klonopin/","https://irishealing.com/","","","True","","","200","OK","Absolute","//body/div[@class='wrapper-page']/header/div/div/div/div/section[2]/div/div[1]/div/div/div/a","Header","HTML","341309","65671"
"Hyperlink","https://irishealing.com/addiction-treatment/klonopin/","https://irishealing.com/","Home","","True","","","200","OK","Absolute","//body/div[@class='wrapper-page']/div/section/div/div/div/div/div[1]/div[@class='breadcrumb-main']/div/div/ol/li[1]/a","Content","HTML","341309","65671"
"Hyperlink","https://irishealing.com/addiction-treatment/klonopin/","https://irishealing.com/","best course of treatment","","True","","","200","OK","Absolute","//body/div[@class='wrapper-page']/div/section/div/div/div/div/div[2]/div/div/div/div[1]/section[1]/div/div[2]/div/section[1]/div/div/div/div[3]/div/p/span[3]/a","Content","HTML","341309","65671"
"Hyperlink","https://irishealing.com/addiction-treatment/klonopin/","https://irishealing.com/","professional help","","True","","","200","OK","Absolute","//body/div[@class='wrapper-page']/div/section/div/div/div/div/div[2]/div/div/div/div[1]/section[9]/div/div/div/div[3]/div/p/a","Content","HTML","341309","65671"
"Hyperlink","https://irishealing.com/addiction-treatment/klonopin/","https://irishealing.com/","","Home","True","","","200","OK","Absolute","//body/footer/div/div/section[2]/div/div[1]/div/div[1]/div/div/div/a","Footer","HTML","341309","65671"
"Hyperlink","https://irishealing.com/addiction-treatment/klonopin/","https://irishealing.com/","","Iris Healing® – Luxury Addiction Treatment","True","","","200","OK","Absolute","//body/div[@class='canvas-mobile']/div/div[@class='top-canvas']/a[@class='logo-mm']","Content","HTML","341309","65671"
"Hyperlink","https://irishealing.com/events/","https://irishealing.com/","","Home","True","","","200","OK","Absolute","//body/div[@class='wrapper-page']/header/div/div/div/div/section[1]/div/div/div/section[1]/div/div[1]/div/div[1]/div/div/div/a","Header","HTML","341309","65671"
"Hyperlink","https://irishealing.com/events/","https://irishealing.com/","","","True","","","200","OK","Absolute","//body/div[@class='wrapper-page']/header/div/div/div/div/section[2]/div/div[1]/div/div/div/a","Header","HTML","341309","65671"
"Hyperlink","https://irishealing.com/events/","https://irishealing.com/","","Home","True","","","200","OK","Absolute","//body/footer/div/div/section[2]/div/div[1]/div/div[1]/div/div/div/a","Footer","HTML","341309","65671"
"Hyperlink","https://irishealing.com/events/","https://irishealing.com/","","Iris Healing® – Luxury Addiction Treatment","True","","","200","OK","Absolute","//body/div[@class='canvas-mobile']/div/div[@class='top-canvas']/a[@class='logo-mm']","Content","HTML","341309","65671"
"HTTP Redirect","https://irishealing.com/agreements/","https://irishealing.com/","","","True","","","200","OK","Absolute","","","HTTP","341309","65671"
"Hyperlink","https://irishealing.com/blog/category/events/","https://irishealing.com/","","Home","True","","","200","OK","Absolute","//body/div[@class='wrapper-page']/header/div/div/div/div/section[1]/div/div/div/section[1]/div/div[1]/div/div[1]/div/div/div/a","Header","HTML","341309","65671"
"Hyperlink","https://irishealing.com/blog/category/events/","https://irishealing.com/","","","True","","","200","OK","Absolute","//body/div[@class='wrapper-page']/header/div/div/div/div/section[2]/div/div[1]/div/div/div/a","Header","HTML","341309","65671"
"Hyperlink","https://irishealing.com/blog/category/events/","https://irishealing.com/","Home","","True","","","200","OK","Absolute","//body/div[@class='wrapper-page']/div/section/div/div/div/div/section[1]/div/div/div/div/div/div/div/div/div/div/div/ol/li[1]/a","Content","HTML","341309","65671"
"Hyperlink","https://irishealing.com/blog/category/events/","https://irishealing.com/","","Home","True","","","200","OK","Absolute","//body/footer/div/div/section[2]/div/div[1]/div/div[1]/div/div/div/a","Footer","HTML","341309","65671"
"Hyperlink","https://irishealing.com/blog/category/events/","https://irishealing.com/","","Iris Healing® – Luxury Addiction Treatment","True","","","200","OK","Absolute","//body/div[@class='canvas-mobile']/div/div[@class='top-canvas']/a[@class='logo-mm']","Content","HTML","341309","65671"
"Hyperlink","https://irishealing.com/blog/category/recovery-retreat/","https://irishealing.com/","","Home","True","","","200","OK","Absolute","//body/div[@class='wrapper-page']/header/div/div/div/div/section[1]/div/div/div/section[1]/div/div[1]/div/div[1]/div/div/div/a","Header","HTML","341309","65671"
"Hyperlink","https://irishealing.com/blog/category/recovery-retreat/","https://irishealing.com/","","","True","","","200","OK","Absolute","//body/div[@class='wrapper-page']/header/div/div/div/div/section[2]/div/div[1]/div/div/div/a","Header","HTML","341309","65671"
"Hyperlink","https://irishealing.com/blog/category/recovery-retreat/","https://irishealing.com/","Home","","True","","","200","OK","Absolute","//body/div[@class='wrapper-page']/div/section/div/div/div/div/section[1]/div/div/div/div/div/div/div/div/div/div/div/ol/li[1]/a","Content","HTML","341309","65671"
"Hyperlink","https://irishealing.com/blog/category/recovery-retreat/","https://irishealing.com/","","Home","True","","","200","OK","Absolute","//body/footer/div/div/section[2]/div/div[1]/div/div[1]/div/div/div/a","Footer","HTML","341309","65671"
"Hyperlink","https://irishealing.com/blog/category/recovery-retreat/","https://irishealing.com/","","Iris Healing® – Luxury Addiction Treatment","True","","","200","OK","Absolute","//body/div[@class='canvas-mobile']/div/div[@class='top-canvas']/a[@class='logo-mm']","Content","HTML","341309","65671"
"Hyperlink","https://irishealing.com/blog/category/health-basics/","https://irishealing.com/","","Home","True","","","200","OK","Absolute","//body/div[@class='wrapper-page']/header/div/div/div/div/section[1]/div/div/div/section[1]/div/div[1]/div/div[1]/div/div/div/a","Header","HTML","341309","65671"
"Hyperlink","https://irishealing.com/blog/category/health-basics/","https://irishealing.com/","","","True","","","200","OK","Absolute","//body/div[@class='wrapper-page']/header/div/div/div/div/section[2]/div/div[1]/div/div/div/a","Header","HTML","341309","65671"
"Hyperlink","https://irishealing.com/blog/category/health-basics/","https://irishealing.com/","Home","","True","","","200","OK","Absolute","//body/div[@class='wrapper-page']/div/section/div/div/div/div/section[1]/div/div/div/div/div/div/div/div/div/div/div/ol/li[1]/a","Content","HTML","341309","65671"
"Hyperlink","https://irishealing.com/blog/category/health-basics/","https://irishealing.com/","","Home","True","","","200","OK","Absolute","//body/footer/div/div/section[2]/div/div[1]/div/div[1]/div/div/div/a","Footer","HTML","341309","65671"
"Hyperlink","https://irishealing.com/blog/category/health-basics/","https://irishealing.com/","","Iris Healing® – Luxury Addiction Treatment","True","","","200","OK","Absolute","//body/div[@class='canvas-mobile']/div/div[@class='top-canvas']/a[@class='logo-mm']","Content","HTML","341309","65671"
"Hyperlink","https://irishealing.com/blog/category/tms/","https://irishealing.com/","","Home","True","","","200","OK","Absolute","//body/div[@class='wrapper-page']/header/div/div/div/div/section[1]/div/div/div/section[1]/div/div[1]/div/div[1]/div/div/div/a","Header","HTML","341309","65671"
"Hyperlink","https://irishealing.com/blog/category/tms/","https://irishealing.com/","","","True","","","200","OK","Absolute","//body/div[@class='wrapper-page']/header/div/div/div/div/section[2]/div/div[1]/div/div/div/a","Header","HTML","341309","65671"
"Hyperlink","https://irishealing.com/blog/category/tms/","https://irishealing.com/","Home","","True","","","200","OK","Absolute","//body/div[@class='wrapper-page']/div/section/div/div/div/div/section[1]/div/div/div/div/div/div/div/div/div/div/div/ol/li[1]/a","Content","HTML","341309","65671"
"Hyperlink","https://irishealing.com/blog/category/tms/","https://irishealing.com/","","Home","True","","","200","OK","Absolute","//body/footer/div/div/section[2]/div/div[1]/div/div[1]/div/div/div/a","Footer","HTML","341309","65671"
"Hyperlink","https://irishealing.com/blog/category/tms/","https://irishealing.com/","","Iris Healing® – Luxury Addiction Treatment","True","","","200","OK","Absolute","//body/div[@class='canvas-mobile']/div/div[@class='top-canvas']/a[@class='logo-mm']","Content","HTML","341309","65671"
"Hyperlink","https://irishealing.com/blog/category/drug-addiction/","https://irishealing.com/","","Home","True","","","200","OK","Absolute","//body/div[@class='wrapper-page']/header/div/div/div/div/section[1]/div/div/div/section[1]/div/div[1]/div/div[1]/div/div/div/a","Header","HTML","341309","65671"
"Hyperlink","https://irishealing.com/blog/category/drug-addiction/","https://irishealing.com/","","","True","","","200","OK","Absolute","//body/div[@class='wrapper-page']/header/div/div/div/div/section[2]/div/div[1]/div/div/div/a","Header","HTML","341309","65671"
"Hyperlink","https://irishealing.com/blog/category/drug-addiction/","https://irishealing.com/","Home","","True","","","200","OK","Absolute","//body/div[@class='wrapper-page']/div/section/div/div/div/div/section[1]/div/div/div/div/div/div/div/div/div/div/div/ol/li[1]/a","Content","HTML","341309","65671"
"Hyperlink","https://irishealing.com/blog/category/drug-addiction/","https://irishealing.com/","","Home","True","","","200","OK","Absolute","//body/footer/div/div/section[2]/div/div[1]/div/div[1]/div/div/div/a","Footer","HTML","341309","65671"
"Hyperlink","https://irishealing.com/blog/category/drug-addiction/","https://irishealing.com/","","Iris Healing® – Luxury Addiction Treatment","True","","","200","OK","Absolute","//body/div[@class='canvas-mobile']/div/div[@class='top-canvas']/a[@class='logo-mm']","Content","HTML","341309","65671"
"Hyperlink","https://irishealing.com/blog/category/motivation/","https://irishealing.com/","","Home","True","","","200","OK","Absolute","//body/div[@class='wrapper-page']/header/div/div/div/div/section[1]/div/div/div/section[1]/div/div[1]/div/div[1]/div/div/div/a","Header","HTML","341309","65671"
"Hyperlink","https://irishealing.com/blog/category/motivation/","https://irishealing.com/","","","True","","","200","OK","Absolute","//body/div[@class='wrapper-page']/header/div/div/div/div/section[2]/div/div[1]/div/div/div/a","Header","HTML","341309","65671"
"Hyperlink","https://irishealing.com/blog/category/motivation/","https://irishealing.com/","Home","","True","","","200","OK","Absolute","//body/div[@class='wrapper-page']/div/section/div/div/div/div/section[1]/div/div/div/div/div/div/div/div/div/div/div/ol/li[1]/a","Content","HTML","341309","65671"
"Hyperlink","https://irishealing.com/blog/category/motivation/","https://irishealing.com/","","Home","True","","","200","OK","Absolute","//body/footer/div/div/section[2]/div/div[1]/div/div[1]/div/div/div/a","Footer","HTML","341309","65671"
"Hyperlink","https://irishealing.com/blog/category/motivation/","https://irishealing.com/","","Iris Healing® – Luxury Addiction Treatment","True","","","200","OK","Absolute","//body/div[@class='canvas-mobile']/div/div[@class='top-canvas']/a[@class='logo-mm']","Content","HTML","341309","65671"
"Hyperlink","https://irishealing.com/blog/category/detox/","https://irishealing.com/","","Home","True","","","200","OK","Absolute","//body/div[@class='wrapper-page']/header/div/div/div/div/section[1]/div/div/div/section[1]/div/div[1]/div/div[1]/div/div/div/a","Header","HTML","341309","65671"
"Hyperlink","https://irishealing.com/blog/category/detox/","https://irishealing.com/","","","True","","","200","OK","Absolute","//body/div[@class='wrapper-page']/header/div/div/div/div/section[2]/div/div[1]/div/div/div/a","Header","HTML","341309","65671"
"Hyperlink","https://irishealing.com/blog/category/detox/","https://irishealing.com/","Home","","True","","","200","OK","Absolute","//body/div[@class='wrapper-page']/div/section/div/div/div/div/section[1]/div/div/div/div/div/div/div/div/div/div/div/ol/li[1]/a","Content","HTML","341309","65671"
"Hyperlink","https://irishealing.com/blog/category/detox/","https://irishealing.com/","","Home","True","","","200","OK","Absolute","//body/footer/div/div/section[2]/div/div[1]/div/div[1]/div/div/div/a","Footer","HTML","341309","65671"
"Hyperlink","https://irishealing.com/blog/category/detox/","https://irishealing.com/","","Iris Healing® – Luxury Addiction Treatment","True","","","200","OK","Absolute","//body/div[@class='canvas-mobile']/div/div[@class='top-canvas']/a[@class='logo-mm']","Content","HTML","341309","65671"
"Hyperlink","https://irishealing.com/blog/category/lifestyle/","https://irishealing.com/","","Home","True","","","200","OK","Absolute","//body/div[@class='wrapper-page']/header/div/div/div/div/section[1]/div/div/div/section[1]/div/div[1]/div/div[1]/div/div/div/a","Header","HTML","341309","65671"
"Hyperlink","https://irishealing.com/blog/category/lifestyle/","https://irishealing.com/","","","True","","","200","OK","Absolute","//body/div[@class='wrapper-page']/header/div/div/div/div/section[2]/div/div[1]/div/div/div/a","Header","HTML","341309","65671"
"Hyperlink","https://irishealing.com/blog/category/lifestyle/","https://irishealing.com/","Home","","True","","","200","OK","Absolute","//body/div[@class='wrapper-page']/div/section/div/div/div/div/section[1]/div/div/div/div/div/div/div/div/div/div/div/ol/li[1]/a","Content","HTML","341309","65671"
"Hyperlink","https://irishealing.com/blog/category/lifestyle/","https://irishealing.com/","","Home","True","","","200","OK","Absolute","//body/footer/div/div/section[2]/div/div[1]/div/div[1]/div/div/div/a","Footer","HTML","341309","65671"
"Hyperlink","https://irishealing.com/blog/category/lifestyle/","https://irishealing.com/","","Iris Healing® – Luxury Addiction Treatment","True","","","200","OK","Absolute","//body/div[@class='canvas-mobile']/div/div[@class='top-canvas']/a[@class='logo-mm']","Content","HTML","341309","65671"
"Hyperlink","https://irishealing.com/blog/category/mental-health/","https://irishealing.com/","","Home","True","","","200","OK","Absolute","//body/div[@class='wrapper-page']/header/div/div/div/div/section[1]/div/div/div/section[1]/div/div[1]/div/div[1]/div/div/div/a","Header","HTML","341309","65671"
"Hyperlink","https://irishealing.com/blog/category/mental-health/","https://irishealing.com/","","","True","","","200","OK","Absolute","//body/div[@class='wrapper-page']/header/div/div/div/div/section[2]/div/div[1]/div/div/div/a","Header","HTML","341309","65671"
"Hyperlink","https://irishealing.com/blog/category/mental-health/","https://irishealing.com/","Home","","True","","","200","OK","Absolute","//body/div[@class='wrapper-page']/div/section/div/div/div/div/section[1]/div/div/div/div/div/div/div/div/div/div/div/ol/li[1]/a","Content","HTML","341309","65671"
"Hyperlink","https://irishealing.com/blog/category/mental-health/","https://irishealing.com/","","Home","True","","","200","OK","Absolute","//body/footer/div/div/section[2]/div/div[1]/div/div[1]/div/div/div/a","Footer","HTML","341309","65671"
"Hyperlink","https://irishealing.com/blog/category/mental-health/","https://irishealing.com/","","Iris Healing® – Luxury Addiction Treatment","True","","","200","OK","Absolute","//body/div[@class='canvas-mobile']/div/div[@class='top-canvas']/a[@class='logo-mm']","Content","HTML","341309","65671"
"Hyperlink","https://irishealing.com/blog/category/iris-in-the-press/","https://irishealing.com/","","Home","True","","","200","OK","Absolute","//body/div[@class='wrapper-page']/header/div/div/div/div/section[1]/div/div/div/section[1]/div/div[1]/div/div[1]/div/div/div/a","Header","HTML","341309","65671"
"Hyperlink","https://irishealing.com/blog/category/iris-in-the-press/","https://irishealing.com/","","","True","","","200","OK","Absolute","//body/div[@class='wrapper-page']/header/div/div/div/div/section[2]/div/div[1]/div/div/div/a","Header","HTML","341309","65671"
"Hyperlink","https://irishealing.com/blog/category/iris-in-the-press/","https://irishealing.com/","Home","","True","","","200","OK","Absolute","//body/div[@class='wrapper-page']/div/section/div/div/div/div/section[1]/div/div/div/div/div/div/div/div/div/div/div/ol/li[1]/a","Content","HTML","341309","65671"
"Hyperlink","https://irishealing.com/blog/category/iris-in-the-press/","https://irishealing.com/","","Home","True","","","200","OK","Absolute","//body/footer/div/div/section[2]/div/div[1]/div/div[1]/div/div/div/a","Footer","HTML","341309","65671"
"Hyperlink","https://irishealing.com/blog/category/iris-in-the-press/","https://irishealing.com/","","Iris Healing® – Luxury Addiction Treatment","True","","","200","OK","Absolute","//body/div[@class='canvas-mobile']/div/div[@class='top-canvas']/a[@class='logo-mm']","Content","HTML","341309","65671"
"HTTP Redirect","https://irishealing.com/bipolar-treatment-in-los-angeles/","https://irishealing.com/","","","True","","","200","OK","Absolute","","","HTTP","341309","65671"
"HTTP Redirect","https://irishealing.com/holistic-rehabilitation-center-in-california/","https://irishealing.com/","","","True","","","200","OK","Absolute","","","HTTP","341309","65671"
"HTTP Redirect","https://irishealing.com/how-long-rehab-lasts-for-those-with-sud/","https://irishealing.com/","","","True","","","200","OK","Absolute","","","HTTP","341309","65671"
"HTTP Redirect","https://irishealing.com/dialectical-behavior-therapy-for-addiction-treatment/","https://irishealing.com/","","","True","","","200","OK","Absolute","","","HTTP","341309","65671"
"HTTP Redirect","https://irishealing.com/dual-diagnosis-treatment-centers-in-california/","https://irishealing.com/","","","True","","","200","OK","Absolute","","","HTTP","341309","65671"
"HTTP Redirect","https://irishealing.com/cbt-therapy-in-los-angeles/","https://irishealing.com/","","","True","","","200","OK","Absolute","","","HTTP","341309","65671"
"HTTP Redirect","https://irishealing.com/partial-hospitalization-program-in-los-angeles/","https://irishealing.com/","","","True","","","200","OK","Absolute","","","HTTP","341309","65671"
"HTTP Redirect","https://irishealing.com/drug-and-alcohol-detox-in-los-angeles/","https://irishealing.com/","","","True","","","200","OK","Absolute","","","HTTP","341309","65671"
"HTTP Redirect","https://irishealing.com/ptsd-treatment-in-los-angeles/","https://irishealing.com/","","","True","","","200","OK","Absolute","","","HTTP","341309","65671"
"HTTP Redirect","https://irishealing.com/depression-treatment-in-los-angeles/","https://irishealing.com/","","","True","","","200","OK","Absolute","","","HTTP","341309","65671"
"HTTP Redirect","https://irishealing.com/neurofeedback-therapy-a-complete-guide/","https://irishealing.com/","","","True","","","200","OK","Absolute","","","HTTP","341309","65671"
"HTTP Redirect","https://irishealing.com/dual-diagnosis-treatment/","https://irishealing.com/","","","True","","","200","OK","Absolute","","","HTTP","341309","65671"
"HTTP Redirect","https://irishealing.com/dual-diagnosis-treatment-in-los-angeles/","https://irishealing.com/","","","True","","","200","OK","Absolute","","","HTTP","341309","65671"
"HTTP Redirect","https://irishealing.com/anxiety-treatment-in-los-angeles/","https://irishealing.com/","","","True","","","200","OK","Absolute","","","HTTP","341309","65671"
"Hyperlink","https://irishealing.com/blog/page/4/","https://irishealing.com/","","Home","True","","","200","OK","Absolute","//body/div[@class='wrapper-page']/header/div/div/div/div/section[1]/div/div/div/section[1]/div/div[1]/div/div[1]/div/div/div/a","Header","HTML","341309","65671"
"Hyperlink","https://irishealing.com/blog/page/4/","https://irishealing.com/","","","True","","","200","OK","Absolute","//body/div[@class='wrapper-page']/header/div/div/div/div/section[2]/div/div[1]/div/div/div/a","Header","HTML","341309","65671"
"Hyperlink","https://irishealing.com/blog/page/4/","https://irishealing.com/","Home","","True","","","200","OK","Absolute","//body/div[@class='wrapper-page']/div/div/section[1]/div/div/div/div/div/div/div/div/div/div/div/ol/li[1]/a","Content","HTML","341309","65671"
"Hyperlink","https://irishealing.com/blog/page/4/","https://irishealing.com/","","Home","True","","","200","OK","Absolute","//body/footer/div/div/section[2]/div/div[1]/div/div[1]/div/div/div/a","Footer","HTML","341309","65671"
"Hyperlink","https://irishealing.com/blog/page/4/","https://irishealing.com/","","Iris Healing® – Luxury Addiction Treatment","True","","","200","OK","Absolute","//body/div[@class='canvas-mobile']/div/div[@class='top-canvas']/a[@class='logo-mm']","Content","HTML","341309","65671"
"Hyperlink","https://irishealing.com/blog/page/25/","https://irishealing.com/","","Home","True","","","200","OK","Absolute","//body/div[@class='wrapper-page']/header/div/div/div/div/section[1]/div/div/div/section[1]/div/div[1]/div/div[1]/div/div/div/a","Header","HTML","341309","65671"
"Hyperlink","https://irishealing.com/blog/page/25/","https://irishealing.com/","","","True","","","200","OK","Absolute","//body/div[@class='wrapper-page']/header/div/div/div/div/section[2]/div/div[1]/div/div/div/a","Header","HTML","341309","65671"
"Hyperlink","https://irishealing.com/blog/page/25/","https://irishealing.com/","Home","","True","","","200","OK","Absolute","//body/div[@class='wrapper-page']/div/div/section[1]/div/div/div/div/div/div/div/div/div/div/div/ol/li[1]/a","Content","HTML","341309","65671"
"Hyperlink","https://irishealing.com/blog/page/25/","https://irishealing.com/","","Home","True","","","200","OK","Absolute","//body/footer/div/div/section[2]/div/div[1]/div/div[1]/div/div/div/a","Footer","HTML","341309","65671"
"Hyperlink","https://irishealing.com/blog/page/25/","https://irishealing.com/","","Iris Healing® – Luxury Addiction Treatment","True","","","200","OK","Absolute","//body/div[@class='canvas-mobile']/div/div[@class='top-canvas']/a[@class='logo-mm']","Content","HTML","341309","65671"
"Hyperlink","https://irishealing.com/blog/page/24/","https://irishealing.com/","","Home","True","","","200","OK","Absolute","//body/div[@class='wrapper-page']/header/div/div/div/div/section[1]/div/div/div/section[1]/div/div[1]/div/div[1]/div/div/div/a","Header","HTML","341309","65671"
"Hyperlink","https://irishealing.com/blog/page/24/","https://irishealing.com/","","","True","","","200","OK","Absolute","//body/div[@class='wrapper-page']/header/div/div/div/div/section[2]/div/div[1]/div/div/div/a","Header","HTML","341309","65671"
"Hyperlink","https://irishealing.com/blog/page/24/","https://irishealing.com/","Home","","True","","","200","OK","Absolute","//body/div[@class='wrapper-page']/div/div/section[1]/div/div/div/div/div/div/div/div/div/div/div/ol/li[1]/a","Content","HTML","341309","65671"
"Hyperlink","https://irishealing.com/blog/page/24/","https://irishealing.com/","","Home","True","","","200","OK","Absolute","//body/footer/div/div/section[2]/div/div[1]/div/div[1]/div/div/div/a","Footer","HTML","341309","65671"
"Hyperlink","https://irishealing.com/blog/page/24/","https://irishealing.com/","","Iris Healing® – Luxury Addiction Treatment","True","","","200","OK","Absolute","//body/div[@class='canvas-mobile']/div/div[@class='top-canvas']/a[@class='logo-mm']","Content","HTML","341309","65671"
"Hyperlink","https://irishealing.com/blog/page/5/","https://irishealing.com/","","Home","True","","","200","OK","Absolute","//body/div[@class='wrapper-page']/header/div/div/div/div/section[1]/div/div/div/section[1]/div/div[1]/div/div[1]/div/div/div/a","Header","HTML","341309","65671"
"Hyperlink","https://irishealing.com/blog/page/5/","https://irishealing.com/","","","True","","","200","OK","Absolute","//body/div[@class='wrapper-page']/header/div/div/div/div/section[2]/div/div[1]/div/div/div/a","Header","HTML","341309","65671"
"Hyperlink","https://irishealing.com/blog/page/5/","https://irishealing.com/","Home","","True","","","200","OK","Absolute","//body/div[@class='wrapper-page']/div/div/section[1]/div/div/div/div/div/div/div/div/div/div/div/ol/li[1]/a","Content","HTML","341309","65671"
"Hyperlink","https://irishealing.com/blog/page/5/","https://irishealing.com/","","Home","True","","","200","OK","Absolute","//body/footer/div/div/section[2]/div/div[1]/div/div[1]/div/div/div/a","Footer","HTML","341309","65671"
"Hyperlink","https://irishealing.com/blog/page/5/","https://irishealing.com/","","Iris Healing® – Luxury Addiction Treatment","True","","","200","OK","Absolute","//body/div[@class='canvas-mobile']/div/div[@class='top-canvas']/a[@class='logo-mm']","Content","HTML","341309","65671"
"HTTP Redirect","https://irishealing.com/mental-health-outpatient-treatment/","https://irishealing.com/","","","True","","","200","OK","Absolute","","","HTTP","341309","65671"
"HTTP Redirect","https://irishealing.com/drug-and-alcohol-rehab-programs-in-los-angeles/","https://irishealing.com/","","","True","","","200","OK","Absolute","","","HTTP","341309","65671"
"HTTP Redirect","https://irishealing.com/alternative-therapies/","https://irishealing.com/","","","True","","","200","OK","Absolute","","","HTTP","341309","65671"
"HTTP Redirect","https://irishealing.com/what-are-the-rehab-12-steps/","https://irishealing.com/","","","True","","","200","OK","Absolute","","","HTTP","341309","65671"
"Hyperlink","https://irishealing.com/blog/category/drug-addiction/page/2/","https://irishealing.com/","","Home","True","","","200","OK","Absolute","//body/div[@class='wrapper-page']/header/div/div/div/div/section[1]/div/div/div/section[1]/div/div[1]/div/div[1]/div/div/div/a","Header","HTML","341309","65671"
"Hyperlink","https://irishealing.com/blog/category/drug-addiction/page/2/","https://irishealing.com/","","","True","","","200","OK","Absolute","//body/div[@class='wrapper-page']/header/div/div/div/div/section[2]/div/div[1]/div/div/div/a","Header","HTML","341309","65671"
"Hyperlink","https://irishealing.com/blog/category/drug-addiction/page/2/","https://irishealing.com/","Home","","True","","","200","OK","Absolute","//body/div[@class='wrapper-page']/div/section/div/div/div/div/section[1]/div/div/div/div/div/div/div/div/div/div/div/ol/li[1]/a","Content","HTML","341309","65671"
"Hyperlink","https://irishealing.com/blog/category/drug-addiction/page/2/","https://irishealing.com/","","Home","True","","","200","OK","Absolute","//body/footer/div/div/section[2]/div/div[1]/div/div[1]/div/div/div/a","Footer","HTML","341309","65671"
"Hyperlink","https://irishealing.com/blog/category/drug-addiction/page/2/","https://irishealing.com/","","Iris Healing® – Luxury Addiction Treatment","True","","","200","OK","Absolute","//body/div[@class='canvas-mobile']/div/div[@class='top-canvas']/a[@class='logo-mm']","Content","HTML","341309","65671"
"HTTP Redirect","https://irishealing.com/tms-side-effects/\","https://irishealing.com/","","","True","","","200","OK","Absolute","","","HTTP","341309","65671"
"HTTP Redirect","https://irishealing.com/tms-for-chronic-pain/","https://irishealing.com/","","","True","","","200","OK","Absolute","","","HTTP","341309","65671"
"HTTP Redirect","https://irishealing.com/how-to-prepare-for-tms-therapy/","https://irishealing.com/","","","True","","","200","OK","Absolute","","","HTTP","341309","65671"
"HTTP Redirect","https://irishealing.com/how-long-do-the-effects-of-tms-treatment-last/","https://irishealing.com/","","","True","","","200","OK","Absolute","","","HTTP","341309","65671"
"HTTP Redirect","https://irishealing.com/how-many-tms-treatments-are-needed/","https://irishealing.com/","","","True","","","200","OK","Absolute","","","HTTP","341309","65671"
"HTTP Redirect","https://irishealing.com/cupping-therapy/","https://irishealing.com/","","","True","","","200","OK","Absolute","","","HTTP","341309","65671"
"HTTP Redirect","https://irishealing.com/equine-therapy/","https://irishealing.com/","","","True","","","200","OK","Absolute","","","HTTP","341309","65671"
"HTTP Redirect","https://irishealing.com/about/iris-healing-team/","https://irishealing.com/","","","True","","","200","OK","Absolute","","","HTTP","341309","65671"
"HTTP Redirect","https://irishealing.com/yoga-for-addiction-recovery/","https://irishealing.com/","","","True","","","200","OK","Absolute","","","HTTP","341309","65671"
"HTTP Redirect","https://irishealing.com/massage-therapy/","https://irishealing.com/","","","True","","","200","OK","Absolute","","","HTTP","341309","65671"
"HTTP Redirect","https://irishealing.com/detox-retreat/","https://irishealing.com/","","","True","","","200","OK","Absolute","","","HTTP","341309","65671"
"HTTP Redirect","https://irishealing.com/brainspotting-therapy-near-me/","https://irishealing.com/","","","True","","","200","OK","Absolute","","","HTTP","341309","65671"
"HTTP Redirect","https://irishealing.com/addiction-treatment/adderall/","https://irishealing.com/","","","True","","","200","OK","Absolute","","","HTTP","341309","65671"
"HTTP Redirect","https://irishealing.com/eeg-neurofeedback/","https://irishealing.com/","","","True","","","200","OK","Absolute","","","HTTP","341309","65671"
"HTTP Redirect","https://irishealing.com/residential%20treatment/","https://irishealing.com/","","","True","","","200","OK","Absolute","","","HTTP","341309","65671"
"HTTP Redirect","https://irishealing.com/neurofeedback-therapy-guide/","https://irishealing.com/","","","True","","","200","OK","Absolute","","","HTTP","341309","65671"
"HTTP Redirect","https://irishealing.com/yoga-for-addiction/","https://irishealing.com/","","","True","","","200","OK","Absolute","","","HTTP","341309","65671"
"Hyperlink","https://irishealing.com/blog/page/7/","https://irishealing.com/","","Home","True","","","200","OK","Absolute","//body/div[@class='wrapper-page']/header/div/div/div/div/section[1]/div/div/div/section[1]/div/div[1]/div/div[1]/div/div/div/a","Header","HTML","341309","65671"
"Hyperlink","https://irishealing.com/blog/page/7/","https://irishealing.com/","","","True","","","200","OK","Absolute","//body/div[@class='wrapper-page']/header/div/div/div/div/section[2]/div/div[1]/div/div/div/a","Header","HTML","341309","65671"
"Hyperlink","https://irishealing.com/blog/page/7/","https://irishealing.com/","Home","","True","","","200","OK","Absolute","//body/div[@class='wrapper-page']/div/div/section[1]/div/div/div/div/div/div/div/div/div/div/div/ol/li[1]/a","Content","HTML","341309","65671"
"Hyperlink","https://irishealing.com/blog/page/7/","https://irishealing.com/","","Home","True","","","200","OK","Absolute","//body/footer/div/div/section[2]/div/div[1]/div/div[1]/div/div/div/a","Footer","HTML","341309","65671"
"Hyperlink","https://irishealing.com/blog/page/7/","https://irishealing.com/","","Iris Healing® – Luxury Addiction Treatment","True","","","200","OK","Absolute","//body/div[@class='canvas-mobile']/div/div[@class='top-canvas']/a[@class='logo-mm']","Content","HTML","341309","65671"
"Hyperlink","https://irishealing.com/blog/page/6/","https://irishealing.com/","","Home","True","","","200","OK","Absolute","//body/div[@class='wrapper-page']/header/div/div/div/div/section[1]/div/div/div/section[1]/div/div[1]/div/div[1]/div/div/div/a","Header","HTML","341309","65671"
"Hyperlink","https://irishealing.com/blog/page/6/","https://irishealing.com/","","","True","","","200","OK","Absolute","//body/div[@class='wrapper-page']/header/div/div/div/div/section[2]/div/div[1]/div/div/div/a","Header","HTML","341309","65671"
"Hyperlink","https://irishealing.com/blog/page/6/","https://irishealing.com/","Home","","True","","","200","OK","Absolute","//body/div[@class='wrapper-page']/div/div/section[1]/div/div/div/div/div/div/div/div/div/div/div/ol/li[1]/a","Content","HTML","341309","65671"
"Hyperlink","https://irishealing.com/blog/page/6/","https://irishealing.com/","","Home","True","","","200","OK","Absolute","//body/footer/div/div/section[2]/div/div[1]/div/div[1]/div/div/div/a","Footer","HTML","341309","65671"
"Hyperlink","https://irishealing.com/blog/page/6/","https://irishealing.com/","","Iris Healing® – Luxury Addiction Treatment","True","","","200","OK","Absolute","//body/div[@class='canvas-mobile']/div/div[@class='top-canvas']/a[@class='logo-mm']","Content","HTML","341309","65671"
"Hyperlink","https://irishealing.com/blog/page/22/","https://irishealing.com/","","Home","True","","","200","OK","Absolute","//body/div[@class='wrapper-page']/header/div/div/div/div/section[1]/div/div/div/section[1]/div/div[1]/div/div[1]/div/div/div/a","Header","HTML","341309","65671"
"Hyperlink","https://irishealing.com/blog/page/22/","https://irishealing.com/","","","True","","","200","OK","Absolute","//body/div[@class='wrapper-page']/header/div/div/div/div/section[2]/div/div[1]/div/div/div/a","Header","HTML","341309","65671"
"Hyperlink","https://irishealing.com/blog/page/22/","https://irishealing.com/","Home","","True","","","200","OK","Absolute","//body/div[@class='wrapper-page']/div/div/section[1]/div/div/div/div/div/div/div/div/div/div/div/ol/li[1]/a","Content","HTML","341309","65671"
"Hyperlink","https://irishealing.com/blog/page/22/","https://irishealing.com/","","Home","True","","","200","OK","Absolute","//body/footer/div/div/section[2]/div/div[1]/div/div[1]/div/div/div/a","Footer","HTML","341309","65671"
"Hyperlink","https://irishealing.com/blog/page/22/","https://irishealing.com/","","Iris Healing® – Luxury Addiction Treatment","True","","","200","OK","Absolute","//body/div[@class='canvas-mobile']/div/div[@class='top-canvas']/a[@class='logo-mm']","Content","HTML","341309","65671"
"Hyperlink","https://irishealing.com/blog/page/23/","https://irishealing.com/","","Home","True","","","200","OK","Absolute","//body/div[@class='wrapper-page']/header/div/div/div/div/section[1]/div/div/div/section[1]/div/div[1]/div/div[1]/div/div/div/a","Header","HTML","341309","65671"
"Hyperlink","https://irishealing.com/blog/page/23/","https://irishealing.com/","","","True","","","200","OK","Absolute","//body/div[@class='wrapper-page']/header/div/div/div/div/section[2]/div/div[1]/div/div/div/a","Header","HTML","341309","65671"
"Hyperlink","https://irishealing.com/blog/page/23/","https://irishealing.com/","Home","","True","","","200","OK","Absolute","//body/div[@class='wrapper-page']/div/div/section[1]/div/div/div/div/div/div/div/div/div/div/div/ol/li[1]/a","Content","HTML","341309","65671"
"Hyperlink","https://irishealing.com/blog/page/23/","https://irishealing.com/","","Home","True","","","200","OK","Absolute","//body/footer/div/div/section[2]/div/div[1]/div/div[1]/div/div/div/a","Footer","HTML","341309","65671"
"Hyperlink","https://irishealing.com/blog/page/23/","https://irishealing.com/","","Iris Healing® – Luxury Addiction Treatment","True","","","200","OK","Absolute","//body/div[@class='canvas-mobile']/div/div[@class='top-canvas']/a[@class='logo-mm']","Content","HTML","341309","65671"
"Hyperlink","https://irishealing.com/blog/page/9/","https://irishealing.com/","","Home","True","","","200","OK","Absolute","//body/div[@class='wrapper-page']/header/div/div/div/div/section[1]/div/div/div/section[1]/div/div[1]/div/div[1]/div/div/div/a","Header","HTML","341309","65671"
"Hyperlink","https://irishealing.com/blog/page/9/","https://irishealing.com/","","","True","","","200","OK","Absolute","//body/div[@class='wrapper-page']/header/div/div/div/div/section[2]/div/div[1]/div/div/div/a","Header","HTML","341309","65671"
"Hyperlink","https://irishealing.com/blog/page/9/","https://irishealing.com/","Home","","True","","","200","OK","Absolute","//body/div[@class='wrapper-page']/div/div/section[1]/div/div/div/div/div/div/div/div/div/div/div/ol/li[1]/a","Content","HTML","341309","65671"
"Hyperlink","https://irishealing.com/blog/page/9/","https://irishealing.com/","","Home","True","","","200","OK","Absolute","//body/footer/div/div/section[2]/div/div[1]/div/div[1]/div/div/div/a","Footer","HTML","341309","65671"
"Hyperlink","https://irishealing.com/blog/page/9/","https://irishealing.com/","","Iris Healing® – Luxury Addiction Treatment","True","","","200","OK","Absolute","//body/div[@class='canvas-mobile']/div/div[@class='top-canvas']/a[@class='logo-mm']","Content","HTML","341309","65671"
"Hyperlink","https://irishealing.com/blog/page/11/","https://irishealing.com/","","Home","True","","","200","OK","Absolute","//body/div[@class='wrapper-page']/header/div/div/div/div/section[1]/div/div/div/section[1]/div/div[1]/div/div[1]/div/div/div/a","Header","HTML","341309","65671"
"Hyperlink","https://irishealing.com/blog/page/11/","https://irishealing.com/","","","True","","","200","OK","Absolute","//body/div[@class='wrapper-page']/header/div/div/div/div/section[2]/div/div[1]/div/div/div/a","Header","HTML","341309","65671"
"Hyperlink","https://irishealing.com/blog/page/11/","https://irishealing.com/","Home","","True","","","200","OK","Absolute","//body/div[@class='wrapper-page']/div/div/section[1]/div/div/div/div/div/div/div/div/div/div/div/ol/li[1]/a","Content","HTML","341309","65671"
"Hyperlink","https://irishealing.com/blog/page/11/","https://irishealing.com/","","Home","True","","","200","OK","Absolute","//body/footer/div/div/section[2]/div/div[1]/div/div[1]/div/div/div/a","Footer","HTML","341309","65671"
"Hyperlink","https://irishealing.com/blog/page/11/","https://irishealing.com/","","Iris Healing® – Luxury Addiction Treatment","True","","","200","OK","Absolute","//body/div[@class='canvas-mobile']/div/div[@class='top-canvas']/a[@class='logo-mm']","Content","HTML","341309","65671"
"Hyperlink","https://irishealing.com/blog/page/20/","https://irishealing.com/","","Home","True","","","200","OK","Absolute","//body/div[@class='wrapper-page']/header/div/div/div/div/section[1]/div/div/div/section[1]/div/div[1]/div/div[1]/div/div/div/a","Header","HTML","341309","65671"
"Hyperlink","https://irishealing.com/blog/page/20/","https://irishealing.com/","","","True","","","200","OK","Absolute","//body/div[@class='wrapper-page']/header/div/div/div/div/section[2]/div/div[1]/div/div/div/a","Header","HTML","341309","65671"
"Hyperlink","https://irishealing.com/blog/page/20/","https://irishealing.com/","Home","","True","","","200","OK","Absolute","//body/div[@class='wrapper-page']/div/div/section[1]/div/div/div/div/div/div/div/div/div/div/div/ol/li[1]/a","Content","HTML","341309","65671"
"Hyperlink","https://irishealing.com/blog/page/20/","https://irishealing.com/","","Home","True","","","200","OK","Absolute","//body/footer/div/div/section[2]/div/div[1]/div/div[1]/div/div/div/a","Footer","HTML","341309","65671"
"Hyperlink","https://irishealing.com/blog/page/20/","https://irishealing.com/","","Iris Healing® – Luxury Addiction Treatment","True","","","200","OK","Absolute","//body/div[@class='canvas-mobile']/div/div[@class='top-canvas']/a[@class='logo-mm']","Content","HTML","341309","65671"
"Hyperlink","https://irishealing.com/blog/page/8/","https://irishealing.com/","","Home","True","","","200","OK","Absolute","//body/div[@class='wrapper-page']/header/div/div/div/div/section[1]/div/div/div/section[1]/div/div[1]/div/div[1]/div/div/div/a","Header","HTML","341309","65671"
"Hyperlink","https://irishealing.com/blog/page/8/","https://irishealing.com/","","","True","","","200","OK","Absolute","//body/div[@class='wrapper-page']/header/div/div/div/div/section[2]/div/div[1]/div/div/div/a","Header","HTML","341309","65671"
"Hyperlink","https://irishealing.com/blog/page/8/","https://irishealing.com/","Home","","True","","","200","OK","Absolute","//body/div[@class='wrapper-page']/div/div/section[1]/div/div/div/div/div/div/div/div/div/div/div/ol/li[1]/a","Content","HTML","341309","65671"
"Hyperlink","https://irishealing.com/blog/page/8/","https://irishealing.com/","","Home","True","","","200","OK","Absolute","//body/footer/div/div/section[2]/div/div[1]/div/div[1]/div/div/div/a","Footer","HTML","341309","65671"
"Hyperlink","https://irishealing.com/blog/page/8/","https://irishealing.com/","","Iris Healing® – Luxury Addiction Treatment","True","","","200","OK","Absolute","//body/div[@class='canvas-mobile']/div/div[@class='top-canvas']/a[@class='logo-mm']","Content","HTML","341309","65671"
"Hyperlink","https://irishealing.com/blog/page/21/","https://irishealing.com/","","Home","True","","","200","OK","Absolute","//body/div[@class='wrapper-page']/header/div/div/div/div/section[1]/div/div/div/section[1]/div/div[1]/div/div[1]/div/div/div/a","Header","HTML","341309","65671"
"Hyperlink","https://irishealing.com/blog/page/21/","https://irishealing.com/","","","True","","","200","OK","Absolute","//body/div[@class='wrapper-page']/header/div/div/div/div/section[2]/div/div[1]/div/div/div/a","Header","HTML","341309","65671"
"Hyperlink","https://irishealing.com/blog/page/21/","https://irishealing.com/","Home","","True","","","200","OK","Absolute","//body/div[@class='wrapper-page']/div/div/section[1]/div/div/div/div/div/div/div/div/div/div/div/ol/li[1]/a","Content","HTML","341309","65671"
"Hyperlink","https://irishealing.com/blog/page/21/","https://irishealing.com/","","Home","True","","","200","OK","Absolute","//body/footer/div/div/section[2]/div/div[1]/div/div[1]/div/div/div/a","Footer","HTML","341309","65671"
"Hyperlink","https://irishealing.com/blog/page/21/","https://irishealing.com/","","Iris Healing® – Luxury Addiction Treatment","True","","","200","OK","Absolute","//body/div[@class='canvas-mobile']/div/div[@class='top-canvas']/a[@class='logo-mm']","Content","HTML","341309","65671"
"Hyperlink","https://irishealing.com/blog/page/10/","https://irishealing.com/","","Home","True","","","200","OK","Absolute","//body/div[@class='wrapper-page']/header/div/div/div/div/section[1]/div/div/div/section[1]/div/div[1]/div/div[1]/div/div/div/a","Header","HTML","341309","65671"
"Hyperlink","https://irishealing.com/blog/page/10/","https://irishealing.com/","","","True","","","200","OK","Absolute","//body/div[@class='wrapper-page']/header/div/div/div/div/section[2]/div/div[1]/div/div/div/a","Header","HTML","341309","65671"
"Hyperlink","https://irishealing.com/blog/page/10/","https://irishealing.com/","Home","","True","","","200","OK","Absolute","//body/div[@class='wrapper-page']/div/div/section[1]/div/div/div/div/div/div/div/div/div/div/div/ol/li[1]/a","Content","HTML","341309","65671"
"Hyperlink","https://irishealing.com/blog/page/10/","https://irishealing.com/","","Home","True","","","200","OK","Absolute","//body/footer/div/div/section[2]/div/div[1]/div/div[1]/div/div/div/a","Footer","HTML","341309","65671"
"Hyperlink","https://irishealing.com/blog/page/10/","https://irishealing.com/","","Iris Healing® – Luxury Addiction Treatment","True","","","200","OK","Absolute","//body/div[@class='canvas-mobile']/div/div[@class='top-canvas']/a[@class='logo-mm']","Content","HTML","341309","65671"
"Hyperlink","https://irishealing.com/blog/page/13/","https://irishealing.com/","","Home","True","","","200","OK","Absolute","//body/div[@class='wrapper-page']/header/div/div/div/div/section[1]/div/div/div/section[1]/div/div[1]/div/div[1]/div/div/div/a","Header","HTML","341309","65671"
"Hyperlink","https://irishealing.com/blog/page/13/","https://irishealing.com/","","","True","","","200","OK","Absolute","//body/div[@class='wrapper-page']/header/div/div/div/div/section[2]/div/div[1]/div/div/div/a","Header","HTML","341309","65671"
"Hyperlink","https://irishealing.com/blog/page/13/","https://irishealing.com/","Home","","True","","","200","OK","Absolute","//body/div[@class='wrapper-page']/div/div/section[1]/div/div/div/div/div/div/div/div/div/div/div/ol/li[1]/a","Content","HTML","341309","65671"
"Hyperlink","https://irishealing.com/blog/page/13/","https://irishealing.com/","","Home","True","","","200","OK","Absolute","//body/footer/div/div/section[2]/div/div[1]/div/div[1]/div/div/div/a","Footer","HTML","341309","65671"
"Hyperlink","https://irishealing.com/blog/page/13/","https://irishealing.com/","","Iris Healing® – Luxury Addiction Treatment","True","","","200","OK","Absolute","//body/div[@class='canvas-mobile']/div/div[@class='top-canvas']/a[@class='logo-mm']","Content","HTML","341309","65671"
"Hyperlink","https://irishealing.com/blog/page/19/","https://irishealing.com/","","Home","True","","","200","OK","Absolute","//body/div[@class='wrapper-page']/header/div/div/div/div/section[1]/div/div/div/section[1]/div/div[1]/div/div[1]/div/div/div/a","Header","HTML","341309","65671"
"Hyperlink","https://irishealing.com/blog/page/19/","https://irishealing.com/","","","True","","","200","OK","Absolute","//body/div[@class='wrapper-page']/header/div/div/div/div/section[2]/div/div[1]/div/div/div/a","Header","HTML","341309","65671"
"Hyperlink","https://irishealing.com/blog/page/19/","https://irishealing.com/","Home","","True","","","200","OK","Absolute","//body/div[@class='wrapper-page']/div/div/section[1]/div/div/div/div/div/div/div/div/div/div/div/ol/li[1]/a","Content","HTML","341309","65671"
"Hyperlink","https://irishealing.com/blog/page/19/","https://irishealing.com/","","Home","True","","","200","OK","Absolute","//body/footer/div/div/section[2]/div/div[1]/div/div[1]/div/div/div/a","Footer","HTML","341309","65671"
"Hyperlink","https://irishealing.com/blog/page/19/","https://irishealing.com/","","Iris Healing® – Luxury Addiction Treatment","True","","","200","OK","Absolute","//body/div[@class='canvas-mobile']/div/div[@class='top-canvas']/a[@class='logo-mm']","Content","HTML","341309","65671"
"Hyperlink","https://irishealing.com/blog/page/12/","https://irishealing.com/","","Home","True","","","200","OK","Absolute","//body/div[@class='wrapper-page']/header/div/div/div/div/section[1]/div/div/div/section[1]/div/div[1]/div/div[1]/div/div/div/a","Header","HTML","341309","65671"
"Hyperlink","https://irishealing.com/blog/page/12/","https://irishealing.com/","","","True","","","200","OK","Absolute","//body/div[@class='wrapper-page']/header/div/div/div/div/section[2]/div/div[1]/div/div/div/a","Header","HTML","341309","65671"
"Hyperlink","https://irishealing.com/blog/page/12/","https://irishealing.com/","Home","","True","","","200","OK","Absolute","//body/div[@class='wrapper-page']/div/div/section[1]/div/div/div/div/div/div/div/div/div/div/div/ol/li[1]/a","Content","HTML","341309","65671"
"Hyperlink","https://irishealing.com/blog/page/12/","https://irishealing.com/","","Home","True","","","200","OK","Absolute","//body/footer/div/div/section[2]/div/div[1]/div/div[1]/div/div/div/a","Footer","HTML","341309","65671"
"Hyperlink","https://irishealing.com/blog/page/12/","https://irishealing.com/","","Iris Healing® – Luxury Addiction Treatment","True","","","200","OK","Absolute","//body/div[@class='canvas-mobile']/div/div[@class='top-canvas']/a[@class='logo-mm']","Content","HTML","341309","65671"
"Hyperlink","https://irishealing.com/blog/page/18/","https://irishealing.com/","","Home","True","","","200","OK","Absolute","//body/div[@class='wrapper-page']/header/div/div/div/div/section[1]/div/div/div/section[1]/div/div[1]/div/div[1]/div/div/div/a","Header","HTML","341309","65671"
"Hyperlink","https://irishealing.com/blog/page/18/","https://irishealing.com/","","","True","","","200","OK","Absolute","//body/div[@class='wrapper-page']/header/div/div/div/div/section[2]/div/div[1]/div/div/div/a","Header","HTML","341309","65671"
"Hyperlink","https://irishealing.com/blog/page/18/","https://irishealing.com/","Home","","True","","","200","OK","Absolute","//body/div[@class='wrapper-page']/div/div/section[1]/div/div/div/div/div/div/div/div/div/div/div/ol/li[1]/a","Content","HTML","341309","65671"
"Hyperlink","https://irishealing.com/blog/page/18/","https://irishealing.com/","","Home","True","","","200","OK","Absolute","//body/footer/div/div/section[2]/div/div[1]/div/div[1]/div/div/div/a","Footer","HTML","341309","65671"
"Hyperlink","https://irishealing.com/blog/page/18/","https://irishealing.com/","","Iris Healing® – Luxury Addiction Treatment","True","","","200","OK","Absolute","//body/div[@class='canvas-mobile']/div/div[@class='top-canvas']/a[@class='logo-mm']","Content","HTML","341309","65671"
"XML Sitemap","https://irishealing.com/page-sitemap.xml","https://irishealing.com/","","","True","","","200","OK","Absolute","","","Sitemap XML","341309","65671"
"Hyperlink","https://irishealing.com/blog/page/15/","https://irishealing.com/","","Home","True","","","200","OK","Absolute","//body/div[@class='wrapper-page']/header/div/div/div/div/section[1]/div/div/div/section[1]/div/div[1]/div/div[1]/div/div/div/a","Header","HTML","341309","65671"
"Hyperlink","https://irishealing.com/blog/page/15/","https://irishealing.com/","","","True","","","200","OK","Absolute","//body/div[@class='wrapper-page']/header/div/div/div/div/section[2]/div/div[1]/div/div/div/a","Header","HTML","341309","65671"
"Hyperlink","https://irishealing.com/blog/page/15/","https://irishealing.com/","Home","","True","","","200","OK","Absolute","//body/div[@class='wrapper-page']/div/div/section[1]/div/div/div/div/div/div/div/div/div/div/div/ol/li[1]/a","Content","HTML","341309","65671"
"Hyperlink","https://irishealing.com/blog/page/15/","https://irishealing.com/","","Home","True","","","200","OK","Absolute","//body/footer/div/div/section[2]/div/div[1]/div/div[1]/div/div/div/a","Footer","HTML","341309","65671"
"Hyperlink","https://irishealing.com/blog/page/15/","https://irishealing.com/","","Iris Healing® – Luxury Addiction Treatment","True","","","200","OK","Absolute","//body/div[@class='canvas-mobile']/div/div[@class='top-canvas']/a[@class='logo-mm']","Content","HTML","341309","65671"
"Hyperlink","https://irishealing.com/blog/page/14/","https://irishealing.com/","","Home","True","","","200","OK","Absolute","//body/div[@class='wrapper-page']/header/div/div/div/div/section[1]/div/div/div/section[1]/div/div[1]/div/div[1]/div/div/div/a","Header","HTML","341309","65671"
"Hyperlink","https://irishealing.com/blog/page/14/","https://irishealing.com/","","","True","","","200","OK","Absolute","//body/div[@class='wrapper-page']/header/div/div/div/div/section[2]/div/div[1]/div/div/div/a","Header","HTML","341309","65671"
"Hyperlink","https://irishealing.com/blog/page/14/","https://irishealing.com/","Home","","True","","","200","OK","Absolute","//body/div[@class='wrapper-page']/div/div/section[1]/div/div/div/div/div/div/div/div/div/div/div/ol/li[1]/a","Content","HTML","341309","65671"
"Hyperlink","https://irishealing.com/blog/page/14/","https://irishealing.com/","","Home","True","","","200","OK","Absolute","//body/footer/div/div/section[2]/div/div[1]/div/div[1]/div/div/div/a","Footer","HTML","341309","65671"
"Hyperlink","https://irishealing.com/blog/page/14/","https://irishealing.com/","","Iris Healing® – Luxury Addiction Treatment","True","","","200","OK","Absolute","//body/div[@class='canvas-mobile']/div/div[@class='top-canvas']/a[@class='logo-mm']","Content","HTML","341309","65671"
"Hyperlink","https://irishealing.com/blog/page/16/","https://irishealing.com/","","Home","True","","","200","OK","Absolute","//body/div[@class='wrapper-page']/header/div/div/div/div/section[1]/div/div/div/section[1]/div/div[1]/div/div[1]/div/div/div/a","Header","HTML","341309","65671"
"Hyperlink","https://irishealing.com/blog/page/16/","https://irishealing.com/","","","True","","","200","OK","Absolute","//body/div[@class='wrapper-page']/header/div/div/div/div/section[2]/div/div[1]/div/div/div/a","Header","HTML","341309","65671"
"Hyperlink","https://irishealing.com/blog/page/16/","https://irishealing.com/","Home","","True","","","200","OK","Absolute","//body/div[@class='wrapper-page']/div/div/section[1]/div/div/div/div/div/div/div/div/div/div/div/ol/li[1]/a","Content","HTML","341309","65671"
"Hyperlink","https://irishealing.com/blog/page/16/","https://irishealing.com/","","Home","True","","","200","OK","Absolute","//body/footer/div/div/section[2]/div/div[1]/div/div[1]/div/div/div/a","Footer","HTML","341309","65671"
"Hyperlink","https://irishealing.com/blog/page/16/","https://irishealing.com/","","Iris Healing® – Luxury Addiction Treatment","True","","","200","OK","Absolute","//body/div[@class='canvas-mobile']/div/div[@class='top-canvas']/a[@class='logo-mm']","Content","HTML","341309","65671"
"Hyperlink","https://irishealing.com/blog/page/17/","https://irishealing.com/","","Home","True","","","200","OK","Absolute","//body/div[@class='wrapper-page']/header/div/div/div/div/section[1]/div/div/div/section[1]/div/div[1]/div/div[1]/div/div/div/a","Header","HTML","341309","65671"
"Hyperlink","https://irishealing.com/blog/page/17/","https://irishealing.com/","","","True","","","200","OK","Absolute","//body/div[@class='wrapper-page']/header/div/div/div/div/section[2]/div/div[1]/div/div/div/a","Header","HTML","341309","65671"
"Hyperlink","https://irishealing.com/blog/page/17/","https://irishealing.com/","Home","","True","","","200","OK","Absolute","//body/div[@class='wrapper-page']/div/div/section[1]/div/div/div/div/div/div/div/div/div/div/div/ol/li[1]/a","Content","HTML","341309","65671"
"Hyperlink","https://irishealing.com/blog/page/17/","https://irishealing.com/","","Home","True","","","200","OK","Absolute","//body/footer/div/div/section[2]/div/div[1]/div/div[1]/div/div/div/a","Footer","HTML","341309","65671"
"Hyperlink","https://irishealing.com/blog/page/17/","https://irishealing.com/","","Iris Healing® – Luxury Addiction Treatment","True","","","200","OK","Absolute","//body/div[@class='canvas-mobile']/div/div[@class='top-canvas']/a[@class='logo-mm']","Content","HTML","341309","65671"
