"Address","Occurrences","Meta Description 1","Meta Description 1 Length","Meta Description 1 Pixel Width","Indexability","Indexability Status"
"https://anchoredtidesrecovery.com/","1","Call (866) 329-6639 today. A trauma-informed, women-only addiction treatment center offering PHP, IOP, and outpatient care in Huntington Beach. Compassionate support for women ready to heal.","190","1221","Non-Indexable","noindex"
"https://anchoredtidesrecovery.com/admissions-and-alcohol-rehab-insurance/","1","Verify insurance for women’s addiction treatment in Huntington Beach. Confidential admissions support for women across Orange County. No obligation.","148","950","Indexable",""
"https://anchoredtidesrecovery.com/contact-us/","1","Anchored Tides Recovery offers addiction treatment programs by women for women in Southern California. Contact us today to get help!","132","846","Indexable",""
"https://anchoredtidesrecovery.com/womens-addiction-treatment-center/alcohol-rehab/","1","Compassionate alcohol rehab for women in Huntington Beach, CA. Trauma-informed care, women-only support, and structured recovery programs.","138","911","Indexable",""
"https://anchoredtidesrecovery.com/addiction-recovery-blog/","1","At Anchored Tides Recovery, we have blogs by women for women. Get the latest information on addiction, recovery & more with our blog.","133","844","Indexable",""
"https://anchoredtidesrecovery.com/womens-addiction-treatment-center/outpatient-treatment-in-orange-county/","1","Our Women’s Outpatient Program provides weekly therapy, accountability, and relapse prevention support. Build long-term stability with a compassionate, trauma-informed team dedicated to women’s recovery.","203","1295","Indexable",""
"https://anchoredtidesrecovery.com/womens-mental-health-key-disorders-and-support-options/","1","Explore the top mental health disorders more prone to women, including symptoms and support strategies. Learn how to seek help and find empowerment.","148","956","Indexable",""
"https://anchoredtidesrecovery.com/service-areas/","1","Call (866) 329-6639 today. Anchored Tides Recovery in Huntington Beach serves women across Orange County—including Costa Mesa, Newport Beach, Fountain Valley & Irvine—with trauma-informed PHP, IOP & Outpatient programs.","219","1443","Indexable",""
"https://anchoredtidesrecovery.com/womens-addiction-treatment-center/dual-diagnosis/","1","Call (866) 329-6639. Integrated mental health and addiction treatment for women at risk of relapse. We treat PTSD, anxiety, depression, and trauma-driven relapse patterns through PHP, IOP, and Outpatient care.","209","1304","Indexable",""
"https://anchoredtidesrecovery.com/meet-the-team/","1","Anchored Tides Recovery offers addiction treatment by women for women located in Orange County, CA. Meet the team!","114","743","Indexable",""
"https://anchoredtidesrecovery.com/womens-addiction-treatment-center/detoxification/","1","edically supervised detox services for women in Orange County. Safe alcohol and drug detox near Huntington Beach with supportive, women-only care.","146","930","Indexable",""
"https://anchoredtidesrecovery.com/html-sitemap/","1","Explore our website with our HTML Sitemap. Locate questions about addiction and mental health, we have the answers.","115","740","Indexable",""
"https://anchoredtidesrecovery.com/womens-addiction-treatment-center/womens-drug-rehab/","1","Compassionate, evidence-based women’s drug rehab in Orange County. Trauma-informed, women-only addiction treatment designed for lasting recovery.","145","950","Indexable",""
"https://anchoredtidesrecovery.com/womens-addiction-treatment-center/veteran-and-miltary-rehabilitation-center/","1","Find compassionate, evidence-based PTSD and addiction treatment for veterans, military members, and families. Call today to start your recovery.","144","899","Indexable",""
"https://anchoredtidesrecovery.com/womens-addiction-treatment-center/womens-intensive-outpatient-orange-county/","1","Women’s Intensive Outpatient Program in Orange County at Anchored Tides Recovery. Flexible, structured addiction treatment designed specifically for women.","155","984","Indexable",""
"https://anchoredtidesrecovery.com/womens-addiction-treatment-center/substance-abuse/","1","Women-only substance abuse treatment in Huntington Beach. Trauma-informed care, insurance accepted, and supportive programs for women across Orange County.","155","1033","Indexable",""
"https://anchoredtidesrecovery.com/womens-addiction-treatment-center/","1","Call 866-329-6639. Anchored Tides Recovery provides trauma-informed treatment for women with a focus on relapse prevention. Explore our levels of care: PHP, IOP, and Outpatient programs designed to help women stabilize, rebuild, and prevent future relapse.","256","1607","Indexable",""
"https://anchoredtidesrecovery.com/what-is-a-substance-abuse-program-for-women/","1","Discover what a substance abuse program for women entails at Anchored Tides. Learn about specialized care and support designed to meet women's unique needs.","156","1013","Indexable",""
"https://anchoredtidesrecovery.com/womens-addiction-treatment-center/womens-partial-hospitalization-program/","1","Structured PHP treatment for women in Orange County. Intensive daytime care for addiction, trauma, and dual diagnosis — without residential stay.","145","912","Indexable",""
"https://anchoredtidesrecovery.com/recovery-resources/","1","At Anchored Tides Recovery, we empower women to overcome addiction and mental health challenges, offering recovery resources for specialized care for lasting recovery.","167","1055","Indexable",""
"https://anchoredtidesrecovery.com/about-anchored-tides/","1","Anchored Tides Recovery offers addiction treatment by women for women located in Orange County, CA. Learn more about Anchored Tides Recovery.","141","924","Indexable",""
"https://anchoredtidesrecovery.com/trauma-informed-care-for-women/","1","Experience compassionate trauma-informed care for women at Anchored Tides Recovery. Heal, build resilience, and find expert support tailored to your needs.","155","973","Indexable",""
"https://anchoredtidesrecovery.com/womens-addiction-treatment-center/eating-disorder-treatment/","1","We offer eating disorder treatment options in Orange County. Our levels of care for women include PHP, IOP, and OP services designed to support recovery and promote mental and physical wellness.","194","1222","Indexable",""
"https://anchoredtidesrecovery.com/privacy-policy/","1","Get information about Anchored Tides privacy policy, including confidentiality of your treatment records and how to file complaints.","132","809","Indexable",""
"https://anchoredtidesrecovery.com/tour-our-rehab-facility/","1","At Anchored Tides, we offer a free tour of our rehab facility so you get familiar with our addiction treatment program in Orange County, CA.","140","853","Indexable",""
"https://anchoredtidesrecovery.com/aetna-information/","1","If you’re looking for help with alcohol or substance abuse issues, you probably have many questions. Anchored Tides Recovery can help. Aetna is one of many","155","970","Indexable",""
"https://anchoredtidesrecovery.com/cigna-information/","1","Cigna is a global health organization that offers an extensive network of in-network doctors in all 50 states. Cigna also provides comprehensive treatment and","158","973","Indexable",""
"https://anchoredtidesrecovery.com/healthscope-information/","1","Yes, HealthSCOPE covers addiction treatments as well as other types of substance abuse. However, this will depend on the individual and their coverage plan.","156","970","Indexable",""
"https://anchoredtidesrecovery.com/bcbs-information/","1","Rehab for drug and alcohol addiction is covered by every BCBS health insurance plan in the country. Addiction treatment can be covered up to 100% with a","152","950","Indexable",""
"https://anchoredtidesrecovery.com/geha/","1","Currently, GEHA is one of the leading providers of medical and dental plans for federal employees in the US. The organization serves more than 1.8 million","154","941","Indexable",""
"https://anchoredtidesrecovery.com/meritain-health/","1","Far too many people suffer silently with the disease of addiction and fail to get help because of financial restraints.","119","704","Indexable",""
"https://anchoredtidesrecovery.com/intensive-outpatient-iop-vs-outpatient-programs-op-for-substance-abuse-treatment/","1","Explore the differences between Intensive Outpatient (IOP) and Outpatient (OP) programs for women in recovery. Learn which level of care is right for you with Anchored Tides Recovery’s trauma-informed, female-led approach.","222","1391","Indexable",""
"https://anchoredtidesrecovery.com/childhood-trauma-and-addiction-codependent-issues/","1","Explore the link between childhood trauma, addiction, and codependency at Anchored Tides Recovery. Find healing and support for a brighter future","145","910","Indexable",""
"https://anchoredtidesrecovery.com/category/mental-health-disorders/","1","Support for women facing anxiety, depression, or trauma with holistic mental health care.","89","551","Indexable",""
"https://anchoredtidesrecovery.com/2024/03/16/","0","","0","0","Non-Indexable","noindex"
"https://anchoredtidesrecovery.com/what-is-a-high-tolerance/","1","Explore what it means to have a high tolerance, its effects on substance abuse, and key strategies for addressing it in recovery.","129","780","Indexable",""
"https://anchoredtidesrecovery.com/coexisting-eating-disorders-and-addiction/","1","Explore the coexistence of eating disorders and addiction at Anchored Tides Recovery. Find understanding and integrated treatment for recovery.","143","895","Indexable",""
"https://anchoredtidesrecovery.com/what-is-the-fear-of-eating-in-front-of-others/","1","The fear of eating in front of others can be a source of significant anxiety and embarrassment for many women. Click to read more.","130","807","Indexable",""
"https://anchoredtidesrecovery.com/women-with-addiction/","1","Discover the unique challenges of women facing addiction. Learn about specialized treatment options at Anchored Tides Recovery for a path to recovery.","150","942","Indexable",""
"https://anchoredtidesrecovery.com/service-areas/newport-beach/","1","Call (866) 329-6639 today. Looking for women’s addiction or mental health treatment near Newport Beach? Anchored Tides Recovery offers women-only PHP and IOP programs just minutes away in Huntington Beach. Safe, confidential, trauma-informed care.","247","1598","Indexable",""
"https://anchoredtidesrecovery.com/treatment-for-co-occuring-disorders/","1","Explore co-occurring disorders treatment for substance use disorders at Anchored Tides Recovery. Find integrated care and support for recovery","142","890","Indexable",""
"https://anchoredtidesrecovery.com/service-areas/orange-county/","1","Call (866) 329-6639 today. Women-only drug rehab in Orange County with PHP, IOP & outpatient programs. Trauma-informed therapy, holistic care, flexible scheduling. Serving Costa Mesa, Newport Beach, Irvine, and Huntington Beach.","228","1450","Indexable",""
"https://anchoredtidesrecovery.com/evidence-based-therapy/","1","Evidence-based therapy are a critical aspect of addiction treatment, providing numerous benefits for individuals struggling with addiction.","139","847","Indexable",""
"https://anchoredtidesrecovery.com/beach-treatment/","1","Discover healing by the ocean at Anchored Tides Recovery. Our addiction treatment combines evidence-based care with access to a serene coastal environment for lasting recovery.","176","1109","Indexable",""
"https://anchoredtidesrecovery.com/weight-loss-pills-and-addiction/","1","Explore the risk of addiction associated with weight loss pills at Anchored Tides Recovery. Gain insights into safe and healthy approaches.","139","849","Indexable",""
"https://anchoredtidesrecovery.com/5-drug-detox-withdrawal-symptoms/","1","Learn about common drug detox withdrawal symptoms at Anchored Tides Recovery. Find support and guidance for a safer and more comfortable detox process","150","992","Indexable",""
"https://anchoredtidesrecovery.com/female-only-treatment-facility/","1","Female-only rehabs such as Anchored Tides Recovery are treatment centers that cater specifically to women struggling with addiction and mental health issues.","157","986","Indexable",""
"https://anchoredtidesrecovery.com/womens-rehab-addressing-the-fears/","1","Address fears in women's rehab at Anchored Tides Recovery. Find a safe and supportive environment for healing, growth, and lasting recovery.","140","879","Indexable",""
"https://anchoredtidesrecovery.com/how-long-does-tramadol-stay-in-your-system/","1","Learn how long Tramadol stays in your system at Anchored Tides Recovery. Understand its duration for informed decision-making and recovery.","139","889","Indexable",""
"https://anchoredtidesrecovery.com/exercise-and-addiction-the-good-and-the-bad/","1","Discover the connection between exercise and addiction at Anchored Tides Recovery. Learn the benefits and potential challenges for a balanced approach","150","948","Indexable",""
"https://anchoredtidesrecovery.com/the-relationship-between-adhd-and-substance-abuse/","1","Discover the relationship between ADHD and substance abuse at Anchored Tides Recovery. Gain insights and support for dual diagnosis treatment","141","905","Indexable",""
"https://anchoredtidesrecovery.com/how-long-does-marijuana-stay-in-your-system/","1","Learn how long marijuana stays in your system at Anchored Tides Recovery. Understand factors influencing detection and seek informed choices","140","894","Indexable",""
"https://anchoredtidesrecovery.com/how-a-strong-independent-woman-takes-a-stand-against-social-discourses/","1","Discover how a strong independent woman takes a stand against social discourses at Anchored Tides Recovery. Empowerment, resilience, and change.","144","933","Indexable",""
"https://anchoredtidesrecovery.com/umr-information/","1","UMR works with over 3,000 local providers from every type of health care provider that contracts with a third party payer. This will allow you to find the","154","926","Indexable",""
"https://anchoredtidesrecovery.com/php-vs-iop/","1","Call (866) 329-6639. Trying to choose between PHP and IOP? Learn the key differences, how to know what level of care you need, and explore trauma-informed PHP & IOP for women at Anchored Tides Recovery in Orange County.","219","1410","Indexable",""
"https://anchoredtidesrecovery.com/how-to-help-someone-with-addiction/","1","Discover how to help someone with addiction through compassionate support, professional treatment options, and recovery resources. Click to learn more.","151","956","Indexable",""
"https://anchoredtidesrecovery.com/blue-xanax-bars/","1","Learn about blue Xanax bars, their symptoms, and the risk of addiction. Discover the differences between blue and yellow Xanax bars. For family and friends of addicts or potential addicts.","188","1154","Indexable",""
"https://anchoredtidesrecovery.com/externalizing-questions-in-addiction/","1","Explore externalizing questions in addiction recovery at Anchored Tides Recovery. Gain insights, overcome challenges, and pave the way to lasting transformation","160","996","Indexable",""
"https://anchoredtidesrecovery.com/how-to-deal-with-burnout-and-depression/","1","Feeling burned out or depressed? Learn real steps to recover, set boundaries from burnout, and get support from our women-focused mental health programs in Orange County.","170","1088","Indexable",""
"https://anchoredtidesrecovery.com/becoming-a-sober-mom-the-recovery-guide/","1","""Discover the recovery guide to becoming a sober mom at Anchored Tides Recovery. Support, resources, and empowerment for a fulfilling journey.","142","896","Indexable",""
"https://anchoredtidesrecovery.com/the-impact-of-heroin-addiction-on-mothers-and-children/","1","Explore the impact of heroin addiction on mothers and children at Anchored Tides Recovery. Find support and resources for healing and recovery.","143","895","Indexable",""
"https://anchoredtidesrecovery.com/an-in-depth-look-at-services-offered-by-anchored-tides-recovery-center/","1","Explore the comprehensive services offered by Anchored Tides Recovery Center. Find personalized care, support, and a path to lasting recovery.","142","883","Indexable",""
"https://anchoredtidesrecovery.com/pride-month-celebrating-pride-while-sober/","1","Celebrate Pride Month while sober at Anchored Tides Recovery. Embrace empowerment, inclusivity, and joy on your sober journey.","126","800","Indexable",""
"https://anchoredtidesrecovery.com/navigating-the-challenges-of-addiction-recovery/","1","Navigating the Challenges of Addiction Recovery: Coping Strategies and Lifestyle Changes","88","556","Indexable",""
"https://anchoredtidesrecovery.com/can-you-have-an-exercise-addiction/","1","Explore the impact of exercise addiction at Anchored Tides Recovery. Gain insights and support for achieving a healthy balance in fitness and well-being","152","933","Indexable",""
"https://anchoredtidesrecovery.com/wellness-tips-for-women-in-early-recovery/","1","Discover wellness tips for women in early recovery at Anchored Tides Recovery. Prioritize self-care and holistic well-being on your journey.","140","843","Indexable",""
"https://anchoredtidesrecovery.com/travel-to-huntington-beach-for-addiction-treatment/","1","There are going to be more opportunities for people to seek help from specialists in Orange County. Everyone’s addiction treatment is different","143","873","Indexable",""
"https://anchoredtidesrecovery.com/understanding-the-signs-of-addiction-denial-and-how-to-overcome-them/","1","Learn to recognize signs of addiction denial and strategies to overcome it at Anchored Tides. Discover how to help yourself or a loved one face addiction honestly.","163","994","Indexable",""
"https://anchoredtidesrecovery.com/creating-independence-women-in-sobriety/","1","Achieving and maintaining sobriety is an empowering journey, especially for women in sobriety who have battled addiction.","121","756","Indexable",""
"https://anchoredtidesrecovery.com/am-i-becoming-an-alcoholic-signs-to-watch-out-for/","1","If you’re questioning your drinking, you’re not alone. Learn the real signs of alcoholism in women, even if you don’t drink daily, and when it’s time to seek support.","166","986","Indexable",""
"https://anchoredtidesrecovery.com/building-support-system-in-sobriety/","1","Discover the importance of building a solid support system in sobriety. Learn effective strategies and find inspiration at Anchored Tides Recovery.","147","894","Indexable",""
"https://anchoredtidesrecovery.com/is-drug-addiction-a-moral-failing/","1","Debunk the misconception: Is drug addiction a moral failing? Gain understanding and compassion at Anchored Tides Recovery. Find hope for recovery.","146","928","Indexable",""
"https://anchoredtidesrecovery.com/surf-therapy-program-anchored-tides-recovery/","1","Anchored Tides Recovery's drug rehab offers only women-specific programs that provide the most personalized approach available.","127","812","Indexable",""
"https://anchoredtidesrecovery.com/how-to-support-a-loved-one/","1","Alcoholism is a serious disease that can affect anyone, regardless of their age, gender, or background. If you have a loved one who is struggling with alcoholism","161","981","Indexable",""
"https://anchoredtidesrecovery.com/why-is-heroin-so-addictive/","1","Explore the reasons behind heroin's high addiction potential and find supportive recovery solutions tailored for women at Anchored Tides Recovery.","146","905","Indexable",""
"https://anchoredtidesrecovery.com/screen-addiction-and-substance-abuse/","1","Explore the connection between screen addiction and substance abuse at Anchored Tides Recovery. Gain insights and strategies for digital well-being","147","920","Indexable",""
"https://anchoredtidesrecovery.com/alcohol-rehab-cost/","1","Learn typical U.S. alcohol rehab costs by level of care—inpatient, IOP, PHP, and detox—plus how insurance, Medicaid, and financial assistance options work.","155","960","Indexable",""
"https://anchoredtidesrecovery.com/how-to-fix-codependent-relationship-in-addiction-recovery/","1","Learn how to fix codependent relationships during addiction recovery at Anchored Tides. Discover strategies for healthy, supportive relationships in recovery.","158","966","Indexable",""
"https://anchoredtidesrecovery.com/understanding-the-spike-in-drug-and-alcohol-use-during-the-holidays/","1","Learn why drug and alcohol use increases during the holidays. Explore triggers, stress factors, and tips to manage substance use and protect your recovery.","155","961","Indexable",""
"https://anchoredtidesrecovery.com/how-to-talk-to-my-partner-about-being-in-recovery/","1","Discover effective strategies to talk to your partner about being in recovery at Anchored Tides Recovery.","105","638","Indexable",""
"https://anchoredtidesrecovery.com/the-holidays-effect-on-mental-health/","1","The holiday season affects mental well-being. Learn coping strategies for holiday stress and when to seek professional help at Anchored Tides Recovery in Huntington Beach, CA.","175","1093","Indexable",""
"https://anchoredtidesrecovery.com/best-drug-rehab-in-huntington-beach-anchored-tides-recovery/","1","Anchored Tides Recovery's drug rehab offers only women-specific addiction treatment programs. Call (866) 329-6639 today!","120","768","Indexable",""
"https://anchoredtidesrecovery.com/what-never-leaving-your-hometown-does-to-your-brain/","1","Explore how never leaving your hometown affects your brain at Anchored Tides. Learn about the psychological impacts and benefits of experiencing new environments.","162","1034","Indexable",""
"https://anchoredtidesrecovery.com/ptsd-symptoms-in-addiction-for-women-understanding-the-intersection/","1","Understand the link between PTSD and addiction in women at Anchored Tides. Learn about symptoms and get support for addressing both conditions simultaneously.","158","1027","Indexable",""
"https://anchoredtidesrecovery.com/common-triggers-for-relapsing-on-drugs-and-alcohol/","1","Identify common triggers for drug relapse and alcohol at Anchored Tides Recovery. Gain insights and strategies for maintaining sobriety.","136","842","Indexable",""
"https://anchoredtidesrecovery.com/5-tips-for-overcoming-drug-cravings/","1","Discover 5 powerful tips for overcoming drug cravings at Anchored Tides Recovery. Regain control, build resilience, and achieve lasting sobriety.","145","883","Indexable",""
"https://anchoredtidesrecovery.com/the-role-of-nutrition-in-recovery/","1","Nutrition is a powerful tool in women's recovery. Explore the science behind food's impact on mood, cravings, and healing from substance use and mental health challenges.","170","1058","Indexable",""
"https://anchoredtidesrecovery.com/how-long-does-cocaine-stay-in-your-system/","1","Cocaine detection time varies by test type, usage amount, and frequency, affecting how long it stays in your system. Call 866-329-6639 today!","141","874","Indexable",""
"https://anchoredtidesrecovery.com/how-eating-disorders-and-substance-use-overlap-in-women/","1","Discover why eating disorders and substance use often co-occur in women. Learn warning signs, treatment options & how integrated care supports lasting recovery.","160","1015","Indexable",""
"https://anchoredtidesrecovery.com/legal-drugs-are-still-drugs-a-hard-pill-to-swallow/","1","Discover the truth that legal drugs are still drugs at Anchored Tides Recovery. Gain awareness, insights, and support for responsible use.","138","839","Indexable",""
"https://anchoredtidesrecovery.com/marijuana-dui-california/","1","Understand marijuana DUI in California at Anchored Tides Recovery. Get insights into the laws, risks, and seeking help for responsible use","138","843","Indexable",""
"https://anchoredtidesrecovery.com/what-is-reiki-therapy/","1","Reiki therapy is an alternative medicine that helps promote healing by channelling energy. Learn what reiki therapy is and how it cna help you.","143","868","Indexable",""
"https://anchoredtidesrecovery.com/liminal-space-learning-to-transition/","1","Embrace the liminal space of transition and learn to navigate it at Anchored Tides Recovery. Discover tools for personal growth and transformation.","147","909","Indexable",""
"https://anchoredtidesrecovery.com/understanding-relapse/","1","Understanding Relapse: Causes, Warning Signs, and Strategies for Recovery","73","468","Indexable",""
"https://anchoredtidesrecovery.com/faqs/","1","EMDR Addiction Treatment","24","168","Indexable",""
"https://anchoredtidesrecovery.com/knowing-when-its-time-to-plan-a-drug-and-alcohol-intervention/","1","Learn how to recognize when it's time to plan a drug and alcohol intervention at Anchored Tides. Get guidance on helping a loved one take the first step to recovery.","165","1004","Indexable",""
"https://anchoredtidesrecovery.com/5-steps-to-leave-an-abusive-relationship/","1","Take empowering steps to leave an abusive relationship at Anchored Tides Recovery. Find guidance and support for reclaiming your life and well-being","148","924","Indexable",""
"https://anchoredtidesrecovery.com/all-you-need-to-know-about-gender-specific-rehab/","1","Learn about the benefits of gender-specific rehab at Anchored Tides Recovery. Discover tailored treatment programs designed to meet unique women's needs.","153","974","Indexable",""
"https://anchoredtidesrecovery.com/thc-detox-at-anchored-tides-recovery/","1","Discover comprehensive insights into THC detoxification methods at Anchored Tides Recovery. Explore in-depth strategies, expert advice, and FAQs for successful THC detox.","170","1069","Indexable",""
"https://anchoredtidesrecovery.com/meditation-for-stress-reduction/","1","Learn effective meditation techniques for stress relief at Anchored Tides. Discover how meditation can help reduce stress and support your mental well-being.","157","969","Indexable",""
"https://anchoredtidesrecovery.com/how-a-womens-only-addiction-treatment-center-can-help-you/","1","Discover the benefits of a women’s only addiction treatment center at Anchored Tides. Learn how specialized care can support your journey to recovery.","150","935","Indexable",""
"https://anchoredtidesrecovery.com/treatment-for-behavioral-addictions/","1","Uncover the impact of internet addiction as a potential mental disorder at Anchored Tides Recovery. Find insights and support for healthy digital habits","152","928","Indexable",""
"https://anchoredtidesrecovery.com/the-risks-of-lsd/","1","Discover the risks associated with LSD use, its effects on mental health, and why women should be particularly cautious. Learn how to seek help.","144","890","Indexable",""
"https://anchoredtidesrecovery.com/mothers-with-a-prescription-drug-addiction/","1","Support for mothers with a prescription drug addiction at Anchored Tides Recovery. Find resources, understanding, and hope for recovery and family well-being","157","981","Indexable",""
"https://anchoredtidesrecovery.com/fentanyl-faqs/","1","Fentanyl FAQS","13","92","Indexable",""
"https://anchoredtidesrecovery.com/domestic-abuse-substance-abuse-for-women/","1","Substance abuse has the potential to destroy relationships with loved ones. When someone surrenders control of themselves to the cycle of addiction","147","920","Indexable",""
"https://anchoredtidesrecovery.com/journaling-and-expressive-writing/","1","Discover how journaling and expressive writing support mental health and addiction recovery. Includes mindfulness tips and prompts to start writing today.","154","958","Indexable",""
"https://anchoredtidesrecovery.com/signs-of-alcohol-addiction-does-my-loved-one-need-help/","1","Learn how to spot the signs of alcohol addiction and get your loved one the help they need. Explore treatment options with Anchored Tides Recovery today.","153","955","Indexable",""
"https://anchoredtidesrecovery.com/tips-on-finding-a-job-after-rehab/","1","Discover tips on finding a job after rehab at Anchored Tides Recovery. Gain guidance, resources, and support for a successful transition.","137","837","Indexable",""
"https://anchoredtidesrecovery.com/what-mental-illnesses-is-most-common-in-women/","1","Learn about the most common mental illnesses in women, their unique symptoms, causes, and available treatments. Discover how to support women facing mental health challenges.","174","1124","Indexable",""
"https://anchoredtidesrecovery.com/relapse-definition-part-of-the-addiction-cycle/","1","Understand the relapse cycle, signs of relapse, and prevention strategies. Learn how addiction treatment programs and behavioral therapy support long-term sobriety.","164","1026","Indexable",""
"https://anchoredtidesrecovery.com/holiday-stress-management-tips-for-young-adults/","1","Learn holiday stress tips for young adults: manage school, finances, and social pressures with mindfulness, self-care, and time management.","139","867","Indexable",""
"https://anchoredtidesrecovery.com/americas-war-on-drugs-did-it-work/","1","Explore the effectiveness of America's war on drugs at Anchored Tides Recovery. Gain insights into its impact and seek alternatives for lasting change","150","921","Indexable",""
"https://anchoredtidesrecovery.com/the-importance-of-exercise-and-self-care/","1","Discover the importance of exercise and self-care at Anchored Tides Recovery. Prioritize your well-being and enhance your journey to recovery","141","870","Indexable",""
"https://anchoredtidesrecovery.com/benefits-of-having-a-social-worker-in/","1","Discover the benefits of having a social worker in your support group at Anchored Tides Recovery. Access valuable guidance and holistic support","143","890","Indexable",""
"https://anchoredtidesrecovery.com/anxiety-at-work/","1","Call (866) 329-6639. Struggling with anxiety at work? Learn how to combat workplace anxiety and when to seek therapy. Explore trauma-informed mental health support for women at Anchored Tides Recovery in Orange County.","218","1404","Indexable",""
"https://anchoredtidesrecovery.com/substance-abuse-among-women/","1","Substance abuse among women and men can look completely different. Learn how addiction affects women, and the best way to treat it.","131","847","Indexable",""
"https://anchoredtidesrecovery.com/power-of-gender-specific-needs/","1","Women's recovery: There are studies that show treatment has a better success rate when programs are tailored to gender specific needs","133","839","Indexable",""
"https://anchoredtidesrecovery.com/category/alcohol-use-disorder/","1","Find compassionate, evidence-based treatment for women recovering from alcohol use disorder.","92","595","Indexable",""
"https://anchoredtidesrecovery.com/intensive-outpatient-programs-in-orange-county/","1","Learn what to expect from an intensive outpatient program (IOP) in Orange County. Discover how Anchored Tides helps women heal through flexible, expert care.","157","994","Indexable",""
"https://anchoredtidesrecovery.com/relationship-ptsd-symptoms-in-women/","1","Explore relationship PTSD symptoms in women at Anchored Tides Recovery. Find understanding, healing, and support for reclaiming a healthier future","146","924","Indexable",""
"https://anchoredtidesrecovery.com/suicidal-ideation/","1","Learn the warning signs of suicide, risk factors, and how to help. Identify suicidal ideation early and prevent a crisis. Find support and take action today.","157","933","Indexable",""
"https://anchoredtidesrecovery.com/support-systems-for-long-term-recovery/","1","Recovery from alcohol addiction is a long and challenging journey. Maintaining sobriety requires ongoing effort and dedication, and having a strong support","155","959","Indexable",""
"https://anchoredtidesrecovery.com/breaking-the-habit/","1","Break free from destructive habits with Anchored Tides Recovery. Discover effective strategies and support to embrace a healthier, happier lifestyle.","149","907","Indexable",""
"https://anchoredtidesrecovery.com/coronavirus-disease-covid-19-awareness-and-prevention/","1","It is the Policy of Anchored Tides Recovery to identify risks as the CDC and WHO has identified COVID-19 as a pandemic,","119","736","Indexable",""
"https://anchoredtidesrecovery.com/womens-addiction-treatment-center/therapies-and-modalities/","1","Call (866) 329-6639. Explore evidence-based therapies and holistic modalities designed specifically for women recovering from addiction, trauma, and mental health challenges.","174","1082","Indexable",""
"https://anchoredtidesrecovery.com/planning-a-sober-girls-get-together/","1","Discover fun, creative ideas for planning a memorable sober girls' get-together. Learn how to stay connected, support sobriety, and enjoy alcohol-free activities!","162","978","Indexable",""
"https://anchoredtidesrecovery.com/relapse-prevention-for-women/","1","Learn how to recognize relapse warning signs, manage triggers, and build long-term sobriety. Anchored Tides offers trauma-informed relapse prevention for women.","160","1013","Indexable",""
"https://anchoredtidesrecovery.com/all-you-need-to-know-about-weed-addiction/","1","Discover all you need to know about weed addiction at Anchored Tides Recovery. Get insights, support, and resources for recovery and well-being.","144","897","Indexable",""
"https://anchoredtidesrecovery.com/how-to-approach-a-loved-one-about-addiction/","1","Learn compassionate, non-judgmental ways to approach a loved one struggling with addiction. Get practical tips, supportive resources, and advice for a positive conversation.","173","1076","Indexable",""
"https://anchoredtidesrecovery.com/how-to-identify-toxic-positivity/","1","Learn how to identify toxic positivity at Anchored Tides Recovery. Find insights and tools to promote authentic emotional well-being and growth","143","884","Indexable",""
"https://anchoredtidesrecovery.com/therapy-options/","1","Seeking addiction therapy options? From our medication assisted treatment to different coaching options. Learn how we can help.","127","804","Indexable",""
"https://anchoredtidesrecovery.com/how-to-navigate-addiction-recovery-during-the-holiday-season/","1","Navigate addiction recovery during the holiday season with expert tips on managing stress, triggers, and staying sober. Find support and guidance at Anchored Tides Recovery.","173","1082","Indexable",""
"https://anchoredtidesrecovery.com/does-being-in-recovery-have-to-be-a-life-sentence/","1","You have created a new life focusing on health and wellness being in recovery. Anchored Tides Recovery offers various levels of care for different stages of recovery.","166","1009","Indexable",""
"https://anchoredtidesrecovery.com/dealing-with-setbacks-in-recovery/","1","Along the way, setbacks are inevitable, but it’s important to remember that setbacks don’t define us. dealing-with-setbacks-in-recovery","135","827","Indexable",""
"https://anchoredtidesrecovery.com/category/intensive-outpatient-program/","1","Discover flexible, trauma-informed care through our IOP program, helping women balance life and recovery.","105","661","Indexable",""
"https://anchoredtidesrecovery.com/category/levels-of-care/","1","Explore personalized levels of care for women, from PHP to IOP and OP, designed to support lasting recovery.","108","674","Indexable",""
"https://anchoredtidesrecovery.com/the-relationship-between-personality-traits-and-addiction/","1","Explore the link between personality traits and addiction at Anchored Tides. Learn how specific traits influence addiction and effective treatment strategies.","158","956","Indexable",""
"https://anchoredtidesrecovery.com/relapse-triggers-and-what-you-should-look-out-for/","1","Women relapse for unique emotional and environmental reasons. Learn the early warning signs, common triggers, and proven strategies to stay on track in recovery.","161","1014","Indexable",""
"https://anchoredtidesrecovery.com/outpatient-treatment-long-term-success/","1","Outpatient Treatment: Outpatient Addiction is a multifaceted problem that affects all kinds of people from all walks of life.","125","748","Indexable",""
"https://anchoredtidesrecovery.com/how-to-talk-to-your-family-about-mat/","1","Wondering how to talk to your family about MAT? Learn how to address concerns, explain benefits, and gain support. Get expert help from Anchored Tides Recovery.","160","1015","Indexable",""
"https://anchoredtidesrecovery.com/holistic-approach-to-addiction-treatment/","1","Explore holistic addiction treatment at Anchored Tides Recovery with therapies like yoga, meditation, and nutrition to heal the mind, body, and spirit.","151","908","Indexable",""
"https://anchoredtidesrecovery.com/benefits-of-female-only-treatment/","1","""Unlock the transformative benefits of female-only treatment at Anchored Tides Recovery. Empowering, personalized care for women in recovery.","141","893","Indexable",""
"https://anchoredtidesrecovery.com/the-silence-of-a-clients-death/","1","By, Heather Black-Coyne","23","152","Indexable",""
"https://anchoredtidesrecovery.com/how-to-stop-alcohol-cravings/","1","Learn practical, evidence-informed ways to stop alcohol cravings, cope with urges, plan for high‑risk situations, and know when to seek medical support.","152","937","Indexable",""
"https://anchoredtidesrecovery.com/the-reality-of-dating-an-addict/","1","Navigate the reality of dating an addict at Anchored Tides Recovery. Gain insights, support, and guidance for healthy relationships in recovery.","144","875","Indexable",""
"https://anchoredtidesrecovery.com/is-drug-addiction-genetic/","1","Explore the genetic factors of drug addiction at Anchored Tides Recovery. Gain insights into the link between genetics and addiction risk","137","835","Indexable",""
"https://anchoredtidesrecovery.com/after-care-with-supportive-housing/","1","After completing a treatment program for substance use disorder, it can be challenging for individuals to transition back into their everyday lives. This is","156","931","Indexable",""
"https://anchoredtidesrecovery.com/outpatient-treatment/","1","Outpatient Treatment","20","135","Indexable",""
"https://anchoredtidesrecovery.com/a-guide-to-being-a-better-parent-in-recovery/","1","Discover a guide to being a better parent in recovery at Anchored Tides Recovery. Empowering resources and support for building a healthy family.","145","900","Indexable",""
"https://anchoredtidesrecovery.com/how-long-does-marijuana-stay-in-your-system-2/","1","The presence of marijuana can be detected in various bodily fluids and tissues, each with its time frame. Click to read more.","125","755","Indexable",""
"https://anchoredtidesrecovery.com/maintaining-sobriety/","1","Maintaining long term sobriety is a challenging but achievable goal for anyone who has struggled with addiction. It requires a commitment to ongoing","148","921","Indexable",""
"https://anchoredtidesrecovery.com/dialectical-behavior-therapy-and-you/","1","Explore the transformative power of Dialectical Behavior Therapy (DBT) at Anchored Tides Recovery. Find tools for emotional regulation and growth","145","910","Indexable",""
"https://anchoredtidesrecovery.com/coaching-options/","1","Anchored Tides Recovery, we take a holistic approach to treatment and aim to heal the whole person, not just the addiction but coaching options.","144","894","Indexable",""
"https://anchoredtidesrecovery.com/non-12-step-treatment-in-huntington-beach-ca/","1"," ","1","0","Indexable",""
"https://anchoredtidesrecovery.com/stigmas-of-mental-health-and-addiction/","1","Break free from the stigmas of mental health and addiction at Anchored Tides Recovery. Embrace understanding, support, and a path to recovery.","142","899","Indexable",""
"https://anchoredtidesrecovery.com/category/relapse-recovery-maintenance/","1","Learn how women can prevent relapse and maintain long-term recovery. Explore resources, tips, and support from Anchored Tides Recovery.","135","867","Indexable",""
"https://anchoredtidesrecovery.com/creating-your-success-story-opting-for-alcohol-or-drug-treatment/","1","Create your success story by opting for alcohol or drug treatment at Anchored Tides Recovery. Find support, hope, and a path to recovery.","137","850","Indexable",""
"https://anchoredtidesrecovery.com/following-the-principle-of-love-languages/","1","Follow the principle of love languages at Anchored Tides Recovery. Discover the power of communication and connection in relationships.","135","847","Indexable",""
"https://anchoredtidesrecovery.com/a-huntington-beach-california-womens-only-outpatient-program/","1","Women’s only Outpatient programs offer intensive alcohol and substance abuse treatment for women. Alcohol and substance dependence is widespread, affecting","155","1006","Indexable",""
"https://anchoredtidesrecovery.com/united-healthcare-information/","1","Find essential information about United Healthcare at Anchored Tides. Learn how your insurance can support addiction treatment and recovery services.","149","942","Indexable",""
"https://anchoredtidesrecovery.com/embracing-a-life-beyond-addiction/","1","Embracing a Life Beyond Addiction: Celebrating Success and Setting New Goals","76","491","Indexable",""
"https://anchoredtidesrecovery.com/what-makes-womens-addiction-treatment-unique/","1","Discover what makes women’s addiction treatment unique. Learn about gender-specific rehab, trauma-informed care, and holistic approaches. Start your recovery today!","164","1045","Indexable",""
"https://anchoredtidesrecovery.com/women-and-addiction-understanding-the-connection-and-overcoming-stigma/","1","Understand the connection between women and addiction at Anchored Tides. Learn about overcoming stigma and finding support for a healthier, sober life.","151","961","Indexable",""
"https://anchoredtidesrecovery.com/older-women-and-alcohol-use/","1","Discover why older women face unique challenges with alcohol use and find comprehensive guidance on seeking help at Anchored Tides Recovery in Huntington Beach, CA.","164","1054","Indexable",""
"https://anchoredtidesrecovery.com/understanding-emotional-sobriety/","1","Discover why emotional sobriety is crucial for women's long-term recovery. Learn the difference between physical and emotional sobriety and how to achieve lasting healing at Anchored Tides Recovery.","198","1236","Indexable",""
"https://anchoredtidesrecovery.com/overcoming-shame-and-guilt/","1","Navigating the complex world of emotions is never easy, especially when it comes to feelings of shame and guilt. If you're seeking clarity and understanding","156","954","Indexable",""
"https://anchoredtidesrecovery.com/what-are-the-different-types-of-addiction/","1","Explore the various types of addiction at Anchored Tides Recovery. Gain understanding and resources for overcoming addiction and finding recovery","145","915","Indexable",""
"https://anchoredtidesrecovery.com/is-gender-specific-treatment-actually-gender-specific/","1","Explore the effectiveness of gender-specific treatment at Anchored Tides Recovery. Gain insights into its impact and find tailored support for recovery.","152","923","Indexable",""
"https://anchoredtidesrecovery.com/dont-be-intimidated-by-the-people-who-will-save-you/","1","Don't be intimidated by the people in rehab who will save you. Find support, inspiration, and empowerment at Anchored Tides Recovery.","133","832","Indexable",""
"https://anchoredtidesrecovery.com/how-to-stop-comparing-yourself-to-others/","1","Learn effective strategies to break free from the harmful habit of comparing yourself to others at Anchored Tides Recovery. Discover a healthier path to self-acceptance today.","175","1074","Indexable",""
"https://anchoredtidesrecovery.com/fun-sober-nights-with-friends/","1","Sober nights with friends offer a chance to redefine what fun truly means. At Anchored Tides Recovery, we believe in celebrating life in its purest form.","153","918","Indexable",""
"https://anchoredtidesrecovery.com/what-is-addiction/","1","Gain a deeper understanding of addiction at Anchored Tides Recovery. Explore its nature, effects, and find hope in recovery. Start your journey today.","150","917","Indexable",""
"https://anchoredtidesrecovery.com/how-to-confide-in-your-partner-about-your-addiction/","1","Not sure how to tell your partner you’re struggling with addiction? Anchored Tides Recovery offers compassionate guidance for women navigating relationships and recovery. Start the conversation—and your healing—today.","217","1378","Indexable",""
"https://anchoredtidesrecovery.com/xanax-addiction-treatment-near-me/","1","Find Xanax addiction treatment near you at Anchored Tides Recovery. Compassionate care, resources, and support for recovery and well-being","138","881","Indexable",""
"https://anchoredtidesrecovery.com/womens-relapse-triggers-during-winter/","1","Discover common winter relapse triggers for women in recovery and proven strategies to stay grounded. Expert guidance from Anchored Tides Recovery in Orange County.","164","1053","Indexable",""
"https://anchoredtidesrecovery.com/addiction-during-pregnancy-and-inpatient-rehab-for-women/","1","Address addiction during pregnancy with inpatient rehab for women at Anchored Tides Recovery. Compassionate care for a healthy future.","134","857","Indexable",""
"https://anchoredtidesrecovery.com/al-anon/","1","Al-Anon: Support For The Family - A Comprehensive Guide","55","356","Indexable",""
"https://anchoredtidesrecovery.com/how-long-does-ativan-stay-in-your-system/","1","Curious about Ativan's duration in your system? Learn about Ativan's persistence and its implications for recovery from Ativan Addiction at Anchored Tides Recovery in Huntington Beach.","184","1148","Indexable",""
"https://anchoredtidesrecovery.com/technology-and-substance-abuse/","1","Discover the connection between technology and substance abuse in women. Learn about our specialized treatment at Anchored Tides Recovery.","138","897","Indexable",""
"https://anchoredtidesrecovery.com/outpatient-drug-rehab-for-women/","1","Discover effective outpatient drug rehab for women at Anchored Tides Recovery. Tailored programs and compassionate support for lasting recovery.","144","918","Indexable",""
"https://anchoredtidesrecovery.com/meditation-in-addiction-recovery/","1","Meditation in Addiction Recovery: Overcoming addiction comes with its own challenges and can be particularly stressful","118","737","Indexable",""
"https://anchoredtidesrecovery.com/mindfulness-meditation/","1","Anchored Tides has been a premier provider of mindfulness-based substance and alcohol treatment programs for women in recovery.","127","823","Indexable",""
"https://anchoredtidesrecovery.com/body-dysmorphia-and-anorexia/","1","Understanding the role of body dysmorphia with anorexia; manifests through an intense preoccupation with leading to distorted body image and self-perception. Click to read more.","177","1108","Indexable",""
"https://anchoredtidesrecovery.com/what-its-like-being-a-late-bloomer-in-alcoholism/","1","Discover the experience of being a late bloomer in alcoholism at Anchored Tides Recovery. Find support and resources for a transformative journey.","146","906","Indexable",""
"https://anchoredtidesrecovery.com/therapy-in-rehab/","1","Providing Women with Effective Therapy in Rehab","47","307","Indexable",""
"https://anchoredtidesrecovery.com/types-of-therapy-for-addiction-treatment/","1","Discover the most effective types of therapy for addiction treatment at Anchored Tides Recovery in Huntington Beach, CA. Explore evidence-based approaches and find hope in recovery.","181","1138","Indexable",""
"https://anchoredtidesrecovery.com/trauma-disorders/","1","Trauma Disorders","16","111","Indexable",""
"https://anchoredtidesrecovery.com/parenting-someone-with-a-cocaine-addiction/","1","Discover guidance and support for parenting someone with a cocaine addiction at Anchored Tides Recovery. Empowerment for both you and your loved one.","149","965","Indexable",""
"https://anchoredtidesrecovery.com/alcoholism-gender-and-the-rate-of-addiction-in-women/","1","Explore the impact of gender on alcoholism and the rate of addiction in women at Anchored Tides Recovery. Find insights and support for recovery.","145","905","Indexable",""
"https://anchoredtidesrecovery.com/how-the-covid-19-lockdown-changed-addiction-treatment/","1","Explore how the COVID-19 lockdown changed addiction treatment at Anchored Tides Recovery. Adaptations, challenges, and new approaches","133","876","Indexable",""
"https://anchoredtidesrecovery.com/narcotics-anonymous-12-steps/","1","Explore the transformative power of Narcotics Anonymous 12 Steps at Anchored Tides Recovery. Find support and a path to lasting recovery","136","869","Indexable",""
"https://anchoredtidesrecovery.com/why-women-relapse-and-binge/","1","Call (866) 329-6639. Explore the often-overlooked links between relapse and binge behavior in women, how emotional relapse starts it all, and trauma-informed, integrated strategies for healing.","193","1187","Indexable",""
"https://anchoredtidesrecovery.com/breaking-down-the-12-step-program/","1","Explore its principles for a transformative recovery journey with the 12 Step Program. Find guidance at Anchored Tides Recovery. Click to read more.","148","911","Indexable",""
"https://anchoredtidesrecovery.com/ongoing-support-in-recovery/","1","Explore ongoing support for women at Anchored Tides Recovery, fostering long-term sobriety and personal growth. Join our supportive community today.","148","950","Indexable",""
"https://anchoredtidesrecovery.com/heated-yoga-for-depression/","1","Explore how heated yoga reduces depression symptoms, gender-specific aspects in women, and its potential as an alternative treatment.","133","844","Indexable",""
"https://anchoredtidesrecovery.com/opioid-overdose-causes-signs-and-precautions/","1","Learn about opioid overdose causes, signs, and precautions at Anchored Tides Recovery. Essential knowledge for prevention and response.","135","859","Indexable",""
"https://anchoredtidesrecovery.com/building-emotional-intelligence/","1","Emotional intelligence allows individuals to understand, express, and regulate their emotions effectively.","106","638","Indexable",""
"https://anchoredtidesrecovery.com/quitting-nicotine-the-next-step-to-a-healthy-life/","1","Take the next step to a healthy life by quitting nicotine at Anchored Tides Recovery. Find support, resources, and strategies for success","137","828","Indexable",""
"https://anchoredtidesrecovery.com/women-drugs-commonly-abused-prescription-drugs/","1","Discover the most commonly abused prescription drugs among women at Anchored Tides. Learn about the risks and find support for overcoming prescription drug abuse.","162","1050","Indexable",""
"https://anchoredtidesrecovery.com/finding-a-work-life-balance/","1","In today’s fast-paced and demanding world, finding a work life balance between personal life has become increasingly challenging","128","799","Indexable",""
"https://anchoredtidesrecovery.com/alcohol-addiction-recovery-women/","1","Call (866) 902-2219. Discover why women need trauma-informed, gender-specific support in alcohol addiction recovery. Learn how safe, women-only care empowers lasting healing.","174","1114","Indexable",""
"https://anchoredtidesrecovery.com/xanax-addiction/","1","Learn about Xanax addiction, its signs and symptoms, and effective treatment options to overcome dependence and reclaim your life. Call 866-329-6639.","149","944","Indexable",""
"https://anchoredtidesrecovery.com/creating-an-alternative-identity-to-being-an-addict/","1","Discover how to build a new identity beyond addiction at Anchored Tides Recovery. Learn strategies for creating a positive, fulfilling life in recovery.","152","901","Indexable",""
"https://anchoredtidesrecovery.com/developing-a-support-system/","1","Developing a support system is crucial for long-term recovery from addiction. When individuals have a support system,","117","728","Indexable",""
"https://anchoredtidesrecovery.com/how-food-affects-your-mood/","1","Learn how food affects your mood at Anchored Tides Recovery. Explore the connection between nutrition, mental health, and overall well-being","140","880","Indexable",""
"https://anchoredtidesrecovery.com/how-to-help-your-daughter-with-drug-addiction/","1","Struggling to help your daughter with drug addiction? Learn practical steps, emotional support tips, and real success stories at Anchored Tides Recovery. Call today!","165","1011","Indexable",""
"https://anchoredtidesrecovery.com/the-link-between-sexual-abuse-and-addiction/","1","Understand the link between sexual abuse and addiction at Anchored Tides Recovery. Find support, healing, and empowerment for recovery","134","860","Indexable",""
"https://anchoredtidesrecovery.com/southern-california-drug-rehab/","1","Discover personalized Southern California drug rehab for women. Start your recovery journey with expert care and support at Anchored Tides Recovery.","148","933","Indexable",""
"https://anchoredtidesrecovery.com/differences-in-gender-specific-treatment/","1","Gender-specific treatment is a type of substance abuse treatment that focuses on the unique needs and experiences of men or women. At Anchored Tides Recovery,","158","1010","Indexable",""
"https://anchoredtidesrecovery.com/womens-addiction-treatment-center/therapies-and-modalities/cognitive-behavioral-therapy-cbt/","1","Call (866) 329-6639. CBT helps women change unhelpful thoughts, manage triggers, and reduce relapse risk. Learn how evidence-based CBT works at Anchored Tides Recovery.","168","1088","Indexable",""
"https://anchoredtidesrecovery.com/is-heroin-addiction-a-disease/","1","Explore the question of whether heroin addiction is a disease at Anchored Tides Recovery. Gain insights and understanding for recovery","134","834","Indexable",""
"https://anchoredtidesrecovery.com/creating-a-new-self-image-in-recovery/","1","Creating a New Self-Image in Recovery: Embracing Positive Transformation","72","464","Indexable",""
"https://anchoredtidesrecovery.com/finding-purpose-in-recovery/","1","Anchored Tide Recovery truly believes in finding meaning and purpose in recovery is an essential component of the recovery journey.","131","812","Indexable",""
"https://anchoredtidesrecovery.com/what-to-expect-in-rehab/","1","Substance abuse treatment can be a daunting and intimidating experience, especially if you are unsure of what to expect. Seeking help for a substance abuse","155","967","Indexable",""
"https://anchoredtidesrecovery.com/what-is-a-spiritual-awakening-in-recovery/","1","Discover what a spiritual awakening means in recovery, its signs, and how it supports personal growth and sobriety. Learn how to find purpose and healing in recovery.","166","1029","Indexable",""
"https://anchoredtidesrecovery.com/spirituality-and-sobriety/","1","Spirituality plays a significant role in achieving and maintaining sobriety. Practicing meditation and mindfulness with every during the recovery process.","154","930","Indexable",""
"https://anchoredtidesrecovery.com/service-areas/costa-mesa/","1","Call (866) 329-6639 today. Looking for women’s PHP or IOP near Costa Mesa? Anchored Tides Recovery in Huntington Beach offers trauma-informed, women-only addiction treatment just minutes away.","192","1253","Indexable",""
"https://anchoredtidesrecovery.com/opioid-relapse-in-women/","1","Learn why opioid relapse happens in women, early warning signs, and how PHP, IOP, and Outpatient treatment can help stabilize recovery safely and effectively.","158","987","Indexable",""
"https://anchoredtidesrecovery.com/does-having-an-addictive-personality-lead-to-addiction/","1","Explore the relationship between having an addictive personality and addiction at Anchored Tides Recovery. Insights into risks and strategies for prevention","156","957","Indexable",""
"https://anchoredtidesrecovery.com/alternatives-to-alcohol-to-relax/","1","Explore practical alternatives to alcohol to relax—teas, NA drinks, mindfulness, exercise, and safety tips to help you unwind without drinking.","143","860","Indexable",""
"https://anchoredtidesrecovery.com/living-with-chronic-pain/","1","Discover strategies for living with chronic pain at Anchored Tides Recovery. Find support, resources, and empowerment for a fulfilling life.","140","843","Indexable",""
"https://anchoredtidesrecovery.com/signs-a-loved-one-is-struggling-with-alcoholism-or-addiction/","1","Learn to recognize signs of alcoholism and addiction in your loved ones at Anchored Tides. Find guidance and support to help them seek necessary treatment.","155","973","Indexable",""
"https://anchoredtidesrecovery.com/how-drug-addiction-ruined-my-life/","1","Discover a personal journey of overcoming drug addiction and rebuilding a life at Anchored Tides Recovery. Find inspiration and hope for recovery","145","894","Indexable",""
"https://anchoredtidesrecovery.com/dbt-in-recovery/","1","Dialectical Behavior Therapy (DBT) is a family of theories intended to address clinical problems of a mental health nature by examining the relationship between components","171","1060","Indexable",""
"https://anchoredtidesrecovery.com/why-women-relapse-during-the-fall/","1","Call (866) 329-6639. Feeling overwhelmed this fall? Discover the emotional triggers behind relapse and how Anchored Tides helps women stay grounded in recovery.","160","1011","Indexable",""
"https://anchoredtidesrecovery.com/fetal-alcohol-syndrome-diagnosis-epidemiology-prevention-and-treatment/","1","Discover fetal alcohol syndrome: diagnosis, epidemiology, prevention, and treatment at Anchored Tides Recovery. Get vital information and support.","146","910","Indexable",""
"https://anchoredtidesrecovery.com/empowerment-and-growth-celebrating-womens-strengths-and-achievements-in-recovery/","1","At our women’s-only treatment center, we recognize the unique challenges that women face when it comes to addiction and recovery.","129","822","Indexable",""
"https://anchoredtidesrecovery.com/how-to-find-the-right-rehab-center-for-you/","1","""Discover how to find the right rehab center for you at Anchored Tides Recovery. Personalized care, support, and resources for your recovery journey.","149","915","Indexable",""
"https://anchoredtidesrecovery.com/is-outpatient-rehab-effective-for-women/","1","Is outpatient treatment effective for women's addiction recovery? Learn what makes women's outpatient programs successful and whether this level of care is right for you.","170","1059","Indexable",""
"https://anchoredtidesrecovery.com/substance-abuse-co-dependency/","1","Substance abuse and co-dependency often go hand-in-hand and can create a vicious cycle that is difficult to break. At Anchored Tides Recovery, we understand","156","983","Indexable",""
"https://anchoredtidesrecovery.com/5-influential-women/","1","For those who struggle with addiction, substance abuse, and other mental health disorders, it is easy to feel isolated. After all, many people who see others","157","950","Indexable",""
"https://anchoredtidesrecovery.com/understanding-dual-diagnosis-treatment-for-women/","1","Worried about a loved one with addiction and mental health struggles? Learn how to recognize dual diagnosis in women and find the right support and resources today.","164","1034","Indexable",""
"https://anchoredtidesrecovery.com/importance-of-social-support-groups/","1","Recovery from any kind of physical or mental illness can be a long and arduous process. During this time, having a social support network","137","845","Indexable",""
"https://anchoredtidesrecovery.com/understanding-addiction-taking-care-of-your-mental-health-when-a-loved-one-is-battling-addiction/","1","Understand addiction and take care of your mental health when a loved one is battling addiction. Find support and resources at Anchored Tides Recovery.","151","947","Indexable",""
"https://anchoredtidesrecovery.com/am-i-an-alcoholic-can-you-be-an-alcoholic-and-not-drink-every-day/","1","Can you be an alcoholic without drinking daily? Learn how binge drinking, signs of alcoholism, and women’s experiences shape alcohol misuse and recovery.","153","961","Indexable",""
"https://anchoredtidesrecovery.com/female-musicians-beat-addiction/","1","Explore inspiring stories of female musicians overcoming addiction at Anchored Tides Recovery. Discover the power of music in recovery journeys","143","893","Indexable",""
"https://anchoredtidesrecovery.com/maintaining-long-term-sobriety/","1","Discover the keys to maintaining long-term sobriety at Anchored Tides Recovery. Find support, strategies, and inspiration for a lasting recovery journey.","153","930","Indexable",""
"https://anchoredtidesrecovery.com/cocaine-addiction-in-women/","1","Learn how cocaine use affects women, common street names for cocaine, signs of addiction, and how Anchored Tides Recovery offers specialized help.","146","934","Indexable",""
"https://anchoredtidesrecovery.com/the-guide-to-eating-disorders-in-women/","1","Explore the world of eating disorders in women. Learn about anorexia, bulimia, binge-eating disorder, and OSFED. Discover signs, symptoms, and how to seek help.","160","1001","Indexable",""
"https://anchoredtidesrecovery.com/veteran-mental-health/","1","Explore mental health challenges facing women veterans—including PTSD, trauma, and addiction. Anchored Tides offers compassionate, trauma-informed care in Southern California.","175","1123","Indexable",""
"https://anchoredtidesrecovery.com/are-you-looking-for-a-rehab-treatment-center-in-huntington-beach-ca/","1","So if you’re looking for the best rehab in Huntington Beach, CA, read on to find out what to look for.","102","608","Indexable",""
"https://anchoredtidesrecovery.com/addiction-and-employment-get-help-dont-get-fired/","1","Navigate addiction and employment challenges at Anchored Tides Recovery. Get support to maintain employment while seeking help for recovery.","140","898","Indexable",""
"https://anchoredtidesrecovery.com/what-is-oppositional-defiant-disorder-odd/","1","Get the facts about addiction and oppositional defiant disorder at Anchored Tides Recovery. Understanding the connection for effective treatment","144","900","Indexable",""
"https://anchoredtidesrecovery.com/a-guide-to-success-planning-an-intervention/","1","Planning an intervention with our guide at Anchored Tides Recovery. Get insights, resources, and support for helping a loved one.","129","793","Indexable",""
"https://anchoredtidesrecovery.com/life-beyond-addiction/","1","Discover how to live a fulfilling life beyond addiction at Anchored Tides. Learn strategies for maintaining sobriety and building a brighter, healthier future.","159","937","Indexable",""
"https://anchoredtidesrecovery.com/individualized-treatment-plans/","1","Individualized treatment plans are a critical aspect of addiction treatment. Every individual who struggles with addiction has a unique set of needs, experiences, and circumstances","180","1100","Indexable",""
"https://anchoredtidesrecovery.com/what-are-the-best-crystals-for-anxiety-and-stress/","1","Discover the best crystals for anxiety and stress at Anchored Tides. Learn how to use these healing stones to enhance your mental well-being and find relief.","157","959","Indexable",""
"https://anchoredtidesrecovery.com/why-cant-i-control-my-drinking-after-just-one-drink/","1","Learn why it's difficult to control your drinking after just one drink at Anchored Tides. Discover the factors behind this struggle and find support for recovery.","162","959","Indexable",""
"https://anchoredtidesrecovery.com/trauma-informed-therapy-long-term-sobriety/","1","Learn how trauma-informed therapy supports long-term sobriety by addressing triggers, healing past trauma, and empowering women in addiction recovery. Call (866) 329-6639 for more information.","192","1229","Indexable",""
"https://anchoredtidesrecovery.com/anchored-tides-supports-rock-to-recovery-benefit/","1","Rock to Recovery 4 - the fourth annual benefit concert with music featuring John Feldman and Sacred Sons, with the latter consisting of musicians","145","902","Indexable",""
"https://anchoredtidesrecovery.com/spirituality-for-women-in-recovery/","1","The Role of Spirituality in Women's Recovery: How Anchored Tides Recovery Can Help","82","524","Indexable",""
"https://anchoredtidesrecovery.com/why-young-women-self-silence-and-its-impact-on-mental-health/","1","Learn why young women self-silence and its impact on mental health at Anchored Tides. Discover strategies to encourage expression and improve well-being.","153","969","Indexable",""
"https://anchoredtidesrecovery.com/holistic-ways-for-women-to-manage-pain-in-recovery/","1","Discover holistic approaches to managing pain in addiction recovery for women. Explore mindfulness, yoga, acupuncture, nutrition, and more at Anchored Tides.","157","987","Indexable",""
"https://anchoredtidesrecovery.com/life-skills-early-recovery-title/","1","Anchored Tides’ life skills program is developed specifically for the early stages of recovery to connect and heal from the effects of addiction for women.","155","932","Indexable",""
"https://anchoredtidesrecovery.com/life-in-recovery/","1","At Anchored Tides Recovery we think that life in recovery can be a challenging yet rewarding journey. While getting sober is a major accomplishment, staying","156","960","Indexable",""
"https://anchoredtidesrecovery.com/alcohol-and-postpartum-depression/","1","Discover support for alcohol use and postpartum depression at Anchored Tides Recovery. Learn how to manage these challenges and find a path to healing.","151","963","Indexable",""
"https://anchoredtidesrecovery.com/outdoor-therapy-for-women-in-recovery/","1","Call (866) 329-6639. Discover how outdoor therapy helps women heal from addiction, trauma, and mental health issues through nature, movement, and holistic recovery at Anchored Tides.","182","1158","Indexable",""
"https://anchoredtidesrecovery.com/partial-hospitalization-for-you/","1","Partial Hospitalization Programs (PHP) If you’re addicted to drugs or alcohol and seeking treatment, you’re going to be faced with numerous options.","148","919","Indexable",""
"https://anchoredtidesrecovery.com/category/partial-hospitalization-program/","1","Learn how our women’s PHP offers structure, therapy, and daily support for a strong foundation in recovery.","107","670","Indexable",""
"https://anchoredtidesrecovery.com/common-opioid-drugs-what-you-need-to-know/","1","Learn about the most common opioid drugs, their effects, and the importance of seeking help at Anchored Tides Recovery, a women's rehabilitation center in Huntington Beach, CA.","176","1106","Indexable",""
"https://anchoredtidesrecovery.com/the-rise-of-nicotine-addiction/","1","Learn about the increasing trends in nicotine addiction at Anchored Tides. Discover the factors driving this rise and find support for quitting nicotine.","153","912","Indexable",""
"https://anchoredtidesrecovery.com/how-long-does-alcohol-stay-in-your-system/","1","Are you wondering how long alcohol stays in your system? Whether you're considering seeking help for alcohol addiction or just curious about the effects of","155","956","Indexable",""
"https://anchoredtidesrecovery.com/sober-living-for-women-in-huntington-beach/","1","Find supportive, gender-specific sober living for women in Huntington Beach. Call Anchored Tides Recovery and discuss options available to continue on the road to recovery.","172","1066","Indexable",""
"https://anchoredtidesrecovery.com/mdma-ptsd-recovering-from-trauma/","1","Recover from trauma with MDMA-assisted therapy at Anchored Tides Recovery. Explore the potential of MDMA for healing PTSD and reclaiming a brighter future","154","988","Indexable",""
"https://anchoredtidesrecovery.com/downgrading-from-hard-drugs/","1","Discover the process of downgrading from hard drugs at Anchored Tides Recovery. Find guidance, support, and a path to a healthier life.","135","840","Indexable",""
"https://anchoredtidesrecovery.com/understanding-the-duration-of-molly-in-your-urine/","1","Find out how long Molly (MDMA) stays in your system, including detection times for urine, blood, saliva, and hair tests and factors that influence its duration.","160","962","Indexable",""
"https://anchoredtidesrecovery.com/sober-october/","1","Call (866) 329-6639. Sober October is more than a challenge—it’s the perfect time to reset, heal, and explore PHP or IOP programs for lasting recovery.","151","924","Indexable",""
"https://anchoredtidesrecovery.com/careers-that-go-well-with-being-in-recovery/","1","Step-by-step guide to drug addiction recovery, with tips for coping with cravings and dealing with relapse and how to get a job afterwards.","139","849","Indexable",""
"https://anchoredtidesrecovery.com/overcoming-cravings-one-day-at-a-time/","1","Overcoming cravings just for today at Anchored Tides Recovery. Find inspiration and strategies to take each day as a step toward lasting recovery.","146","904","Indexable",""
"https://anchoredtidesrecovery.com/the-best-dual-diagnosis-treatment-centers-for-women/","1","Discover the best dual diagnosis treatment centers for women at Anchored Tides. Get personalized care for co-occurring disorders and achieve lasting recovery.","158","984","Indexable",""
"https://anchoredtidesrecovery.com/self-awareness-mastery-of-emotional-intelligence/","1","Unlock self-awareness and master emotional intelligence at Anchored Tides Recovery. Empowering resources for personal growth and well-being","139","892","Indexable",""
"https://anchoredtidesrecovery.com/5-questions-to-ask-when-dealing-with-trauma-and-rehab/","1","Discover 5 important questions to ask when dealing with trauma and rehab at Anchored Tides Recovery. Find guidance and healing for recovery.","140","889","Indexable",""
"https://anchoredtidesrecovery.com/building-resilience/","1","Under Unique gender-related issues and societal expectations Building resilience is key to overcoming these challenges and achieving lasting recovery.","150","921","Indexable",""
"https://anchoredtidesrecovery.com/easy-self-care-and-self-love-tips-for-an-addict/","1","At Anchored Tides Recovery, we understand that addiction recovery is a challenging journey. Self-care and self-love are fundamental tools in building a","151","924","Indexable",""
"https://anchoredtidesrecovery.com/adderalls-long-term-dependency-and-its-correlation-with-eating-disorders/","1","Discover the link between Adderall dependency and eating disorders. Get expert guidance at Anchored Tides Recovery in Huntington Beach, CA. Don't face it alone.","160","999","Indexable",""
"https://anchoredtidesrecovery.com/the-importance-of-self-forgiveness-in-recovery/","1","Unlock the power of self-forgiveness in addiction recovery. Explore its vital role in healing and reclaiming a brighter future. Start your journey now","150","889","Indexable",""
"https://anchoredtidesrecovery.com/most-addictive-prescription-drugs/","1","Discover the top addictive prescription drugs at Anchored Tides. Learn about their risks and find support for overcoming addiction to prescription medications.","159","976","Indexable",""
"https://anchoredtidesrecovery.com/postpartum-depression/","1","Struggling after giving birth? Learn the signs, causes, and treatment options for postpartum depression. Compassionate support for women starts here at Anchored Tides Recovery.","176","1114","Indexable",""
"https://anchoredtidesrecovery.com/signs-of-heroin-use-in-teens-and-young-adults/","1","Discover signs of heroin use in teens and young adults at Anchored Tides Recovery. Get insights, support, and resources to address addiction","140","869","Indexable",""
"https://anchoredtidesrecovery.com/will-insurance-cover-my-treatment/","1","Learn how insurance can cover addiction treatment at Anchored Tides Recovery. Discover your options for addiction and mental health. Verify your benefits today!","160","1002","Indexable",""
"https://anchoredtidesrecovery.com/holistic-treatments-for-anxiety/","1","Explore natural, holistic treatments for anxiety that restore balance, promote mental healthiness, and support a sound mind, body, and soul. Learn more today.","158","978","Indexable",""
"https://anchoredtidesrecovery.com/video-gallery/","1","Subscribe to Anchor Tides Recovery YouTube Channel. Watch related topics to addiction and treatment. Click to learn more.","121","761","Indexable",""
"https://anchoredtidesrecovery.com/coping-with-relapse/","1","One of the topics often shrouded in shame but critically important to discuss is coping with relapse. Today our Anchored Tides Recovery team will explore","153","942","Indexable",""
"https://anchoredtidesrecovery.com/fun-in-early-sobriety/","1","Getting sobriety is a serious undertaking, and the early days of recovery can be particularly challenging.","106","635","Indexable",""
"https://anchoredtidesrecovery.com/what-is-disordered-eating/","1","Understand disordered eating at Anchored Tides Recovery. Explore causes, symptoms, and treatment options for a healthier relationship with food","143","903","Indexable",""
"https://anchoredtidesrecovery.com/category/therapies-modalities/","1","Explore CBT, DBT, EMDR, and holistic therapies designed to empower women’s healing and growth.","94","611","Indexable",""
"https://anchoredtidesrecovery.com/family-support-resources/","1","At Anchored Tides Recovery, we understand that addiction doesn’t just affect the individual struggling with substance abuse, it also affects their entire family.","161","971","Indexable",""
"https://anchoredtidesrecovery.com/why-come-to-huntington-beach-to-get-sober/","1","Huntington Beach, California","28","179","Indexable",""
"https://anchoredtidesrecovery.com/journaling-in-recovery/","1","If you're on the path to recovery from addiction or mental health challenges, you may have heard about the therapeutic benefits of journaling. Journaling is","156","951","Indexable",""
"https://anchoredtidesrecovery.com/the-dangers-of-prescription-pills/","1","The Dangers of Prescription Pills - Drug Prescription pills had always been a threat to all - even before the recent opioid epidemic.","133","787","Indexable",""
"https://anchoredtidesrecovery.com/benefits-of-group-therapy/","1","Group therapy is a very valuable tool in the recovery process for alcoholics. Group therapy is a form of psychotherapy in which a group of individuals meet","155","946","Indexable",""
"https://anchoredtidesrecovery.com/anchored-tides-recovery-is-in-net-with-cigna/","1","Discover how Anchored Tides Recovery in net with signa is to provide compassionate and effective addiction treatment. Get the support you need today.","149","938","Indexable",""
"https://anchoredtidesrecovery.com/womens-rehabilitation-center/","1","At Anchored Tides Recovery, we understand that women face unique challenges when it comes to addiction and recovery. That's why we offer specialized treatment","158","1010","Indexable",""
"https://anchoredtidesrecovery.com/the-impact-of-oppression-on-womens-mental-health/","1","Explore the profound impact of oppression on women's mental health at Anchored Tides Recovery. Empowerment and healing for a brighter future","140","902","Indexable",""
"https://anchoredtidesrecovery.com/future-scenarios-pathways-to-meet-your-goals/","1","Explore future scenarios and pathways to meet your goals at Anchored Tides Recovery. Empowering resources for envisioning a fulfilling and successful future.","157","982","Indexable",""
"https://anchoredtidesrecovery.com/managing-triggers/","1","Managing Triggers: Understanding Common Triggers and Developing Coping Mechanisms to Navigate Challenging Situations","116","773","Indexable",""
"https://anchoredtidesrecovery.com/staying-on-track/","1","Staying on Track: Strategies for Preventing Relapse and Sustaining Sobriety","75","466","Indexable",""
"https://anchoredtidesrecovery.com/what-is-a-php-program-for-substance-abuse/","1","Looking for outpatient addiction care? Learn how a PHP program supports women’s substance abuse recovery with structure, therapy, and connection. Call (866) 329-6639.","166","1068","Indexable",""
"https://anchoredtidesrecovery.com/understanding-the-risks-of-mixing-tramadol-and-alcohol/","1","Learn about the serious risks of mixing tramadol and alcohol at Anchored Tides. Discover the potential dangers and find support for safe substance use practices.","161","998","Indexable",""
"https://anchoredtidesrecovery.com/subutex-and-suboxone/","1","Uncover the difference between Subutex and Suboxone at Anchored Tides Recovery. Find the right medication-assisted treatment for your addiction recovery journey","160","1016","Indexable",""
"https://anchoredtidesrecovery.com/weight-loss-from-drug-use/","1","Understand the weight loss effects of drug use at Anchored Tides Recovery. Find support for recovery and reclaiming a healthy lifestyle","135","830","Indexable",""
"https://anchoredtidesrecovery.com/addiction-and-self-harm/","1","Explore the complex relationship between addiction and self-harm at Anchored Tides Recovery. Find understanding, support, and a path to healing","143","901","Indexable",""
"https://anchoredtidesrecovery.com/recognizing-high-functioning-alcoholic-signs-in-loved-ones/","1","Learn to recognize signs of high-functioning alcoholism in loved ones at Anchored Tides. Discover how to identify and support those struggling with alcohol use.","160","985","Indexable",""
"https://anchoredtidesrecovery.com/how-long-have-drugs-been-around/","1","Explore the extensive history of drugs at Anchored Tides Recovery. Gain insights into their long-standing presence and find hope in recovery.","141","862","Indexable",""
"https://anchoredtidesrecovery.com/is-it-still-addiction-if-the-drug-is-legal-exploring-the-impact-of-legal-substances-on-womens-health/","1","Explore the impact of legal substances on women's health at Anchored Tides. Learn if addiction to legal drugs is still addiction and discover supportive resources.","163","991","Indexable",""
"https://anchoredtidesrecovery.com/benefits-of-a-womens-only-addiction-treatment-center/","1","Discover the unique advantages of choosing a women's only treatment center at Anchored Tides Recovery in Huntington Beach, CA. Explore tailored programs, supportive community, and FAQs.","185","1191","Indexable",""
"https://anchoredtidesrecovery.com/mental-health-awareness-month/","1","May 2024 is Mental Health Awareness Month, a vital period dedicated to illuminating the mental health issues that affect millions worldwide.","140","864","Indexable",""
"https://anchoredtidesrecovery.com/exploring-the-pros-and-cons-of-seeking-addiction-treatment/","1","Seeking addiction treatment is crucial as it provides a structured approach to addressing the root causes of addiction.","119","726","Indexable",""
"https://anchoredtidesrecovery.com/the-problem-with-cannabis-commercialization-in-california/","1","Uncover the pitfalls of cannabis commercialization in California at Anchored Tides Recovery. Gain insights into its impact on addiction and society","147","897","Indexable",""
"https://anchoredtidesrecovery.com/resilience-you-are-strong-not-broken/","1","Embrace your strength and resilience at Anchored Tides Recovery. Discover the power within you to overcome challenges and build a brighter future.","146","913","Indexable",""
"https://anchoredtidesrecovery.com/sending-a-loved-one-to-treatment/","1","Sending a loved one to treatment for addiction can be a difficult decision, but it can also be a life-changing one. Addiction is a chronic disease that","151","894","Indexable",""
"https://anchoredtidesrecovery.com/addiction-recovery/","1","At Anchored Tides Recovery we encourage empowerment and healing on your path to recovery. One of the most potent tools in your recovery journey is sharing","154","982","Indexable",""
"https://anchoredtidesrecovery.com/finding-an-iop-in-orange-county-ca/","1","Discover an IOP in Orange County, CA at Anchored Tides Recovery. Find intensive outpatient programs for comprehensive support and recovery","138","885","Indexable",""
"https://anchoredtidesrecovery.com/helping-a-loved-one-with-addiction/","1","Helping a loved one with addiction can be a difficult and emotional journey. Addiction is a complex disease that affects not only the individual struggling","155","932","Indexable",""
"https://anchoredtidesrecovery.com/physical-and-mental-long-term-side-effects-of-covid-19/","1","Discover the long-term physical and mental side effects of COVID-19 at Anchored Tides Recovery. Find support for recovery and holistic healing.","143","884","Indexable",""
"https://anchoredtidesrecovery.com/what-is-transfer-addiction/","1","What is Transfer Addiction: Understanding its Impact and Overcoming it","70","443","Indexable",""
"https://anchoredtidesrecovery.com/fentanyl-addiction-faqs/","1","Explore the most common questions about Fentanyl addiction, answered by Anchored Tides Recovery. Find hope and support for women seeking recovery in Huntington Beach, CA.","170","1109","Indexable",""
"https://anchoredtidesrecovery.com/how-to-talk-to-an-addict-about-going-to-rehab/","1","Learn how to talk to an addict about going to rehab at Anchored Tides Recovery. Gain insights and strategies for effective communication.","137","854","Indexable",""
"https://anchoredtidesrecovery.com/drug-detox/","1","What is detoxification? Detox is the process of removing toxic drugs and substances from the body. Call Anchored Tides Recovery today.","134","841","Indexable",""
"https://anchoredtidesrecovery.com/ptsd-symptoms-in-women/","1","Learn to identify PTSD symptoms in women, including common signs, causes, and tailored treatment options. Call Anchored Tides Recovery at 866-329-6639.","151","971","Indexable",""
"https://anchoredtidesrecovery.com/law-enforcement-and-addiction-recovery/","1","Discover the intersection of law enforcement and addiction recovery at Anchored Tides Recovery. Empowering resources for a second chance at life.","145","912","Indexable",""
"https://anchoredtidesrecovery.com/signs-of-love-addiction/","1","Recognize signs of love addiction at Anchored Tides Recovery. Find insights, support, and tools for building healthy relationships and self-love.","145","875","Indexable",""
"https://anchoredtidesrecovery.com/gateway-drugs/","1","Explore the dangers of gateway drugs at Anchored Tides Recovery. Understand the risks and find resources for prevention and addiction treatment.","144","910","Indexable",""
"https://anchoredtidesrecovery.com/staying-sober-alcohol-addiction-in-women/","1","Find support in staying sober from alcohol addiction as a woman at Anchored Tides Recovery. Empowering resources for lasting recovery.","134","851","Indexable",""
"https://anchoredtidesrecovery.com/how-ptsd-and-addiction-are-linked/","1","Explore the link between PTSD and addiction at Anchored Tides Recovery. Understand the connection and find support for dual recovery.","133","841","Indexable",""
"https://anchoredtidesrecovery.com/creating-an-effective-plan-for-overcoming-addiction/","1","Learn how to create an effective plan for overcoming addiction at Anchored Tides Recovery. Discover personalized strategies for a successful and lasting recovery.","162","1002","Indexable",""
"https://anchoredtidesrecovery.com/can-having-an-emotional-support-animal-help-with-recovery/","1","Discover the potential of emotional support animals in recovery at Anchored Tides Recovery. Find comfort, companionship, and healing","132","831","Indexable",""
"https://anchoredtidesrecovery.com/how-to-quit-alcohol/","1","Learn safe, practical steps on how to quit alcohol: managing withdrawal, finding support, medication options, and choosing care—guidance for women and families.","160","1011","Indexable",""
"https://anchoredtidesrecovery.com/lets-quit-abusing-drug-users/","1","Join the movement to quit abusing drug users at Anchored Tides Recovery. Advocate for compassion, understanding, and effective addiction treatment","146","934","Indexable",""
"https://anchoredtidesrecovery.com/cognitive-behavioral-therapy-cbt-vs-dialectical-behavior-therapy-dbt/","1","Call (866) 329-6639. At Anchored Tides, we customize CBT and DBT therapy to support each woman’s unique path to healing from addiction, trauma, and relapse risk.","161","1025","Indexable",""
"https://anchoredtidesrecovery.com/back-to-school-stress-and-recovery/","1","Feeling overwhelmed by the back-to-school rush? Learn how women in recovery in Huntington Beach and Southern California can manage anxiety and stay grounded.","157","1024","Indexable",""
"https://anchoredtidesrecovery.com/overcoming-denial/","1","Denial is a common defense mechanism used by individuals who are struggling with addiction. It is a coping strategy that allows individuals to avoid facing","155","953","Indexable",""
"https://anchoredtidesrecovery.com/dual-diagnosis-and-treating-problems-at-the-root/","1","Discover the power of dual diagnosis treatment at Anchored Tides Recovery. Address underlying issues for comprehensive healing and recovery.","140","888","Indexable",""
"https://anchoredtidesrecovery.com/choosing-an-aftercare-facility-questions-to-ask/","1","Discover key questions to ask when choosing an aftercare facility at Anchored Tides Recovery. Find the right support for a successful recovery journey.","151","928","Indexable",""
"https://anchoredtidesrecovery.com/womens-addiction-treatment-why-its-necessary/","1","womens-addiction-treatment female patients may be very apprehensive in mixed crowds but in a women-only environment. Womens addiction treatment","143","942","Indexable",""
"https://anchoredtidesrecovery.com/teenage-addictions/","1","Discover the realities of teenage addictions at Anchored Tides Recovery. Empowering resources for early intervention and lasting recovery","137","847","Indexable",""
"https://anchoredtidesrecovery.com/methadone-faqs/","1","Explore essential FAQs about methadone treatment for addiction recovery at Anchored Tides Recovery, helping women regain control of their lives.","144","903","Indexable",""
"https://anchoredtidesrecovery.com/support-options/","1","Anchored Tides Recovery offers support options to women seeking outpatient recovery. Learn more about services offered here. Get in touch.","138","872","Indexable",""
"https://anchoredtidesrecovery.com/8-steps-to-a-happy-life/","1","Discover the 8 steps to a happy life at Anchored Tides Recovery. Unlock insights, inspiration, and practical strategies for lasting happiness","141","847","Indexable",""
"https://anchoredtidesrecovery.com/medication-assisted-treatment/","1","Through the use of MAT, a recovery plan is formulated to slowly taper off the substances causing the dependency in a way that is both safe and effective.","153","945","Indexable",""
"https://anchoredtidesrecovery.com/drug-addiction-in-elderly-women/","1","Discover the unique challenges of drug addiction in elderly women at Anchored Tides Recovery. Compassionate care tailored to their specific needs","145","902","Indexable",""
"https://anchoredtidesrecovery.com/is-social-media-a-drug/","1","Social media activates addiction-like dopamine cycles and can deepen anxiety, depression, trauma, and compulsive behaviors. Learn the signs, the science, and when to seek support through Anchored Tides’ women-only PHP and IOP programs.","235","1500","Indexable",""
"https://anchoredtidesrecovery.com/preparing-your-children-for-when-you-go-to-drug-addiction-rehab/","1","Learn how to prepare your children for your stay in drug addiction rehab at Anchored Tides. Get tips and support for having this important conversation.","152","938","Indexable",""
"https://anchoredtidesrecovery.com/how-to-heal-the-brain-after-drug-use/","1","Learn how to heal the brain after drug use at Anchored Tides Recovery. Find insights, strategies, and support for recovery and brain restoration","144","881","Indexable",""
"https://anchoredtidesrecovery.com/moderation-in-drugs-a-dangerous-road-or-logical-harm-reduction/","1","Explore the concept of moderation in drugs use: a dangerous road or logical harm reduction? Find insights at Anchored Tides Recovery.","133","832","Indexable",""
"https://anchoredtidesrecovery.com/celebrating-womens-history-month/","1","Discover inspirational stories of women who overcame addiction during Women's History Month. Learn about their journeys and find hope in recovery.","146","924","Indexable",""
"https://anchoredtidesrecovery.com/relationships-in-therapy-finding-romance-in-treatment/","1","Discover the complexities of relationships in therapy and the potential for romance at Anchored Tides Recovery. Navigating boundaries and healing","145","905","Indexable",""
"https://anchoredtidesrecovery.com/women-only-addiction-treatment-in-huntington-beach/","1","Discover specialized women-only addiction treatment in Huntington Beach at Anchored Tides Recovery. Get help now for a brighter, addiction-free future.","151","943","Indexable",""
"https://anchoredtidesrecovery.com/is-my-binge-drinking-becoming-a-problem/","1","Call (866) 329-6639. Wondering if your binge drinking is becoming a problem? Learn the signs, risks, and how to stop binge drinking. Find effective binge drinking treatment & recovery programs for women at Anchored Tides Recovery.","230","1434","Indexable",""
"https://anchoredtidesrecovery.com/category/addiction-treatment/","0","","0","0","Non-Indexable","noindex"
"https://anchoredtidesrecovery.com/2020/09/16/","0","","0","0","Non-Indexable","noindex"
"https://anchoredtidesrecovery.com/2020/05/06/","0","","0","0","Non-Indexable","noindex"
"https://anchoredtidesrecovery.com/2021/11/12/","0","","0","0","Non-Indexable","noindex"
"https://anchoredtidesrecovery.com/2021/07/09/","0","","0","0","Non-Indexable","noindex"
"https://anchoredtidesrecovery.com/2020/12/22/","0","","0","0","Non-Indexable","noindex"
"https://anchoredtidesrecovery.com/2026/02/26/","0","","0","0","Non-Indexable","noindex"
"https://anchoredtidesrecovery.com/2023/12/07/","0","","0","0","Non-Indexable","noindex"
"https://anchoredtidesrecovery.com/2022/02/01/","0","","0","0","Non-Indexable","noindex"
"https://anchoredtidesrecovery.com/2022/03/25/","0","","0","0","Non-Indexable","noindex"
"https://anchoredtidesrecovery.com/2021/08/20/","0","","0","0","Non-Indexable","noindex"
"https://anchoredtidesrecovery.com/2021/03/19/","0","","0","0","Non-Indexable","noindex"
"https://anchoredtidesrecovery.com/2026/01/13/","0","","0","0","Non-Indexable","noindex"
"https://anchoredtidesrecovery.com/2024/06/19/","0","","0","0","Non-Indexable","noindex"
"https://anchoredtidesrecovery.com/2025/12/22/","0","","0","0","Non-Indexable","noindex"
"https://anchoredtidesrecovery.com/2021/05/17/","0","","0","0","Non-Indexable","noindex"
"https://anchoredtidesrecovery.com/2021/09/17/","0","","0","0","Non-Indexable","noindex"
"https://anchoredtidesrecovery.com/2020/11/18/","0","","0","0","Non-Indexable","noindex"
"https://anchoredtidesrecovery.com/2021/10/29/","0","","0","0","Non-Indexable","noindex"
"https://anchoredtidesrecovery.com/2020/11/19/","0","","0","0","Non-Indexable","noindex"
"https://anchoredtidesrecovery.com/2022/02/15/","0","","0","0","Non-Indexable","noindex"
"https://anchoredtidesrecovery.com/2021/01/12/","0","","0","0","Non-Indexable","noindex"
"https://anchoredtidesrecovery.com/2024/02/16/","0","","0","0","Non-Indexable","noindex"
"https://anchoredtidesrecovery.com/2023/09/15/","0","","0","0","Non-Indexable","noindex"
"https://anchoredtidesrecovery.com/2024/01/26/","0","","0","0","Non-Indexable","noindex"
"https://anchoredtidesrecovery.com/2021/12/28/","0","","0","0","Non-Indexable","noindex"
"https://anchoredtidesrecovery.com/2021/03/26/","0","","0","0","Non-Indexable","noindex"
"https://anchoredtidesrecovery.com/2021/06/07/","0","","0","0","Non-Indexable","noindex"
"https://anchoredtidesrecovery.com/2021/12/14/","0","","0","0","Non-Indexable","noindex"
"https://anchoredtidesrecovery.com/category/recovery/","0","","0","0","Non-Indexable","noindex"
"https://anchoredtidesrecovery.com/2021/05/21/","0","","0","0","Non-Indexable","noindex"
"https://anchoredtidesrecovery.com/2021/11/05/","0","","0","0","Non-Indexable","noindex"
"https://anchoredtidesrecovery.com/2021/06/25/","0","","0","0","Non-Indexable","noindex"
"https://anchoredtidesrecovery.com/2021/08/24/","0","","0","0","Non-Indexable","noindex"
"https://anchoredtidesrecovery.com/2021/05/31/","0","","0","0","Non-Indexable","noindex"
"https://anchoredtidesrecovery.com/2021/05/10/","0","","0","0","Non-Indexable","noindex"
"https://anchoredtidesrecovery.com/2025/06/13/","0","","0","0","Non-Indexable","noindex"
"https://anchoredtidesrecovery.com/2024/10/28/","0","","0","0","Non-Indexable","noindex"
"https://anchoredtidesrecovery.com/2024/02/06/","0","","0","0","Non-Indexable","noindex"
"https://anchoredtidesrecovery.com/2022/04/01/","0","","0","0","Non-Indexable","noindex"
"https://anchoredtidesrecovery.com/2025/05/12/","0","","0","0","Non-Indexable","noindex"
"https://anchoredtidesrecovery.com/2020/06/18/","0","","0","0","Non-Indexable","noindex"
"https://anchoredtidesrecovery.com/2021/03/12/","0","","0","0","Non-Indexable","noindex"
"https://anchoredtidesrecovery.com/2021/06/29/","0","","0","0","Non-Indexable","noindex"
"https://anchoredtidesrecovery.com/2021/06/22/","0","","0","0","Non-Indexable","noindex"
"https://anchoredtidesrecovery.com/2022/02/11/","0","","0","0","Non-Indexable","noindex"
"https://anchoredtidesrecovery.com/2020/10/13/","0","","0","0","Non-Indexable","noindex"
"https://anchoredtidesrecovery.com/2020/03/24/","0","","0","0","Non-Indexable","noindex"
"https://anchoredtidesrecovery.com/2024/09/16/","0","","0","0","Non-Indexable","noindex"
"https://anchoredtidesrecovery.com/2021/08/10/","0","","0","0","Non-Indexable","noindex"
"https://anchoredtidesrecovery.com/2020/09/09/","0","","0","0","Non-Indexable","noindex"
"https://anchoredtidesrecovery.com/2024/12/03/","0","","0","0","Non-Indexable","noindex"
"https://anchoredtidesrecovery.com/2020/10/19/","0","","0","0","Non-Indexable","noindex"
"https://anchoredtidesrecovery.com/2020/10/23/","0","","0","0","Non-Indexable","noindex"
"https://anchoredtidesrecovery.com/2021/09/14/","0","","0","0","Non-Indexable","noindex"
"https://anchoredtidesrecovery.com/2024/08/28/","0","","0","0","Non-Indexable","noindex"
"https://anchoredtidesrecovery.com/2025/11/21/","0","","0","0","Non-Indexable","noindex"
"https://anchoredtidesrecovery.com/2021/08/06/","0","","0","0","Non-Indexable","noindex"
"https://anchoredtidesrecovery.com/2026/01/22/","0","","0","0","Non-Indexable","noindex"
"https://anchoredtidesrecovery.com/2021/10/15/","0","","0","0","Non-Indexable","noindex"
"https://anchoredtidesrecovery.com/2021/12/31/","0","","0","0","Non-Indexable","noindex"
"https://anchoredtidesrecovery.com/2021/09/07/","0","","0","0","Non-Indexable","noindex"
"https://anchoredtidesrecovery.com/2025/09/15/","0","","0","0","Non-Indexable","noindex"
"https://anchoredtidesrecovery.com/2020/07/20/","0","","0","0","Non-Indexable","noindex"
"https://anchoredtidesrecovery.com/2025/12/31/","0","","0","0","Non-Indexable","noindex"
"https://anchoredtidesrecovery.com/2020/02/21/","0","","0","0","Non-Indexable","noindex"
"https://anchoredtidesrecovery.com/2021/03/23/","0","","0","0","Non-Indexable","noindex"
"https://anchoredtidesrecovery.com/2025/01/06/","0","","0","0","Non-Indexable","noindex"
"https://anchoredtidesrecovery.com/2021/09/21/","0","","0","0","Non-Indexable","noindex"
"https://anchoredtidesrecovery.com/2025/09/08/","0","","0","0","Non-Indexable","noindex"
"https://anchoredtidesrecovery.com/2021/11/16/","0","","0","0","Non-Indexable","noindex"
"https://anchoredtidesrecovery.com/category/substance-use-disorders/","1","Explore trauma-informed treatment for substance use disorders and build confidence in long-term recovery.","105","663","Non-Indexable","noindex"
"https://anchoredtidesrecovery.com/category/addiction/","0","","0","0","Non-Indexable","noindex"
"https://anchoredtidesrecovery.com/2021/05/07/","0","","0","0","Non-Indexable","noindex"
"https://anchoredtidesrecovery.com/2024/07/17/","0","","0","0","Non-Indexable","noindex"
"https://anchoredtidesrecovery.com/2021/10/22/","0","","0","0","Non-Indexable","noindex"
"https://anchoredtidesrecovery.com/2020/02/17/","0","","0","0","Non-Indexable","noindex"
"https://anchoredtidesrecovery.com/2025/05/23/","0","","0","0","Non-Indexable","noindex"
"https://anchoredtidesrecovery.com/2024/10/25/","0","","0","0","Non-Indexable","noindex"
"https://anchoredtidesrecovery.com/2021/02/18/","0","","0","0","Non-Indexable","noindex"
"https://anchoredtidesrecovery.com/2024/11/14/","0","","0","0","Non-Indexable","noindex"
"https://anchoredtidesrecovery.com/2025/02/17/","0","","0","0","Non-Indexable","noindex"
"https://anchoredtidesrecovery.com/2022/01/11/","0","","0","0","Non-Indexable","noindex"
"https://anchoredtidesrecovery.com/2021/12/07/","0","","0","0","Non-Indexable","noindex"
"https://anchoredtidesrecovery.com/2021/07/13/","0","","0","0","Non-Indexable","noindex"
"https://anchoredtidesrecovery.com/2020/02/07/","0","","0","0","Non-Indexable","noindex"
"https://anchoredtidesrecovery.com/2025/03/25/","0","","0","0","Non-Indexable","noindex"
"https://anchoredtidesrecovery.com/2021/12/17/","0","","0","0","Non-Indexable","noindex"
"https://anchoredtidesrecovery.com/2022/04/05/","0","","0","0","Non-Indexable","noindex"
"https://anchoredtidesrecovery.com/2020/03/17/","0","","0","0","Non-Indexable","noindex"
"https://anchoredtidesrecovery.com/2020/06/23/","0","","0","0","Non-Indexable","noindex"
"https://anchoredtidesrecovery.com/2025/11/04/","0","","0","0","Non-Indexable","noindex"
"https://anchoredtidesrecovery.com/2021/03/29/","0","","0","0","Non-Indexable","noindex"
"https://anchoredtidesrecovery.com/2021/11/26/","0","","0","0","Non-Indexable","noindex"
"https://anchoredtidesrecovery.com/2024/12/17/","0","","0","0","Non-Indexable","noindex"
"https://anchoredtidesrecovery.com/2021/07/27/","0","","0","0","Non-Indexable","noindex"
"https://anchoredtidesrecovery.com/2021/07/30/","0","","0","0","Non-Indexable","noindex"
"https://anchoredtidesrecovery.com/2020/05/13/","0","","0","0","Non-Indexable","noindex"
"https://anchoredtidesrecovery.com/2020/04/22/","0","","0","0","Non-Indexable","noindex"
"https://anchoredtidesrecovery.com/2026/01/29/","0","","0","0","Non-Indexable","noindex"
"https://anchoredtidesrecovery.com/2019/11/25/","0","","0","0","Non-Indexable","noindex"
"https://anchoredtidesrecovery.com/2022/03/08/","0","","0","0","Non-Indexable","noindex"
"https://anchoredtidesrecovery.com/2021/09/10/","0","","0","0","Non-Indexable","noindex"
"https://anchoredtidesrecovery.com/2021/11/09/","0","","0","0","Non-Indexable","noindex"
"https://anchoredtidesrecovery.com/2023/10/05/","0","","0","0","Non-Indexable","noindex"
"https://anchoredtidesrecovery.com/2021/05/14/","0","","0","0","Non-Indexable","noindex"
"https://anchoredtidesrecovery.com/2022/01/04/","0","","0","0","Non-Indexable","noindex"
"https://anchoredtidesrecovery.com/2021/04/26/","0","","0","0","Non-Indexable","noindex"
"https://anchoredtidesrecovery.com/2021/05/28/","0","","0","0","Non-Indexable","noindex"
"https://anchoredtidesrecovery.com/2025/02/07/","0","","0","0","Non-Indexable","noindex"
"https://anchoredtidesrecovery.com/2026/01/09/","0","","0","0","Non-Indexable","noindex"
"https://anchoredtidesrecovery.com/2021/12/24/","0","","0","0","Non-Indexable","noindex"
"https://anchoredtidesrecovery.com/2021/10/01/","0","","0","0","Non-Indexable","noindex"
"https://anchoredtidesrecovery.com/2021/07/02/","0","","0","0","Non-Indexable","noindex"
"https://anchoredtidesrecovery.com/2022/02/04/","0","","0","0","Non-Indexable","noindex"
"https://anchoredtidesrecovery.com/2020/08/14/","0","","0","0","Non-Indexable","noindex"
"https://anchoredtidesrecovery.com/2021/01/15/","0","","0","0","Non-Indexable","noindex"
"https://anchoredtidesrecovery.com/2025/12/15/","0","","0","0","Non-Indexable","noindex"
"https://anchoredtidesrecovery.com/2021/04/30/","0","","0","0","Non-Indexable","noindex"
"https://anchoredtidesrecovery.com/2024/02/19/","0","","0","0","Non-Indexable","noindex"
"https://anchoredtidesrecovery.com/2024/01/19/","0","","0","0","Non-Indexable","noindex"
"https://anchoredtidesrecovery.com/2021/12/21/","0","","0","0","Non-Indexable","noindex"
"https://anchoredtidesrecovery.com/2020/03/12/","0","","0","0","Non-Indexable","noindex"
"https://anchoredtidesrecovery.com/2024/06/03/","0","","0","0","Non-Indexable","noindex"
"https://anchoredtidesrecovery.com/2021/07/06/","0","","0","0","Non-Indexable","noindex"
"https://anchoredtidesrecovery.com/2024/01/22/","0","","0","0","Non-Indexable","noindex"
"https://anchoredtidesrecovery.com/2022/02/22/","0","","0","0","Non-Indexable","noindex"
"https://anchoredtidesrecovery.com/2021/05/03/","0","","0","0","Non-Indexable","noindex"
"https://anchoredtidesrecovery.com/2021/05/24/","0","","0","0","Non-Indexable","noindex"
"https://anchoredtidesrecovery.com/2025/10/06/","0","","0","0","Non-Indexable","noindex"
"https://anchoredtidesrecovery.com/2021/10/12/","0","","0","0","Non-Indexable","noindex"
"https://anchoredtidesrecovery.com/2024/07/22/","0","","0","0","Non-Indexable","noindex"
"https://anchoredtidesrecovery.com/2024/12/09/","0","","0","0","Non-Indexable","noindex"
"https://anchoredtidesrecovery.com/2023/11/28/","0","","0","0","Non-Indexable","noindex"
"https://anchoredtidesrecovery.com/2021/04/09/","0","","0","0","Non-Indexable","noindex"
"https://anchoredtidesrecovery.com/2021/08/31/","0","","0","0","Non-Indexable","noindex"
"https://anchoredtidesrecovery.com/2020/09/22/","0","","0","0","Non-Indexable","noindex"
"https://anchoredtidesrecovery.com/2025/09/04/","0","","0","0","Non-Indexable","noindex"
"https://anchoredtidesrecovery.com/2024/09/10/","0","","0","0","Non-Indexable","noindex"
"https://anchoredtidesrecovery.com/2025/04/28/","0","","0","0","Non-Indexable","noindex"
"https://anchoredtidesrecovery.com/2025/04/11/","0","","0","0","Non-Indexable","noindex"
"https://anchoredtidesrecovery.com/2021/06/11/","0","","0","0","Non-Indexable","noindex"
"https://anchoredtidesrecovery.com/2021/08/13/","0","","0","0","Non-Indexable","noindex"
"https://anchoredtidesrecovery.com/2021/03/16/","0","","0","0","Non-Indexable","noindex"
"https://anchoredtidesrecovery.com/2022/02/18/","0","","0","0","Non-Indexable","noindex"
"https://anchoredtidesrecovery.com/2025/12/08/","0","","0","0","Non-Indexable","noindex"
"https://anchoredtidesrecovery.com/2019/07/24/","0","","0","0","Non-Indexable","noindex"
"https://anchoredtidesrecovery.com/2024/02/14/","0","","0","0","Non-Indexable","noindex"
"https://anchoredtidesrecovery.com/2020/05/21/","0","","0","0","Non-Indexable","noindex"
"https://anchoredtidesrecovery.com/2024/01/17/","0","","0","0","Non-Indexable","noindex"
"https://anchoredtidesrecovery.com/2021/10/19/","0","","0","0","Non-Indexable","noindex"
"https://anchoredtidesrecovery.com/2021/10/08/","0","","0","0","Non-Indexable","noindex"
"https://anchoredtidesrecovery.com/2024/02/13/","0","","0","0","Non-Indexable","noindex"
"https://anchoredtidesrecovery.com/2021/08/17/","0","","0","0","Non-Indexable","noindex"
"https://anchoredtidesrecovery.com/2021/11/23/","0","","0","0","Non-Indexable","noindex"
"https://anchoredtidesrecovery.com/2021/02/16/","0","","0","0","Non-Indexable","noindex"
"https://anchoredtidesrecovery.com/2021/08/03/","0","","0","0","Non-Indexable","noindex"
"https://anchoredtidesrecovery.com/2021/04/12/","0","","0","0","Non-Indexable","noindex"
"https://anchoredtidesrecovery.com/2022/04/08/","0","","0","0","Non-Indexable","noindex"
"https://anchoredtidesrecovery.com/2024/02/15/","0","","0","0","Non-Indexable","noindex"
"https://anchoredtidesrecovery.com/2021/09/28/","0","","0","0","Non-Indexable","noindex"
"https://anchoredtidesrecovery.com/2020/12/15/","0","","0","0","Non-Indexable","noindex"
"https://anchoredtidesrecovery.com/2024/01/24/","0","","0","0","Non-Indexable","noindex"
"https://anchoredtidesrecovery.com/2021/06/04/","0","","0","0","Non-Indexable","noindex"
"https://anchoredtidesrecovery.com/2021/07/16/","0","","0","0","Non-Indexable","noindex"
"https://anchoredtidesrecovery.com/2021/10/05/","0","","0","0","Non-Indexable","noindex"
"https://anchoredtidesrecovery.com/2021/04/02/","0","","0","0","Non-Indexable","noindex"
"https://anchoredtidesrecovery.com/2022/01/25/","0","","0","0","Non-Indexable","noindex"
"https://anchoredtidesrecovery.com/2022/03/11/","0","","0","0","Non-Indexable","noindex"
"https://anchoredtidesrecovery.com/2021/06/18/","0","","0","0","Non-Indexable","noindex"
"https://anchoredtidesrecovery.com/2022/01/15/","0","","0","0","Non-Indexable","noindex"
"https://anchoredtidesrecovery.com/2020/03/05/","0","","0","0","Non-Indexable","noindex"
"https://anchoredtidesrecovery.com/2021/10/26/","0","","0","0","Non-Indexable","noindex"
"https://anchoredtidesrecovery.com/2022/03/01/","0","","0","0","Non-Indexable","noindex"
"https://anchoredtidesrecovery.com/2025/08/18/","0","","0","0","Non-Indexable","noindex"
"https://anchoredtidesrecovery.com/2021/12/10/","0","","0","0","Non-Indexable","noindex"
"https://anchoredtidesrecovery.com/2026/02/13/","0","","0","0","Non-Indexable","noindex"
"https://anchoredtidesrecovery.com/2021/07/23/","0","","0","0","Non-Indexable","noindex"
"https://anchoredtidesrecovery.com/2020/07/09/","0","","0","0","Non-Indexable","noindex"
"https://anchoredtidesrecovery.com/2022/02/25/","0","","0","0","Non-Indexable","noindex"
"https://anchoredtidesrecovery.com/2022/03/04/","0","","0","0","Non-Indexable","noindex"
"https://anchoredtidesrecovery.com/2021/09/03/","0","","0","0","Non-Indexable","noindex"
"https://anchoredtidesrecovery.com/2022/02/08/","0","","0","0","Non-Indexable","noindex"
"https://anchoredtidesrecovery.com/2021/01/20/","0","","0","0","Non-Indexable","noindex"
"https://anchoredtidesrecovery.com/2024/01/31/","0","","0","0","Non-Indexable","noindex"
"https://anchoredtidesrecovery.com/2022/01/07/","0","","0","0","Non-Indexable","noindex"
"https://anchoredtidesrecovery.com/2021/02/12/","0","","0","0","Non-Indexable","noindex"
"https://anchoredtidesrecovery.com/2021/11/30/","0","","0","0","Non-Indexable","noindex"
"https://anchoredtidesrecovery.com/2022/03/15/","0","","0","0","Non-Indexable","noindex"
"https://anchoredtidesrecovery.com/2024/05/07/","0","","0","0","Non-Indexable","noindex"
"https://anchoredtidesrecovery.com/2024/01/29/","0","","0","0","Non-Indexable","noindex"
"https://anchoredtidesrecovery.com/2022/01/18/","0","","0","0","Non-Indexable","noindex"
"https://anchoredtidesrecovery.com/2022/03/18/","0","","0","0","Non-Indexable","noindex"
"https://anchoredtidesrecovery.com/2022/01/22/","0","","0","0","Non-Indexable","noindex"
"https://anchoredtidesrecovery.com/2022/03/22/","0","","0","0","Non-Indexable","noindex"
"https://anchoredtidesrecovery.com/2024/02/12/","0","","0","0","Non-Indexable","noindex"
"https://anchoredtidesrecovery.com/2021/11/02/","0","","0","0","Non-Indexable","noindex"
"https://anchoredtidesrecovery.com/2022/01/28/","0","","0","0","Non-Indexable","noindex"
"https://anchoredtidesrecovery.com/2022/06/28/","0","","0","0","Non-Indexable","noindex"
"https://anchoredtidesrecovery.com/2020/06/12/","0","","0","0","Non-Indexable","noindex"
