"Address","Content Type","Status Code","Status","Indexability","Indexability Status","Inlinks","Response Time","Redirect URL","Redirect Type"
"https://maps.google.com/maps?q=Iris%20Healing%2020300%20Ventura%20Blvd.%20Suite%20275%2C%20Woodland%20Hills%2C%20CA%2091364&t=m&z=13&output=embed&iwloc=near","text/html","301","Moved Permanently","Non-Indexable","Redirected","0","0.071","https://www.google.com/maps/embed?origin=mfe&pb=!1m4!2m1!1sIris+Healing+20300+Ventura+Blvd.+Suite+275,+Woodland+Hills,+CA+91364!5e0!6i13","HTTP Redirect"
"https://maps.google.com/maps?q=Iris%20Healing%20Center%2C%2020300%20Ventura%20Blvd.%20Suite%20300%2C%20Woodland%20Hills%2C%20CA%2091364&t=m&z=13&output=embed&iwloc=near","text/html","301","Moved Permanently","Non-Indexable","Redirected","0","0.066","https://www.google.com/maps/embed?origin=mfe&pb=!1m4!2m1!1sIris+Healing+Center,+20300+Ventura+Blvd.+Suite+300,+Woodland+Hills,+CA+91364!5e0!6i13","HTTP Redirect"
"https://irishealing.com/about/holistic-rehabilitation-center/","text/html; charset=UTF-8","301","Moved Permanently","Non-Indexable","Redirected","28","0.355","https://irishealing.com/holistic-rehabilitation-center/","HTTP Redirect"
"https://irishealing.com/about/staff/","text/html; charset=UTF-8","301","Moved Permanently","Non-Indexable","Redirected","23","0.422","https://transferirishe.wpenginepowered.com/iris-healing-team/","HTTP Redirect"
"https://irishealing.com/residential-rehab-los-angeles/","text/html; charset=UTF-8","301","Moved Permanently","Non-Indexable","Redirected","502","0.329","https://irishealing.com/residential-rehab-in-los-angeles/","HTTP Redirect"
"https://maps.google.com/maps?q=Iris%20TMS%20Wellness%2C%2020300%20Ventura%20Blvd.%20Suite%20220%2C%20Woodland%20Hills%2C%20CA%2091364&t=m&z=13&output=embed&iwloc=near","text/html","301","Moved Permanently","Non-Indexable","Redirected","0","0.338","https://www.google.com/maps/embed?origin=mfe&pb=!1m4!2m1!1sIris+TMS+Wellness,+20300+Ventura+Blvd.+Suite+220,+Woodland+Hills,+CA+91364!5e0!6i13","HTTP Redirect"
"https://www.newsweek.com/rankings/americas-best-addiction-treatment-centers-2024","text/html","307","Temporary Redirect","Non-Indexable","Redirected","476","0.314","https://rankings.newsweek.com/americas-best-addiction-treatment-centers-2024","HTTP Redirect"
"https://twitter.com/IrisRetreat","text/html; charset=utf-8","301","Moved Permanently","Non-Indexable","Redirected","953","0.168","https://x.com/IrisRetreat","HTTP Redirect"
"https://youtu.be/OYBAdNsYVuE?si=q72xVoJ9vdoL8u-r","application/binary","303","See Other","Non-Indexable","Redirected","1","0.187","https://www.youtube.com/watch?si=q72xVoJ9vdoL8u-r&v=OYBAdNsYVuE&feature=youtu.be","HTTP Redirect"
"https://irishealing.com/los-angeles-treatment-center/","text/html; charset=UTF-8","301","Moved Permanently","Non-Indexable","Redirected","1","0.457","https://irishealing.com/","HTTP Redirect"
"https://irishealing.com/neurofeedback-therapy/","text/html; charset=UTF-8","301","Moved Permanently","Non-Indexable","Redirected","15","0.445","https://irishealing.com/therapy/neurofeedback-therapy/","HTTP Redirect"
"https://irishealing.com/dual-diagnosis-treatment-los-angeles/","text/html; charset=UTF-8","301","Moved Permanently","Non-Indexable","Redirected","25","0.376","https://irishealing.com/dual-diagnosis-in-los-angeles/","HTTP Redirect"
"https://maps.google.com/maps?q=Iris%20Healing%20Retreat%2C%2023033%20OSTRONIC%20DR%2C%20WOODLAND%20HILLS%20CA%2091367&t=m&z=13&output=embed&iwloc=near","text/html","301","Moved Permanently","Non-Indexable","Redirected","0","0.381","https://www.google.com/maps/embed?origin=mfe&pb=!1m4!2m1!1sIris+Healing+Retreat,+23033+OSTRONIC+DR,+WOODLAND+HILLS+CA+91367!5e0!6i13","HTTP Redirect"
"https://irishealing.com/insurance-verification/","text/html; charset=UTF-8","301","Moved Permanently","Non-Indexable","Redirected","566","0.518","https://irishealing.com/online-insurance-verification/","HTTP Redirect"
"https://irishealing.com/therapy-in-woodland-hills/","text/html; charset=UTF-8","301","Moved Permanently","Non-Indexable","Redirected","32","0.445","https://irishealing.com/therapy/","HTTP Redirect"
"https://irishealing.com/addiction-in-tech-companies/","text/html; charset=UTF-8","301","Moved Permanently","Non-Indexable","Redirected","25","0.336","https://irishealing.com/blog/addiction-in-tech-companies","HTTP Redirect"
"https://irishealing.com/addiction-in-the-c-suite/","text/html; charset=UTF-8","301","Moved Permanently","Non-Indexable","Redirected","23","0.233","https://irishealing.com/blog/addiction-in-the-c-suite","HTTP Redirect"
"https://irishealing.com/cbt-therapy-addiction/","text/html; charset=UTF-8","301","Moved Permanently","Non-Indexable","Redirected","43","0.312","https://irishealing.com/blog/cbt-therapy-addiction","HTTP Redirect"
"https://irishealing.com/medical-professionals-and-addiction/","text/html; charset=UTF-8","301","Moved Permanently","Non-Indexable","Redirected","25","0.460","https://irishealing.com/blog/medical-professionals-and-addiction","HTTP Redirect"
"https://irishealing.com/stress-addiction/","text/html; charset=UTF-8","301","Moved Permanently","Non-Indexable","Redirected","42","0.491","https://transferirishe.wpenginepowered.com/stress-and-addiction","HTTP Redirect"
"https://irishealing.com/sleep-disorders-and-addiction/","text/html; charset=UTF-8","301","Moved Permanently","Non-Indexable","Redirected","36","0.291","https://irishealing.com/blog/sleep-disorders-and-addiction","HTTP Redirect"
"https://irishealing.com/addiction-treatment/xanax-rehab-los-angeles/","text/html; charset=UTF-8","301","Moved Permanently","Non-Indexable","Redirected","12","0.365","https://irishealing.com/addiction-treatment/xanax/","HTTP Redirect"
"https://irishealing.com/mental-health-treatment-los-angeles/ptsd-treatment/","text/html; charset=UTF-8","301","Moved Permanently","Non-Indexable","Redirected","4","0.546","https://irishealing.com/mental-health-treatment-los-angeles/trauma-ptsd/","HTTP Redirect"
"https://irishealing.com/brainspotting-therapy-as-trauma-healing/","text/html; charset=UTF-8","301","Moved Permanently","Non-Indexable","Redirected","7","0.502","https://irishealing.com/blog/risks-side-effects-of-brainspotting/","HTTP Redirect"
"https://irishealing.com/mental-health-treatment-los-angeles/depression-treatment/","text/html; charset=UTF-8","301","Moved Permanently","Non-Indexable","Redirected","4","0.669","https://irishealing.com/mental-health-treatment-los-angeles/depression/","HTTP Redirect"
"https://irishealing.com/mental-health-treatment-los-angeles/anxiety-treatment/","text/html; charset=UTF-8","301","Moved Permanently","Non-Indexable","Redirected","5","0.517","https://irishealing.com/mental-health-treatment-los-angeles/anxiety/","HTTP Redirect"
"https://irishealing.com/mental-health-treatment-los-angeles/bipolar-treatment/","text/html; charset=UTF-8","301","Moved Permanently","Non-Indexable","Redirected","3","0.458","https://irishealing.com/mental-health-treatment-los-angeles/bipolar/","HTTP Redirect"
"https://irishealing.com/detox-los-angeles/","text/html; charset=UTF-8","301","Moved Permanently","Non-Indexable","Redirected","12","0.316","https://irishealing.com/detox-in-los-angeles/","HTTP Redirect"
"https://irishealing.com/programs/iop-los-angeles/","text/html; charset=UTF-8","301","Moved Permanently","Non-Indexable","Redirected","6","0.343","https://irishealing.com/intensive-outpatient-program-los-angeles/","HTTP Redirect"
"https://irishealing.com/iris-healing-virtual-tour-video/","text/html; charset=UTF-8","301","Moved Permanently","Non-Indexable","Redirected","6","0.384","https://irishealing.com/tour/","HTTP Redirect"
"https://irishealing.com/neurofeedback-therapy-in-los-angeles-improve-your-brain/","text/html; charset=UTF-8","301","Moved Permanently","Non-Indexable","Redirected","7","0.450","https://irishealing.com/blog/neurofeedback-therapy-in-los-angeles-improve-your-brain","HTTP Redirect"
"https://pubmed.ncbi.nlm.nih.gov/14670518/","text/html; charset=iso-8859-1","302","Found","Non-Indexable","Redirected","2","0.180","https://misuse.ncbi.nlm.nih.gov/error/abuse.shtml","HTTP Redirect"
"https://irishealing.com/iris-healing-retreat-accredited-joint-commission/","text/html; charset=UTF-8","301","Moved Permanently","Non-Indexable","Redirected","3","0.499","https://irishealing.com/blog/iris-healing-retreat-accredited-joint-commission","HTTP Redirect"
"https://irishealing.com/brainspotting-exercises/","text/html; charset=UTF-8","301","Moved Permanently","Non-Indexable","Redirected","1","0.528","https://irishealing.com/blog/risks-side-effects-of-brainspotting/","HTTP Redirect"
"https://irishealing.com/residential-treatment/","text/html; charset=UTF-8","301","Moved Permanently","Non-Indexable","Redirected","41","0.481","https://irishealing.com/residential-rehab-in-los-angeles/","HTTP Redirect"
"https://irishealing.com/our-programs/","text/html; charset=UTF-8","301","Moved Permanently","Non-Indexable","Redirected","15","0.487","https://irishealing.com/programs/","HTTP Redirect"
"https://irishealing.com/detox-start-healing/","text/html; charset=UTF-8","301","Moved Permanently","Non-Indexable","Redirected","32","0.360","https://irishealing.com/detox-in-los-angeles/","HTTP Redirect"
"https://irishealing.com/wellness-retreats-for-depression-after-divorce/","text/html; charset=UTF-8","301","Moved Permanently","Non-Indexable","Redirected","8","0.425","https://irishealing.com/blog/wellness-retreats-for-depression-after-divorce","HTTP Redirect"
"https://irishealing.com/sound-bath-meditation/","text/html; charset=UTF-8","301","Moved Permanently","Non-Indexable","Redirected","9","0.374","https://irishealing.com/","HTTP Redirect"
"https://irishealing.com/spiritual-counseling/","text/html; charset=UTF-8","301","Moved Permanently","Non-Indexable","Redirected","11","0.529","https://irishealing.com/therapy/spiritual-counseling/","HTTP Redirect"
"https://irishealing.com/yoga-therapy/","text/html; charset=UTF-8","301","Moved Permanently","Non-Indexable","Redirected","26","0.506","https://irishealing.com/therapy/yoga-for-addiction/","HTTP Redirect"
"https://irishealing.com/about/low-glycemic-diet/","text/html; charset=UTF-8","301","Moved Permanently","Non-Indexable","Redirected","8","0.455","https://transferirishe.wpenginepowered.com/nutritional-therapy/","HTTP Redirect"
"https://irishealing.com/hypnotherapy/","text/html; charset=UTF-8","301","Moved Permanently","Non-Indexable","Redirected","10","0.494","https://irishealing.com/therapy/hypnotherapy/","HTTP Redirect"
"https://irishealing.com/soothe-your-mind-at-a-co-occurring-disorder-center/","text/html; charset=UTF-8","301","Moved Permanently","Non-Indexable","Redirected","4","0.238","https://irishealing.com/blog/soothe-your-mind-at-a-co-occurring-disorder-center","HTTP Redirect"
"https://irishealing.com/nutritional-therapy/","text/html; charset=UTF-8","301","Moved Permanently","Non-Indexable","Redirected","14","0.618","https://irishealing.com/therapy/nutritional-therapy/","HTTP Redirect"
"https://irishealing.com/relapse-prevention-and-recovery/","text/html; charset=UTF-8","301","Moved Permanently","Non-Indexable","Redirected","4","0.524","https://irishealing.com/blog/relapse-prevention-and-recovery","HTTP Redirect"
"https://irishealing.com/alcohol-detox-los-angeles/","text/html; charset=UTF-8","301","Moved Permanently","Non-Indexable","Redirected","4","0.313","https://irishealing.com/","HTTP Redirect"
"https://irishealing.com/addiction-treatment/benzodiazepines/","text/html; charset=UTF-8","301","Moved Permanently","Non-Indexable","Redirected","16","0.252","https://irishealing.com/addiction-treatment/benzo-rehab-los-angeles/","HTTP Redirect"
"https://irishealing.com/addiction-treatment/opioids/","text/html; charset=UTF-8","301","Moved Permanently","Non-Indexable","Redirected","17","0.340","https://irishealing.com/","HTTP Redirect"
"https://store.samhsa.gov/product/tip-45-detoxification-and-substance-abuse-treatment/sma15-4131","text/html","301","Moved Permanently","Non-Indexable","Redirected","1","0.181","https://library.samhsa.gov/product/tip-45-detoxification-and-substance-abuse-treatment/sma15-4131","HTTP Redirect"
"https://irishealing.com/addiction-treatment/cocaine/","text/html; charset=UTF-8","301","Moved Permanently","Non-Indexable","Redirected","17","0.470","https://irishealing.com/","HTTP Redirect"
"https://irishealing.com/xanax-in-your-system/","text/html; charset=UTF-8","301","Moved Permanently","Non-Indexable","Redirected","1","0.435","https://irishealing.com/blog/xanax-in-your-system","HTTP Redirect"
"https://irishealing.com/xanax-addiction-treatment/","text/html; charset=UTF-8","301","Moved Permanently","Non-Indexable","Redirected","23","0.536","https://irishealing.com/addiction-treatment/xanax/","HTTP Redirect"
"https://irishealing.com/addiction-treatment/fentanyl/","text/html; charset=UTF-8","301","Moved Permanently","Non-Indexable","Redirected","18","0.514","https://irishealing.com/","HTTP Redirect"
"https://irishealing.com/cocaine-addiction-abuse-and-treatment/","text/html; charset=UTF-8","301","Moved Permanently","Non-Indexable","Redirected","8","0.510","https://irishealing.com/addiction-treatment/cocaine-rehab-los-angeles/","HTTP Redirect"
"https://irishealing.com/adderall-guide/","text/html; charset=UTF-8","301","Moved Permanently","Non-Indexable","Redirected","2","0.517","https://irishealing.com/addiction-treatment/drug-rehab-los-angeles/adderall/","HTTP Redirect"
"https://irishealing.com/opioid-addiction/","text/html; charset=UTF-8","301","Moved Permanently","Non-Indexable","Redirected","57","0.405","https://irishealing.com/addiction-treatment/opioid-rehab-los-angeles/","HTTP Redirect"
"https://irishealing.com/stimulants-addiction/","text/html; charset=UTF-8","301","Moved Permanently","Non-Indexable","Redirected","49","0.503","https://irishealing.com/addiction-treatment/stimulants/","HTTP Redirect"
"https://irishealing.com/benzodiazepines-addiction/","text/html; charset=UTF-8","301","Moved Permanently","Non-Indexable","Redirected","51","0.414","https://irishealing.com/addiction-treatment/benzo-rehab-los-angeles/","HTTP Redirect"
"https://irishealing.com/fentanyl-addiction-and-treatment/","text/html; charset=UTF-8","301","Moved Permanently","Non-Indexable","Redirected","5","0.518","https://irishealing.com/addiction-treatment/fentanyl-rehab-los-angeles/","HTTP Redirect"
"https://irishealing.com/mdma-rehab/","text/html; charset=UTF-8","301","Moved Permanently","Non-Indexable","Redirected","1","0.482","https://irishealing.com/blog/mdma-rehab","HTTP Redirect"
"https://irishealing.com/what-causes-depression/","text/html; charset=UTF-8","301","Moved Permanently","Non-Indexable","Redirected","6","0.316","https://irishealing.com/blog/what-causes-depression","HTTP Redirect"
"https://www.fda.gov/drugs/information-drug-class/information-about-medication-assisted-treatment-mat","text/html; charset=utf-8","301","Moved Permanently","Non-Indexable","Redirected","3","0.170","http://www.fda.gov/drugs/information-drug-class/information-about-medications-opioid-use-disorder-moud","HTTP Redirect"
"https://irishealing.com/dangers-of-mixing-opioids-alcohol/","text/html; charset=UTF-8","301","Moved Permanently","Non-Indexable","Redirected","30","0.318","https://irishealing.com/blog/dangers-of-mixing-opioids-alcohol","HTTP Redirect"
"https://irishealing.com/benzos-and-alcohol/","text/html; charset=UTF-8","301","Moved Permanently","Non-Indexable","Redirected","31","0.482","https://irishealing.com/blog/benzos-and-alcohol","HTTP Redirect"
"https://www.samhsa.gov/medication-assisted-treatment","text/html; charset=utf-8","301","Moved Permanently","Non-Indexable","Redirected","3","0.226","https://www.samhsa.gov/substance-use/treatment/options","HTTP Redirect"
"https://irishealing.com/stimulants-and-alcohol/","text/html; charset=UTF-8","301","Moved Permanently","Non-Indexable","Redirected","30","0.519","https://irishealing.com/blog/stimulants-and-alcohol","HTTP Redirect"
"https://irishealing.com/ways-of-treating-depression-without-drugs-or-medication/","text/html; charset=UTF-8","301","Moved Permanently","Non-Indexable","Redirected","10","0.312","https://irishealing.com/blog/ways-of-treating-depression-without-drugs-or-medication","HTTP Redirect"
"https://irishealing.com/bipolar-disorder-and-addiction/","text/html; charset=UTF-8","301","Moved Permanently","Non-Indexable","Redirected","16","0.443","https://irishealing.com/blog/bipolar-disorder-and-addiction","HTTP Redirect"
"https://irishealing.com/dual-diagnosis/","text/html; charset=UTF-8","301","Moved Permanently","Non-Indexable","Redirected","28","0.399","https://irishealing.com/dual-diagnosis-in-los-angeles/","HTTP Redirect"
"https://irishealing.com/help-someone-with-depression/","text/html; charset=UTF-8","301","Moved Permanently","Non-Indexable","Redirected","2","0.311","https://irishealing.com/blog/help-someone-with-depression","HTTP Redirect"
"https://irishealing.com/programs/residential-rehab-los-angeles/","text/html; charset=UTF-8","301","Moved Permanently","Non-Indexable","Redirected","7","0.542","https://irishealing.com/","HTTP Redirect"
"https://irishealing.com/programs/partial-hospitalization-los-angeles/","text/html; charset=UTF-8","301","Moved Permanently","Non-Indexable","Redirected","6","0.384","https://irishealing.com/outpatient-rehab-los-angeles/","HTTP Redirect"
"https://irishealing.com/what-is-the-difference-between-stress-and-depression/","text/html; charset=UTF-8","301","Moved Permanently","Non-Indexable","Redirected","2","0.228","https://irishealing.com/blog/what-is-the-difference-between-stress-and-depression","HTTP Redirect"
"https://irishealing.com/postpartum-baby-blues-vs-depression/","text/html; charset=UTF-8","301","Moved Permanently","Non-Indexable","Redirected","1","0.301","https://irishealing.com/blog/postpartum-baby-blues-vs-depression","HTTP Redirect"
"https://irishealing.com/neurofeedback-for-depression/","text/html; charset=UTF-8","301","Moved Permanently","Non-Indexable","Redirected","1","0.312","https://irishealing.com/blog/neurofeedback-for-depression","HTTP Redirect"
"https://irishealing.com/programs/outpatient-rehab-los-angeles/","text/html; charset=UTF-8","301","Moved Permanently","Non-Indexable","Redirected","7","0.413","https://irishealing.com/","HTTP Redirect"
"https://irishealing.com/tms-therapy-near-me/","text/html; charset=UTF-8","301","Moved Permanently","Non-Indexable","Redirected","7","0.460","https://irishealing.com/tms-los-angeles/","HTTP Redirect"
"https://irishealing.com/recovery-with-outpatient-programs/","text/html; charset=UTF-8","301","Moved Permanently","Non-Indexable","Redirected","14","0.472","https://irishealing.com/blog/recovery-with-outpatient-programs","HTTP Redirect"
"https://irishealing.com/adhd-and-addiction/","text/html; charset=UTF-8","301","Moved Permanently","Non-Indexable","Redirected","13","0.100","https://irishealing.com/blog/adhd-and-addiction","HTTP Redirect"
"https://www.ncbi.nlm.nih.gov/pmc/articles/PMC4363846/","text/html; charset=iso-8859-1","302","Found","Non-Indexable","Redirected","1","0.318","https://misuse.ncbi.nlm.nih.gov/error/abuse.shtml?orig_args=/pmc/articles/PMC4363846/&orig_host=www.ncbi.nlm.nih.gov","HTTP Redirect"
"https://www.ncbi.nlm.nih.gov/pmc/articles/PMC6413001/","text/html; charset=iso-8859-1","302","Found","Non-Indexable","Redirected","1","0.318","https://misuse.ncbi.nlm.nih.gov/error/abuse.shtml?orig_args=/pmc/articles/PMC6413001/&orig_host=www.ncbi.nlm.nih.gov","HTTP Redirect"
"https://www.ncbi.nlm.nih.gov/books/NBK64323/","text/html; charset=iso-8859-1","302","Found","Non-Indexable","Redirected","1","0.301","https://misuse.ncbi.nlm.nih.gov/error/abuse.shtml?orig_args=/books/NBK64323/&orig_host=www.ncbi.nlm.nih.gov","HTTP Redirect"
"http://www.truthtalks.us/","","301","Moved Permanently","Non-Indexable","Redirected","0","0.101","https://www.truthtalks.us/","HTTP Redirect"
"http://www.drnitavallens.com/","text/html; charset=iso-8859-1","302","Found","Non-Indexable","Redirected","0","0.148","https://www.drnitavallens.com/","HTTP Redirect"
"http://www.lawyerlee.com/","text/html; charset=UTF-8","301","Moved Permanently","Non-Indexable","Redirected","0","0.072","https://leearterlaw.com/","HTTP Redirect"
"http://www.wcccla.com/","text/html; charset=iso-8859-1","301","Moved Permanently","Non-Indexable","Redirected","0","0.244","https://www.wcccla.com/","HTTP Redirect"
"https://www.harmonyplace.com/","text/html","301","Moved Permanently","Non-Indexable","Redirected","0","0.225","http://harmonyplace.com/","HTTP Redirect"
"http://www.chandlerlodge.org/","","301","Moved Permanently","Non-Indexable","Redirected","0","0.098","https://www.chandlerlodge.org/","HTTP Redirect"
"http://www.my12stepstore.com/","text/html; charset=iso-8859-1","301","Moved Permanently","Non-Indexable","Redirected","0","0.076","https://www.my12stepstore.com/","HTTP Redirect"
"https://www.angelvillasoberliving.com/","text/html; charset=iso-8859-1","301","Moved Permanently","Non-Indexable","Redirected","0","0.770","https://angelvillasoberliving.com/","HTTP Redirect"
"http://www.cri-help.org/","","301","Moved Permanently","Non-Indexable","Redirected","0","0.060","https://www.cri-help.org/","HTTP Redirect"
"https://www.purerecoveryca.com/","text/html; charset=UTF-8","301","Moved Permanently","Non-Indexable","Redirected","0","0.664","https://purerecoveryca.com/","HTTP Redirect"
"http://www.fortituderecovery.com/","","301","Moved Permanently","Non-Indexable","Redirected","0","0.167","https://www.fortituderecovery.com/","HTTP Redirect"
"http://www.jazskin.com/","text/html","301","Moved Permanently","Non-Indexable","Redirected","0","0.216","https://www.jazskin.com/","HTTP Redirect"
"http://www.astepintherightdirection.org/","text/html; charset=UTF-8","301","Moved Permanently","Non-Indexable","Redirected","0","1.817","https://www.astepintherightdirection.org/","HTTP Redirect"
"http://www.musicares.org/","text/html","301","Moved Permanently","Non-Indexable","Redirected","0","0.218","https://www.musicares.org/","HTTP Redirect"
"https://www.serenitytraumacenter.com/","text/html; charset=UTF-8","301","Moved Permanently","Non-Indexable","Redirected","0","0.587","https://www.xplorcounseling.com/","HTTP Redirect"
"http://www.lifesyncmalibu.com/","text/html; charset=iso-8859-1","301","Moved Permanently","Non-Indexable","Redirected","0","0.190","https://www.lifesyncmalibu.com/","HTTP Redirect"
"http://www.miraclesinaction.info/","text/html","301","Moved Permanently","Non-Indexable","Redirected","0","0.459","https://www.miraclesinaction.info/","HTTP Redirect"
"https://irishealing.com/tms-for-autism/","text/html; charset=UTF-8","301","Moved Permanently","Non-Indexable","Redirected","6","0.318","https://irishealing.com/blog/tms-for-autism","HTTP Redirect"
"https://pubmed.ncbi.nlm.nih.gov/29351885/","text/html; charset=iso-8859-1","302","Found","Non-Indexable","Redirected","2","0.166","https://misuse.ncbi.nlm.nih.gov/error/abuse.shtml","HTTP Redirect"
"https://irishealing.com/tms-for-tinnitus/","text/html; charset=UTF-8","301","Moved Permanently","Non-Indexable","Redirected","6","0.467","https://irishealing.com/blog/tms-for-tinnitus","HTTP Redirect"
"https://www.ncbi.nlm.nih.gov/pmc/articles/PMC8617307/","text/html; charset=iso-8859-1","302","Found","Non-Indexable","Redirected","2","0.264","https://misuse.ncbi.nlm.nih.gov/error/abuse.shtml?orig_args=/pmc/articles/PMC8617307/&orig_host=www.ncbi.nlm.nih.gov","HTTP Redirect"
"https://irishealing.com/tms-for-bipolar/","text/html; charset=UTF-8","301","Moved Permanently","Non-Indexable","Redirected","1","0.319","https://irishealing.com/blog/tms-for-bipolar","HTTP Redirect"
"https://irishealing.com/tms-for-parkinsons/","text/html; charset=UTF-8","301","Moved Permanently","Non-Indexable","Redirected","1","0.320","https://irishealing.com/blog/tms-for-parkinsons","HTTP Redirect"
"https://irishealing.com/tms-for-aspergers/","text/html; charset=UTF-8","301","Moved Permanently","Non-Indexable","Redirected","6","0.430","https://irishealing.com/blog/tms-for-aspergers","HTTP Redirect"
"https://pubmed.ncbi.nlm.nih.gov/25240669/","text/html; charset=iso-8859-1","302","Found","Non-Indexable","Redirected","2","0.292","https://misuse.ncbi.nlm.nih.gov/error/abuse.shtml","HTTP Redirect"
"https://web.facebook.com/profile.php?id=100005820422785&_rdc=1&_rdr","text/html; charset=""utf-8""","302","Found","Non-Indexable","Redirected","0","0.080","https://www.facebook.com/profile.php?id=100005820422785&_rdc=2&_rdr","HTTP Redirect"
"https://irishealing.com/tms-side-effects/","text/html; charset=UTF-8","301","Moved Permanently","Non-Indexable","Redirected","10","0.319","https://irishealing.com/blog/tms-side-effects","HTTP Redirect"
"http://www.carolyn-hobbs.com/","text/html","301","Moved Permanently","Non-Indexable","Redirected","0","0.071","https://www.carolyn-hobbs.com/","HTTP Redirect"
"http://amzn.to/2gQovvX","text/html; charset=utf-8","301","Moved Permanently","Non-Indexable","Redirected","0","0.185","https://www.amazon.com/Forgotten-Ones-Greg-Hannley/dp/0989034933/ref=as_li_ss_tl?ie=UTF8&qid=1482117822&sr=8-1&keywords=the+forgotten+ones+greg&linkCode=sl1&tag=recotodamaga-20&linkId=d3296ac99a08e7a6e35e0250e1d124ee","HTTP Redirect"
"https://youtu.be/m_v2NB57uko","application/binary","303","See Other","Non-Indexable","Redirected","0","0.186","https://www.youtube.com/watch?v=m_v2NB57uko&feature=youtu.be","HTTP Redirect"
"https://youtu.be/VrioctcQ6r0","application/binary","303","See Other","Non-Indexable","Redirected","0","0.301","https://www.youtube.com/watch?v=VrioctcQ6r0&feature=youtu.be","HTTP Redirect"
"https://doi.org/10.1016/j.jpsychires.2013.05.017","text/html;charset=utf-8","302","Found","Non-Indexable","Redirected","0","0.067","https://linkinghub.elsevier.com/retrieve/pii/S002239561300157X","HTTP Redirect"
"http://sherrygaba.com/co-dependency-quiz/","text/plain","301","Moved Permanently","Non-Indexable","Redirected","0","0.417","https://sherrygaba.com/co-dependency-quiz/","HTTP Redirect"
"https://pdfs.semanticscholar.org/0fe0/2aba217382005c8289b4607dc721a16e11e7.pdf","","301","Moved Permanently","Non-Indexable","Redirected","0","0.171","https://www.semanticscholar.org/paper/Self-reported-Emotional-and-Social-Intelligence-and-Delič-Novak/0fe02aba217382005c8289b4607dc721a16e11e7?p2df","HTTP Redirect"
"https://pdfs.semanticscholar.org/5a8d/b3534f5398d42cfd0160ca14f92fd6bf05e5.pdf","","301","Moved Permanently","Non-Indexable","Redirected","0","0.243","https://www.semanticscholar.org/paper/Does-self-love-lead-to-love-for-others-A-story-of-Campbell-Foster/5a8db3534f5398d42cfd0160ca14f92fd6bf05e5?p2df","HTTP Redirect"
"https://youtu.be/J7vaoi-Q5sg","application/binary","303","See Other","Non-Indexable","Redirected","0","0.104","https://www.youtube.com/watch?v=J7vaoi-Q5sg&feature=youtu.be","HTTP Redirect"
"http://sobamalibu.com/","text/html; charset=utf-8","301","Moved Permanently","Non-Indexable","Redirected","0","0.058","https://sobarecovery.com/","HTTP Redirect"
"http://darlenelancer.com/","text/html; charset=UTF-8","301","Moved Permanently","Non-Indexable","Redirected","0","0.412","https://darlenelancer.com/","HTTP Redirect"
"https://recoverymonth.gov/events/find-events/2018-09","text/html; charset=UTF-8","302","Redirect","Non-Indexable","Redirected","0","0.287","https://www.samhsa.gov/recovery-month","HTTP Redirect"
"https://www.whatiscodependency.com/romance-attachment-love-addiction/","text/html; charset=UTF-8","301","Moved Permanently","Non-Indexable","Redirected","0","0.396","https://www.whatiscodependency.com/toxic-romance-attachment-love-addiction/","HTTP Redirect"
"https://www.whatiscodependency.com/perfectionists-codependency-matthew-mcconaughey-chase/","text/html; charset=UTF-8","301","Moved Permanently","Non-Indexable","Redirected","0","0.380","https://whatiscodependency.com/what-causes-perfectionism-perfectionists-codependency/","HTTP Redirect"
"http://www.dailyword.com/","text/html; charset=iso-8859-1","301","Moved Permanently","Non-Indexable","Redirected","0","0.108","https://www.unity.org/current-issue/daily-word","HTTP Redirect"
"https://www.whatiscodependency.com/product/how-to-raise-your-self-esteem/","text/html; charset=UTF-8","301","Moved Permanently","Non-Indexable","Redirected","0","0.548","https://whatiscodependency.com/product/how-to-raise-your-self-esteem/","HTTP Redirect"
"https://youtu.be/05YoweEZlMk","application/binary","303","See Other","Non-Indexable","Redirected","0","0.107","https://www.youtube.com/watch?v=05YoweEZlMk&feature=youtu.be","HTTP Redirect"
"https://youtu.be/R5-_M0zgTio","application/binary","303","See Other","Non-Indexable","Redirected","0","0.073","https://www.youtube.com/watch?v=R5-_M0zgTio&feature=youtu.be","HTTP Redirect"
"https://youtu.be/kOPBQltmPiU","application/binary","303","See Other","Non-Indexable","Redirected","0","0.081","https://www.youtube.com/watch?v=kOPBQltmPiU&feature=youtu.be","HTTP Redirect"
"https://cp156.isrefer.com/go/cprcprgm/sgaba/","","301","Moved Permanently","Non-Indexable","Redirected","0","0.258","https://cp156.infusionsoft.com/go/cprcprgm/sgaba/","HTTP Redirect"
"https://www.whatiscodependency.com/narcissistic-relationships-with-narcissists/","text/html; charset=UTF-8","301","Moved Permanently","Non-Indexable","Redirected","0","0.523","https://whatiscodependency.com/narcissistic-relationships-with-narcissists/","HTTP Redirect"
"https://www.whatiscodependency.com/spot-manipulation/","text/html; charset=UTF-8","301","Moved Permanently","Non-Indexable","Redirected","0","0.384","https://whatiscodependency.com/how-to-spot-manipulation/","HTTP Redirect"
"https://doi.org/10.2466/pr0.101.2.357-360","text/html;charset=utf-8","302","Found","Non-Indexable","Redirected","0","0.139","https://journals.sagepub.com/doi/10.2466/pr0.101.2.357-360","HTTP Redirect"
"https://www.whatiscodependency.com/what-is-narcissistic-abuse/","text/html; charset=UTF-8","301","Moved Permanently","Non-Indexable","Redirected","0","0.521","https://whatiscodependency.com/what-is-narcissistic-abuse/","HTTP Redirect"
"http://www.whatiscodependency.com/books-on-codependency/","text/html; charset=iso-8859-1","301","Moved Permanently","Non-Indexable","Redirected","0","0.142","https://www.whatiscodependency.com/books-on-codependency/","HTTP Redirect"
"https://squareup.com/market/darrell-fusaro/godzilla","text/html; charset=utf-8","302","Found","Non-Indexable","Redirected","0","0.373","https://www.weebly.com/app/square-sync/ost/AR7ETGSXJC02W","HTTP Redirect"
"https://youtu.be/dfcsAOLdt90","application/binary","303","See Other","Non-Indexable","Redirected","0","0.224","https://www.youtube.com/watch?v=dfcsAOLdt90&feature=youtu.be","HTTP Redirect"
"https://www.whatiscodependency.com/denial/","text/html; charset=UTF-8","301","Moved Permanently","Non-Indexable","Redirected","0","0.545","https://whatiscodependency.com/am-i-in-denial/","HTTP Redirect"
"https://pdfs.semanticscholar.org/2fe3/32940c369886baccadb14fd5dfcbc5f5625f.pdf","","301","Moved Permanently","Non-Indexable","Redirected","0","0.322","https://www.semanticscholar.org/paper/Lack-of-empathy-in-patients-with-narcissistic-Ritter-Dziobek/2fe332940c369886baccadb14fd5dfcbc5f5625f?p2df","HTTP Redirect"
"http://sobatexas.com/","text/html","301","Moved Permanently","Non-Indexable","Redirected","0","0.165","https://sobatexas.com/","HTTP Redirect"
"https://youtu.be/fV64PfiRXi4","application/binary","303","See Other","Non-Indexable","Redirected","0","0.096","https://www.youtube.com/watch?v=fV64PfiRXi4&feature=youtu.be","HTTP Redirect"
"https://web.facebook.com/earle.vanblarcom.58%3Fref%3Dbr_rs%26_rdc%3D1%26_rdr","text/html; charset=""utf-8""","302","Found","Non-Indexable","Redirected","0","0.344","https://www.facebook.com/earle.vanblarcom.58%3Fref%3Dbr_rs%26_rdc%3D1%26_rdr?_rdc=1&_rdr","HTTP Redirect"
"https://youtu.be/fbZRxmAwulg","application/binary","303","See Other","Non-Indexable","Redirected","0","0.077","https://www.youtube.com/watch?v=fbZRxmAwulg&feature=youtu.be","HTTP Redirect"
"https://web.facebook.com/profile.php%3Fid%3D100005820422785%26_rdc%3D1%26_rdr","text/html; charset=""utf-8""","302","Found","Non-Indexable","Redirected","0","0.120","https://www.facebook.com/profile.php%3Fid%3D100005820422785%26_rdc%3D1%26_rdr?_rdc=1&_rdr","HTTP Redirect"
"https://web.facebook.com/profile.php?id=100013351156221&_rdc=1&_rdr","text/html; charset=""utf-8""","302","Found","Non-Indexable","Redirected","0","0.251","https://www.facebook.com/profile.php?id=100013351156221&_rdc=2&_rdr","HTTP Redirect"
"http://www.recoverymonth.gov/","text/html; charset=UTF-8","302","Redirect","Non-Indexable","Redirected","0","0.119","https://www.samhsa.gov/recovery-month","HTTP Redirect"
"http://malibufilms.com/","","301","Moved Permanently","Non-Indexable","Redirected","0","0.118","https://malibufilms.com/","HTTP Redirect"
"http://www.sherecovers.co/","text/plain","301","Moved Permanently","Non-Indexable","Redirected","0","0.270","https://sherecovers.org/","HTTP Redirect"
"https://irishealing.com/trauma-informed-care-addiction","text/html; charset=UTF-8","301","Moved Permanently","Non-Indexable","Redirected","1","0.348","https://irishealing.com/trauma-informed-care-addiction/","HTTP Redirect"
"https://www.irishealing.com/drug-and-alcohol-detox-in-los-angeles/","text/html; charset=UTF-8","301","Moved Permanently","Non-Indexable","Redirected","1","0.454","https://irishealing.com/","HTTP Redirect"
"https://www.irishealing.com/intensive-outpatient-program-los-angeles/","text/html; charset=UTF-8","301","Moved Permanently","Non-Indexable","Redirected","3","0.439","https://irishealing.com/intensive-outpatient-program-los-angeles/","HTTP Redirect"
"https://www.irishealing.com/residential-rehab-in-los-angeles/","text/html; charset=UTF-8","301","Moved Permanently","Non-Indexable","Redirected","3","0.511","https://irishealing.com/residential-rehab-in-los-angeles/","HTTP Redirect"
"https://www.irishealing.com/partial-hospitalization-program-in-los-angeles/","text/html; charset=UTF-8","301","Moved Permanently","Non-Indexable","Redirected","2","0.452","https://irishealing.com/","HTTP Redirect"
"https://www.irishealing.com/addiction-treatment-in-los-angeles/","text/html; charset=UTF-8","301","Moved Permanently","Non-Indexable","Redirected","2","0.428","https://irishealing.com/","HTTP Redirect"
"https://www.irishealing.com/los-angeles-virtual-iop/","text/html; charset=UTF-8","301","Moved Permanently","Non-Indexable","Redirected","4","0.496","https://irishealing.com/los-angeles-virtual-iop/","HTTP Redirect"
"https://www.irishealing.com/dual-diagnosis-treatment-in-los-angeles-ca/","text/html; charset=UTF-8","301","Moved Permanently","Non-Indexable","Redirected","2","0.355","https://irishealing.com/","HTTP Redirect"
"https://www.irishealing.com/aftercare/","text/html; charset=UTF-8","301","Moved Permanently","Non-Indexable","Redirected","1","0.687","https://transferirishe.wpenginepowered.com/rehab-aftercare/","HTTP Redirect"
"https://www.irishealing.com/mental-health-treatment-centers-in-los-angeles-ca/","text/html; charset=UTF-8","301","Moved Permanently","Non-Indexable","Redirected","1","0.729","https://irishealing.com/","HTTP Redirect"
"https://www.samhsa.gov/find-help/national-helpline","text/html; charset=utf-8","301","Moved Permanently","Non-Indexable","Redirected","8","0.201","https://www.samhsa.gov/find-help/helplines/national-helpline","HTTP Redirect"
"https://www.irishealing.com/medication-assisted-treatment/","text/html; charset=UTF-8","301","Moved Permanently","Non-Indexable","Redirected","2","0.465","https://irishealing.com/medication-assisted-treatment/","HTTP Redirect"
"https://www.irishealing.com/treatment-levels-of-care-mental-health-iop-php-residential-inpatient/","text/html; charset=UTF-8","301","Moved Permanently","Non-Indexable","Redirected","1","0.514","https://irishealing.com/","HTTP Redirect"
"https://www.irishealing.com/contact-us/","text/html; charset=UTF-8","301","Moved Permanently","Non-Indexable","Redirected","3","0.525","https://irishealing.com/contact/","HTTP Redirect"
"https://www.irishealing.com/online-insurance-verification/","text/html; charset=UTF-8","301","Moved Permanently","Non-Indexable","Redirected","6","0.328","https://irishealing.com/online-insurance-verification/","HTTP Redirect"
"https://irishealing.com/somatic-experiencing-therapy-for-ptsd/","text/html; charset=UTF-8","301","Moved Permanently","Non-Indexable","Redirected","4","0.316","https://irishealing.com/blog/somatic-experiencing-therapy-for-ptsd","HTTP Redirect"
"https://irishealing.com/programs/intensive-outpatient-program/","text/html; charset=UTF-8","301","Moved Permanently","Non-Indexable","Redirected","1","0.517","https://irishealing.com/","HTTP Redirect"
"https://irishealing.com/online-insurance-verification-tms/","text/html; charset=UTF-8","301","Moved Permanently","Non-Indexable","Redirected","3","0.513","https://irishealing.com/","HTTP Redirect"
"https://irishealing.com/intensive-outpatient/","text/html; charset=UTF-8","301","Moved Permanently","Non-Indexable","Redirected","5","0.453","https://irishealing.com/","HTTP Redirect"
"https://irishealing.com/partial-hospitalization/","text/html; charset=UTF-8","301","Moved Permanently","Non-Indexable","Redirected","4","0.481","https://irishealing.com/","HTTP Redirect"
"https://irishealing.com/residential-inpatient/","text/html; charset=UTF-8","301","Moved Permanently","Non-Indexable","Redirected","4","0.632","https://irishealing.com/","HTTP Redirect"
"https://irishealing.com/aftercare/","text/html; charset=UTF-8","301","Moved Permanently","Non-Indexable","Redirected","5","0.553","https://transferirishe.wpenginepowered.com/rehab-aftercare/","HTTP Redirect"
"https://irishealing.com/addiction-treatment-in-los-angeles/","text/html; charset=UTF-8","301","Moved Permanently","Non-Indexable","Redirected","4","0.364","https://irishealing.com/","HTTP Redirect"
"https://irishealing.com/outpatient-rehab-in-los-angeles/","text/html; charset=UTF-8","301","Moved Permanently","Non-Indexable","Redirected","4","0.466","https://irishealing.com/","HTTP Redirect"
"https://irishealing.com/influence-of-buddhism-in-holistic-rehab/","text/html; charset=UTF-8","301","Moved Permanently","Non-Indexable","Redirected","1","0.311","https://irishealing.com/blog/influence-of-buddhism-in-holistic-rehab","HTTP Redirect"
"https://healthcare.gov/","","301","Moved Permanently","Non-Indexable","Redirected","1","0.038","https://www.healthcare.gov/","HTTP Redirect"
"https://irishealing.com/what-a-holistic-drug-rehab-can-offer/","text/html; charset=UTF-8","301","Moved Permanently","Non-Indexable","Redirected","4","0.454","https://irishealing.com/blog/what-a-holistic-drug-rehab-can-offer","HTTP Redirect"
"https://irishealing.com/how-does-fentanyl-kill-you/","text/html; charset=UTF-8","301","Moved Permanently","Non-Indexable","Redirected","2","0.391","https://irishealing.com/blog/how-does-fentanyl-kill-you","HTTP Redirect"
"https://irishealing.com/what-does-fentanyl-look-like/","text/html; charset=UTF-8","301","Moved Permanently","Non-Indexable","Redirected","1","0.470","https://irishealing.com/blog/what-does-fentanyl-look-like","HTTP Redirect"
"https://www.drugabuse.gov/drug-topics/opioids","text/html","301","Moved Permanently","Non-Indexable","Redirected","2","0.254","https://nida.nih.gov/drug-topics/opioids","HTTP Redirect"
"https://www.ncbi.nlm.nih.gov/pmc/articles/PMC5105018/","text/html; charset=iso-8859-1","302","Found","Non-Indexable","Redirected","2","0.152","https://misuse.ncbi.nlm.nih.gov/error/abuse.shtml?orig_args=/pmc/articles/PMC5105018/&orig_host=www.ncbi.nlm.nih.gov","HTTP Redirect"
"https://irishealing.com/fentanyl-overdose-signs/","text/html; charset=UTF-8","301","Moved Permanently","Non-Indexable","Redirected","3","0.306","https://irishealing.com/blog/fentanyl-overdose-signs","HTTP Redirect"
"https://www.ncbi.nlm.nih.gov/pmc/articles/PMC2826281/","text/html; charset=iso-8859-1","302","Found","Non-Indexable","Redirected","1","0.152","https://misuse.ncbi.nlm.nih.gov/error/abuse.shtml?orig_args=/pmc/articles/PMC2826281/&orig_host=www.ncbi.nlm.nih.gov","HTTP Redirect"
"https://irishealing.com/facing-depression-clearing-mind-dark-thoughts/","text/html; charset=UTF-8","301","Moved Permanently","Non-Indexable","Redirected","3","0.320","https://irishealing.com/blog/facing-depression-clearing-mind-dark-thoughts","HTTP Redirect"
"https://www.ncbi.nlm.nih.gov/pmc/articles/PMC6668042/","text/html; charset=iso-8859-1","302","Found","Non-Indexable","Redirected","1","0.168","https://misuse.ncbi.nlm.nih.gov/error/abuse.shtml?orig_args=/pmc/articles/PMC6668042/&orig_host=www.ncbi.nlm.nih.gov","HTTP Redirect"
"https://www.nature.com/articles/522S46a","text/html","303","See Other","Non-Indexable","Redirected","1","0.239","https://idp.nature.com/authorize?response_type=cookie&client_id=grover&redirect_uri=https%3A%2F%2Fwww.nature.com%2Farticles%2F522S46a","HTTP Redirect"
"https://www.ncbi.nlm.nih.gov/pmc/articles/PMC6538574/","text/html; charset=iso-8859-1","302","Found","Non-Indexable","Redirected","2","0.283","https://misuse.ncbi.nlm.nih.gov/error/abuse.shtml?orig_args=/pmc/articles/PMC6538574/&orig_host=www.ncbi.nlm.nih.gov","HTTP Redirect"
"https://irishealing.com/eeg-neurofeedback-therapy/","text/html; charset=UTF-8","301","Moved Permanently","Non-Indexable","Redirected","1","0.350","https://irishealing.com/blog/eeg-neurofeedback-therapy","HTTP Redirect"
"https://link.springer.com/article/10.1007/s10804-005-7029-5","","303","See Other","Non-Indexable","Redirected","1","0.209","https://idp.springer.com/authorize?response_type=cookie&client_id=springerlink&redirect_uri=https%3A%2F%2Flink.springer.com%2Farticle%2F10.1007%2Fs10804-005-7029-5","HTTP Redirect"
"https://www.ncbi.nlm.nih.gov/pmc/articles/PMC3958393/","text/html; charset=iso-8859-1","302","Found","Non-Indexable","Redirected","1","0.305","https://misuse.ncbi.nlm.nih.gov/error/abuse.shtml?orig_args=/pmc/articles/PMC3958393/&orig_host=www.ncbi.nlm.nih.gov","HTTP Redirect"
"https://link.springer.com/article/10.1007/BF00998785","","303","See Other","Non-Indexable","Redirected","1","0.425","https://idp.springer.com/authorize?response_type=cookie&client_id=springerlink&redirect_uri=https%3A%2F%2Flink.springer.com%2Farticle%2F10.1007%2FBF00998785","HTTP Redirect"
"https://www.webmd.com/mental-health/addiction/news/20180403/experts-warn-of-emerging-stimulant-epidemic","","301","Moved Permanently","Non-Indexable","Redirected","1","0.183","https://www.webmd.com/mental-health/addiction/substance-abuse","HTTP Redirect"
"https://irishealing.com/adderall/","text/html; charset=UTF-8","301","Moved Permanently","Non-Indexable","Redirected","4","0.358","https://irishealing.com/addiction-treatment/drug-rehab-los-angeles/adderall/","HTTP Redirect"
"https://pubmed.ncbi.nlm.nih.gov/15598197/","text/html; charset=iso-8859-1","302","Found","Non-Indexable","Redirected","1","0.174","https://misuse.ncbi.nlm.nih.gov/error/abuse.shtml","HTTP Redirect"
"https://irishealing.com/fentanyl/","text/html; charset=UTF-8","301","Moved Permanently","Non-Indexable","Redirected","1","0.366","https://irishealing.com/","HTTP Redirect"
"https://irishealing.com/cocaine/","text/html; charset=UTF-8","301","Moved Permanently","Non-Indexable","Redirected","1","0.358","https://irishealing.com/","HTTP Redirect"
"https://irishealing.com/is-adderall-a-controlled-substance/","text/html; charset=UTF-8","301","Moved Permanently","Non-Indexable","Redirected","2","0.307","https://irishealing.com/blog/is-adderall-a-controlled-substance","HTTP Redirect"
"https://irishealing.com/stimulants/","text/html; charset=UTF-8","301","Moved Permanently","Non-Indexable","Redirected","1","0.434","https://irishealing.com/","HTTP Redirect"
"https://irishealing.com/alcohol-rehab-los-angeles/","text/html; charset=UTF-8","301","Moved Permanently","Non-Indexable","Redirected","1","0.411","https://irishealing.com/","HTTP Redirect"
"https://irishealing.com/opioids/","text/html; charset=UTF-8","301","Moved Permanently","Non-Indexable","Redirected","1","0.338","https://irishealing.com/addiction-treatment/opioid-rehab-los-angeles/","HTTP Redirect"
"https://irishealing.com/benzo-rehab-los-angeles/","text/html; charset=UTF-8","301","Moved Permanently","Non-Indexable","Redirected","1","0.672","https://irishealing.com/","HTTP Redirect"
"https://irishealing.com/xanax-rehab-los-angeles/","text/html; charset=UTF-8","301","Moved Permanently","Non-Indexable","Redirected","1","0.518","https://irishealing.com/addiction-treatment/xanax/","HTTP Redirect"
"https://my.clevelandclinic.org/health/treatments/11766-attention-deficit-hyperactivity-disorder-adhd-stimulant-therapy","","301","Moved Permanently","Non-Indexable","Redirected","1","0.043","https://my.clevelandclinic.org/health/treatments/11766-adhd-medication","HTTP Redirect"
"https://teens.drugabuse.gov/teachers/stats-trends-teen-drug-use","text/html; charset=iso-8859-1","301","Moved Permanently","Non-Indexable","Redirected","1","0.163","https://nida.nih.gov/research-topics/parents-educators","HTTP Redirect"
"https://www.humanonfire.com/","text/html; charset=utf-8","301","Moved Permanently","Non-Indexable","Redirected","0","0.229","https://jesslandon.com/","HTTP Redirect"
"https://irishealing.com/ocd-and-addiction/","text/html; charset=UTF-8","301","Moved Permanently","Non-Indexable","Redirected","6","0.320","https://irishealing.com/blog/ocd-and-addiction","HTTP Redirect"
"https://irishealing.com/mental-health-treatment-los-angeles/ocd-treatment-los-angeles/_wp_link_placeholder","text/html; charset=UTF-8","301","Moved Permanently","Non-Indexable","Redirected","1","0.453","https://irishealing.com/","HTTP Redirect"
"https://irishealing.com/klonopin-guide-clonazepam/","text/html; charset=UTF-8","301","Moved Permanently","Non-Indexable","Redirected","12","0.505","https://irishealing.com/addiction-treatment/drug-rehab-los-angeles/","HTTP Redirect"
"https://halcyonbehavioral.com/","","301","Moved Permanently","Non-Indexable","Redirected","1","0.228","https://www.simpletherapy.com/en/SimpleBehavioral/","HTTP Redirect"
"https://irishealing.com/tms-for-anxiety/","text/html; charset=UTF-8","301","Moved Permanently","Non-Indexable","Redirected","10","0.255","https://irishealing.com/tms-los-angeles/","HTTP Redirect"
"https://irishealing.com/sleep-disorders-and-addiction","text/html; charset=UTF-8","301","Moved Permanently","Non-Indexable","Redirected","2","0.508","https://irishealing.com/blog/sleep-disorders-and-addiction","HTTP Redirect"
"https://irishealing.com/neurofeedback-for-anxiety/","text/html; charset=UTF-8","301","Moved Permanently","Non-Indexable","Redirected","2","0.310","https://irishealing.com/blog/neurofeedback-for-anxiety","HTTP Redirect"
"https://goo.gl/maps/fdcbyUjPhv4624VB9","application/binary","302","Found","Non-Indexable","Redirected","1","0.332","https://www.google.com/maps/place/IRIS+HEALING+RETREAT/@34.166271,-118.628728,16z/data=!4m5!3m4!1s0x0:0x2b9c4217b3b5785!8m2!3d34.1662711!4d-118.6287277?hl=en&shorturl=1","HTTP Redirect"
"https://goo.gl/maps/Sgj7QGX9fCW1xUXd6","application/binary","302","Found","Non-Indexable","Redirected","1","0.191","https://www.google.com/maps/place/Iris+Neurofeedback/@34.169003,-118.575359,16z/data=!4m5!3m4!1s0x0:0x44c09bd81bfa5d11!8m2!3d34.1690028!4d-118.5753593?hl=en&shorturl=1","HTTP Redirect"
"https://goo.gl/maps/5eFaL3VhfsSaDPLU8","application/binary","302","Found","Non-Indexable","Redirected","1","0.154","https://www.google.com/maps/place/Iris+TMS+Wellness/@34.169013,-118.575296,16z/data=!4m5!3m4!1s0x0:0xeec4a0cb3ad556fe!8m2!3d34.1690125!4d-118.5752956?hl=es&shorturl=1","HTTP Redirect"
"https://irishealing.com/cocaine-in-urine/","text/html; charset=UTF-8","301","Moved Permanently","Non-Indexable","Redirected","1","0.519","https://irishealing.com/blog/cocaine-in-urine","HTTP Redirect"
"https://irishealing.com/rehab-center-in-los-angeles-for-cocaine-overdose/","text/html; charset=UTF-8","301","Moved Permanently","Non-Indexable","Redirected","1","0.384","https://irishealing.com/blog/rehab-center-in-los-angeles-for-cocaine-overdose","HTTP Redirect"
"https://irishealing.com/cocaine-withdrawal-symptoms/","text/html; charset=UTF-8","301","Moved Permanently","Non-Indexable","Redirected","2","0.732","https://irishealing.com/blog/cocaine-withdrawal-symptoms","HTTP Redirect"
"https://irishealing.com/bipolar-and-alcohol/","text/html; charset=UTF-8","301","Moved Permanently","Non-Indexable","Redirected","1","0.376","https://irishealing.com/blog/bipolar-and-alcohol","HTTP Redirect"
"https://irishealing.com/borderline-personality-disorder-vs-bipolar/","text/html; charset=UTF-8","301","Moved Permanently","Non-Indexable","Redirected","2","0.327","https://irishealing.com/blog/borderline-personality-disorder-vs-bipolar","HTTP Redirect"
"https://irishealing.com/why-do-bipolar-relationships-fail/","text/html; charset=UTF-8","301","Moved Permanently","Non-Indexable","Redirected","1","0.478","https://irishealing.com/blog/why-do-bipolar-relationships-fail","HTTP Redirect"
"https://irishealing.com/how-to-deal-with-someone-who-is-bipolar-and-angry/","text/html; charset=UTF-8","301","Moved Permanently","Non-Indexable","Redirected","1","0.331","https://irishealing.com/blog/how-to-deal-with-someone-who-is-bipolar-and-angry","HTTP Redirect"
"https://irishealing.com/what-is-bipolar-depression/","text/html; charset=UTF-8","301","Moved Permanently","Non-Indexable","Redirected","1","0.349","https://irishealing.com/blog/what-is-bipolar-depression","HTTP Redirect"
"https://irishealing.com/agreements/","text/html; charset=UTF-8","301","Moved Permanently","Non-Indexable","Redirected","1","0.459","https://irishealing.com/","HTTP Redirect"
"https://irishealing.com/aa-meetings-near-woodland-hills-california/","text/html; charset=UTF-8","301","Moved Permanently","Non-Indexable","Redirected","2","0.408","https://irishealing.com/blog/aa-meetings-near-woodland-hills-california","HTTP Redirect"
"https://irishealing.com/try-an-alternative-recovery-with-spiritual-rehabilitation-retreats/","text/html; charset=UTF-8","301","Moved Permanently","Non-Indexable","Redirected","1","0.377","https://irishealing.com/blog/try-an-alternative-recovery-with-spiritual-rehabilitation-retreats","HTTP Redirect"
"https://irishealing.com/what-is-the-timeline-for-alcohol-detox-treatment/","text/html; charset=UTF-8","301","Moved Permanently","Non-Indexable","Redirected","1","0.515","https://irishealing.com/blog/what-is-the-timeline-for-alcohol-detox-treatment","HTTP Redirect"
"https://irishealing.com/why-is-alcohol-detox-and-withdrawal-at-home-dangerous/","text/html; charset=UTF-8","301","Moved Permanently","Non-Indexable","Redirected","2","0.368","https://irishealing.com/blog/why-is-alcohol-detox-and-withdrawal-at-home-dangerous","HTTP Redirect"
"https://www.cadth.ca/rapid-and-ultra-rapid-detoxification-adults-opioid-addiction-review-clinical-and-cost-effectiveness","","301","Moved Permanently","Non-Indexable","Redirected","1","0.046","https://www.cda-amc.ca/rapid-and-ultra-rapid-detoxification-adults-opioid-addiction-review-clinical-and-cost-effectiveness","HTTP Redirect"
"https://www.ncbi.nlm.nih.gov/books/NBK64116/","text/html; charset=iso-8859-1","302","Found","Non-Indexable","Redirected","1","0.257","https://misuse.ncbi.nlm.nih.gov/error/abuse.shtml?orig_args=/books/NBK64116/&orig_host=www.ncbi.nlm.nih.gov","HTTP Redirect"
"http://www.healthline.com/health/alcoholism/how-long-does-it-take-to-detox-from-alcohol","text/html","301","Moved Permanently","Non-Indexable","Redirected","1","0.075","https://www.healthline.com/health/alcoholism/how-long-does-it-take-to-detox-from-alcohol","HTTP Redirect"
"https://irishealing.com/opioid-withdrawal-symptoms/","text/html; charset=UTF-8","301","Moved Permanently","Non-Indexable","Redirected","2","0.519","https://irishealing.com/blog/opioid-withdrawal-symptoms","HTTP Redirect"
"http://www.ncbi.nlm.nih.gov/pmc/articles/PMC4152944/","text/html; charset=iso-8859-1","301","Moved Permanently","Non-Indexable","Redirected","1","0.250","https://www.ncbi.nlm.nih.gov/pmc/articles/PMC4152944/","HTTP Redirect"
"https://irishealing.com/alcoholism-genetic/","text/html; charset=UTF-8","301","Moved Permanently","Non-Indexable","Redirected","1","0.335","https://irishealing.com/blog/alcoholism-genetic","HTTP Redirect"
"https://irishealing.com/why-do-people-drink-alcohol/","text/html; charset=UTF-8","301","Moved Permanently","Non-Indexable","Redirected","4","0.483","https://irishealing.com/blog/why-do-people-drink-alcohol","HTTP Redirect"
"https://www.ncbi.nlm.nih.gov/books/NBK482134/","text/html; charset=iso-8859-1","302","Found","Non-Indexable","Redirected","2","0.158","https://misuse.ncbi.nlm.nih.gov/error/abuse.shtml?orig_args=/books/NBK482134/&orig_host=www.ncbi.nlm.nih.gov","HTTP Redirect"
"https://irishealing.com/tms-for-ptsd/","text/html; charset=UTF-8","301","Moved Permanently","Non-Indexable","Redirected","13","0.368","https://irishealing.com/tms-los-angeles/","HTTP Redirect"
"https://www.ncbi.nlm.nih.gov/pmc/articles/PMC3775646/","text/html; charset=iso-8859-1","302","Found","Non-Indexable","Redirected","1","0.308","https://misuse.ncbi.nlm.nih.gov/error/abuse.shtml?orig_args=/pmc/articles/PMC3775646/&orig_host=www.ncbi.nlm.nih.gov","HTTP Redirect"
"https://www.goodrx.com/drug-guide","text/html","301","Moved Permanently","Non-Indexable","Redirected","1","0.514","https://www.goodrx.com/drugs","HTTP Redirect"
"https://irishealing.com/blog/what-is-the-difference-between-stress-and-depression","text/html; charset=UTF-8","301","Moved Permanently","Non-Indexable","Redirected","0","0.482","https://irishealing.com/blog/what-is-the-difference-between-stress-and-depression/","HTTP Redirect"
"https://mecp.springeropen.com/articles/10.1186/s43045-020-00029-w","text/html","301","Moved Permanently","Non-Indexable","Redirected","1","0.263","https://link.springer.com/article/10.1186/s43045-020-00029-w","HTTP Redirect"
"https://irishealing.com/blog/postpartum-baby-blues-vs-depression","text/html; charset=UTF-8","301","Moved Permanently","Non-Indexable","Redirected","0","0.439","https://irishealing.com/blog/postpartum-baby-blues-vs-depression/","HTTP Redirect"
"https://irishealing.com/blog/neurofeedback-for-depression","text/html; charset=UTF-8","301","Moved Permanently","Non-Indexable","Redirected","0","0.326","https://irishealing.com/blog/neurofeedback-for-depression/","HTTP Redirect"
"https://irishealing.com/blog/recovery-with-outpatient-programs","text/html; charset=UTF-8","301","Moved Permanently","Non-Indexable","Redirected","0","0.331","https://irishealing.com/blog/recovery-with-outpatient-programs/","HTTP Redirect"
"https://irishealing.com/12-steps-for-addiction-recovery/","text/html; charset=UTF-8","301","Moved Permanently","Non-Indexable","Redirected","1","0.343","https://irishealing.com/blog/12-steps-for-addiction-recovery","HTTP Redirect"
"https://www.samhsa.gov/about-us/who-we-are/laws-regulations/confidentiality-regulations-faqs","text/html; charset=utf-8","301","Moved Permanently","Non-Indexable","Redirected","4","0.209","https://www.samhsa.gov/about/faqs/confidentiality-regulations","HTTP Redirect"
"https://irishealing.com/effective-holistic-drug-rehab-in-los-angeles/","text/html; charset=UTF-8","301","Moved Permanently","Non-Indexable","Redirected","2","0.426","https://irishealing.com/blog/effective-holistic-drug-rehab-in-los-angeles","HTTP Redirect"
"https://irishealing.com/bipolar-treatment-in-los-angeles/","text/html; charset=UTF-8","301","Moved Permanently","Non-Indexable","Redirected","1","0.483","https://irishealing.com/","HTTP Redirect"
"https://irishealing.com/supporting-a-loved-one/","text/html; charset=UTF-8","301","Moved Permanently","Non-Indexable","Redirected","2","0.310","https://irishealing.com/blog/supporting-a-loved-one","HTTP Redirect"
"https://www.samhsa.gov/families","text/html; charset=utf-8","301","Moved Permanently","Non-Indexable","Redirected","2","0.319","https://www.samhsa.gov/mental-health/children-and-families/coping-resources","HTTP Redirect"
"https://irishealing.com/can-you-work-while-in-rehab/","text/html; charset=UTF-8","301","Moved Permanently","Non-Indexable","Redirected","1","0.405","https://irishealing.com/blog/can-you-work-while-in-rehab","HTTP Redirect"
"https://irishealing.com/holistic-rehabilitation-center-in-california/","text/html; charset=UTF-8","301","Moved Permanently","Non-Indexable","Redirected","3","0.516","https://irishealing.com/","HTTP Redirect"
"https://irishealing.com/alcohol-rehab-in-los-angeles/","text/html; charset=UTF-8","301","Moved Permanently","Non-Indexable","Redirected","1","0.369","https://irishealing.com/addiction-treatment/alcohol-rehab-los-angeles/","HTTP Redirect"
"https://irishealing.com/how-long-rehab-lasts-for-those-with-sud/","text/html; charset=UTF-8","301","Moved Permanently","Non-Indexable","Redirected","2","0.525","https://irishealing.com/","HTTP Redirect"
"https://store.samhsa.gov/product/tip-42-substance-abuse-treatment-persons-co-occurring-disorders/pep20-02-01-004","text/html","301","Moved Permanently","Non-Indexable","Redirected","1","0.187","https://library.samhsa.gov/product/tip-42-substance-abuse-treatment-persons-co-occurring-disorders/pep20-02-01-004","HTTP Redirect"
"https://irishealing.com/dialectical-behavior-therapy-for-addiction-treatment/","text/html; charset=UTF-8","301","Moved Permanently","Non-Indexable","Redirected","1","0.676","https://irishealing.com/","HTTP Redirect"
"https://irishealing.com/emdr-therapy-for-addiction/","text/html; charset=UTF-8","301","Moved Permanently","Non-Indexable","Redirected","5","0.332","https://irishealing.com/blog/emdr-therapy-for-addiction","HTTP Redirect"
"https://irishealing.com/dual-diagnosis-treatment-centers-in-california/","text/html; charset=UTF-8","301","Moved Permanently","Non-Indexable","Redirected","2","0.327","https://irishealing.com/","HTTP Redirect"
"https://irishealing.com/cbt-therapy-in-los-angeles/","text/html; charset=UTF-8","301","Moved Permanently","Non-Indexable","Redirected","2","0.365","https://irishealing.com/","HTTP Redirect"
"https://irishealing.com/partial-hospitalization-program-in-los-angeles/","text/html; charset=UTF-8","301","Moved Permanently","Non-Indexable","Redirected","5","0.516","https://irishealing.com/","HTTP Redirect"
"https://irishealing.com/drug-and-alcohol-detox-in-los-angeles/","text/html; charset=UTF-8","301","Moved Permanently","Non-Indexable","Redirected","2","0.469","https://irishealing.com/","HTTP Redirect"
"https://nida.nih.gov/publications/principles-drug-addiction-treatment-research-based-guide-third-edition/drug-addiction-treatment-in-united-states/types-treatment-programs","text/html; charset=utf-8","301","Moved Permanently","Non-Indexable","Redirected","3","0.267","https://archives.nida.nih.gov/publications/principles-drug-addiction-treatment-research-based-guide-third-edition","HTTP Redirect"
"https://irishealing.com/ptsd-treatment-in-los-angeles/","text/html; charset=UTF-8","301","Moved Permanently","Non-Indexable","Redirected","1","0.393","https://irishealing.com/","HTTP Redirect"
"https://www.samhsa.gov/brss-tacs/recovery-support-tools/peers","text/html; charset=utf-8","301","Moved Permanently","Non-Indexable","Redirected","3","0.357","https://www.samhsa.gov/technical-assistance/brss-tacs/peer-support-workers","HTTP Redirect"
"https://irishealing.com/depression-treatment-in-los-angeles/","text/html; charset=UTF-8","301","Moved Permanently","Non-Indexable","Redirected","1","0.362","https://irishealing.com/","HTTP Redirect"
"https://irishealing.com/neurofeedback-therapy-a-complete-guide/","text/html; charset=UTF-8","301","Moved Permanently","Non-Indexable","Redirected","2","0.506","https://irishealing.com/","HTTP Redirect"
"https://irishealing.com/tms-therapy-transcranial-magnetic-stimulation/","text/html; charset=UTF-8","301","Moved Permanently","Non-Indexable","Redirected","12","0.520","https://transferirishe.wpenginepowered.com/tms-therapy-near-me/","HTTP Redirect"
"https://irishealing.com/what-is-neurofeedback-therapy/","text/html; charset=UTF-8","301","Moved Permanently","Non-Indexable","Redirected","2","0.487","https://irishealing.com/therapy/neurofeedback-therapy/","HTTP Redirect"
"https://irishealing.com/dual-diagnosis-treatment/","text/html; charset=UTF-8","301","Moved Permanently","Non-Indexable","Redirected","2","0.366","https://irishealing.com/","HTTP Redirect"
"https://irishealing.com/tour-our-los-angeles-rehab/","text/html; charset=UTF-8","301","Moved Permanently","Non-Indexable","Redirected","1","0.673","https://irishealing.com/tour/","HTTP Redirect"
"https://irishealing.com/how-long-does-rehab-last/","text/html; charset=UTF-8","301","Moved Permanently","Non-Indexable","Redirected","1","0.315","https://irishealing.com/blog/how-long-does-rehab-last","HTTP Redirect"
"https://irishealing.com/dual-diagnosis-treatment-in-los-angeles/","text/html; charset=UTF-8","301","Moved Permanently","Non-Indexable","Redirected","4","0.351","https://irishealing.com/","HTTP Redirect"
"https://www.samhsa.gov/find-treatment","text/html; charset=utf-8","301","Moved Permanently","Non-Indexable","Redirected","1","0.364","https://findtreatment.gov/","HTTP Redirect"
"https://irishealing.com/anxiety-treatment-in-los-angeles/","text/html; charset=UTF-8","301","Moved Permanently","Non-Indexable","Redirected","1","0.505","https://irishealing.com/","HTTP Redirect"
"https://irishealing.com/dialectical-behavior-therapy-for-addiction/","text/html; charset=UTF-8","301","Moved Permanently","Non-Indexable","Redirected","8","0.226","https://irishealing.com/blog/dialectical-behavior-therapy-for-addiction","HTTP Redirect"
"https://www.irishealing.com/detox-center-in-los-angeles/","text/html; charset=UTF-8","301","Moved Permanently","Non-Indexable","Redirected","1","0.666","https://irishealing.com/detox-center-in-los-angeles/","HTTP Redirect"
"https://irishealing.com/understanding-the-relationship-between-mental-health-and-substance-abuse/","text/html; charset=UTF-8","301","Moved Permanently","Non-Indexable","Redirected","1","0.477","https://irishealing.com/blog/mental-health-and-substance-abuse/","HTTP Redirect"
"https://irishealing.com/mental-health-benefits-of-exercise/","text/html; charset=UTF-8","301","Moved Permanently","Non-Indexable","Redirected","1","0.424","https://irishealing.com/blog/mental-health-benefits-of-exercise","HTTP Redirect"
"https://www.nccih.nih.gov/health/meditation-and-mindfulness-what-you-need-to-know","application/xml","301","Moved Permanently","Non-Indexable","Redirected","1","0.226","https://www.nccih.nih.gov/health/meditation-and-mindfulness-effectiveness-and-safety","HTTP Redirect"
"https://irishealing.com/mental-health-outpatient-treatment/","text/html; charset=UTF-8","301","Moved Permanently","Non-Indexable","Redirected","1","0.270","https://irishealing.com/","HTTP Redirect"
"https://irishealing.com/drug-and-alcohol-rehab-programs-in-los-angeles/","text/html; charset=UTF-8","301","Moved Permanently","Non-Indexable","Redirected","1","0.356","https://irishealing.com/","HTTP Redirect"
"https://irishealing.com/tms-for-depression/","text/html; charset=UTF-8","301","Moved Permanently","Non-Indexable","Redirected","1","0.459","https://irishealing.com/blog/tms-for-depression","HTTP Redirect"
"https://irishealing.com/blog/adhd-and-addiction","text/html; charset=UTF-8","301","Moved Permanently","Non-Indexable","Redirected","0","0.327","https://irishealing.com/blog/adhd-and-addiction/","HTTP Redirect"
"https://irishealing.com/blog/tms-for-autism","text/html; charset=UTF-8","301","Moved Permanently","Non-Indexable","Redirected","0","0.327","https://irishealing.com/blog/tms-for-autism/","HTTP Redirect"
"https://irishealing.com/blog/tms-for-tinnitus","text/html; charset=UTF-8","301","Moved Permanently","Non-Indexable","Redirected","0","0.465","https://irishealing.com/blog/tms-for-tinnitus/","HTTP Redirect"
"https://irishealing.com/blog/tms-for-parkinsons","text/html; charset=UTF-8","301","Moved Permanently","Non-Indexable","Redirected","0","0.321","https://irishealing.com/blog/tms-for-parkinsons/","HTTP Redirect"
"https://irishealing.com/blog/tms-for-bipolar","text/html; charset=UTF-8","301","Moved Permanently","Non-Indexable","Redirected","0","0.675","https://irishealing.com/blog/tms-for-bipolar/","HTTP Redirect"
"https://irishealing.com/blog/tms-for-aspergers","text/html; charset=UTF-8","301","Moved Permanently","Non-Indexable","Redirected","0","0.301","https://irishealing.com/blog/tms-for-aspergers/","HTTP Redirect"
"https://www.ncbi.nlm.nih.gov/pmc/articles/PMC7040236/","text/html; charset=iso-8859-1","302","Found","Non-Indexable","Redirected","1","0.302","https://misuse.ncbi.nlm.nih.gov/error/abuse.shtml?orig_args=/pmc/articles/PMC7040236/&orig_host=www.ncbi.nlm.nih.gov","HTTP Redirect"
"https://irishealing.com/blog/tms-side-effects","text/html; charset=UTF-8","301","Moved Permanently","Non-Indexable","Redirected","0","0.417","https://irishealing.com/blog/tms-side-effects/","HTTP Redirect"
"https://irishealing.com/blog/somatic-experiencing-therapy-for-ptsd","text/html; charset=UTF-8","301","Moved Permanently","Non-Indexable","Redirected","0","0.372","https://irishealing.com/blog/somatic-experiencing-therapy-for-ptsd/","HTTP Redirect"
"https://irishealing.com/blog/influence-of-buddhism-in-holistic-rehab","text/html; charset=UTF-8","301","Moved Permanently","Non-Indexable","Redirected","0","0.441","https://irishealing.com/blog/influence-of-buddhism-in-holistic-rehab/","HTTP Redirect"
"https://irishealing.com/blog/what-a-holistic-drug-rehab-can-offer","text/html; charset=UTF-8","301","Moved Permanently","Non-Indexable","Redirected","0","0.335","https://irishealing.com/blog/what-a-holistic-drug-rehab-can-offer/","HTTP Redirect"
"https://irishealing.com/blog/how-does-fentanyl-kill-you","text/html; charset=UTF-8","301","Moved Permanently","Non-Indexable","Redirected","0","0.318","https://irishealing.com/blog/how-does-fentanyl-kill-you/","HTTP Redirect"
"https://irishealing.com/blog/what-does-fentanyl-look-like","text/html; charset=UTF-8","301","Moved Permanently","Non-Indexable","Redirected","0","0.333","https://irishealing.com/blog/what-does-fentanyl-look-like/","HTTP Redirect"
"https://irishealing.com/blog/facing-depression-clearing-mind-dark-thoughts","text/html; charset=UTF-8","301","Moved Permanently","Non-Indexable","Redirected","0","0.201","https://irishealing.com/blog/facing-depression-clearing-mind-dark-thoughts/","HTTP Redirect"
"https://irishealing.com/blog/fentanyl-overdose-signs","text/html; charset=UTF-8","301","Moved Permanently","Non-Indexable","Redirected","0","0.485","https://irishealing.com/blog/fentanyl-overdose-signs/","HTTP Redirect"
"https://irishealing.com/blog/ocd-and-addiction","text/html; charset=UTF-8","301","Moved Permanently","Non-Indexable","Redirected","0","0.397","https://irishealing.com/blog/ocd-and-addiction/","HTTP Redirect"
"https://irishealing.com/blog/eeg-neurofeedback-therapy","text/html; charset=UTF-8","301","Moved Permanently","Non-Indexable","Redirected","0","0.491","https://irishealing.com/blog/eeg-neurofeedback-therapy/","HTTP Redirect"
"https://irishealing.com/blog/is-adderall-a-controlled-substance","text/html; charset=UTF-8","301","Moved Permanently","Non-Indexable","Redirected","0","0.479","https://irishealing.com/blog/is-adderall-a-controlled-substance/","HTTP Redirect"
"https://irishealing.com/benefits-of-quitting-sugar-is-sugar-as-addictive-as-drugs-and-alcohol/","text/html; charset=UTF-8","301","Moved Permanently","Non-Indexable","Redirected","1","0.354","https://irishealing.com/blog/benefits-of-quitting-sugar-is-sugar-as-addictive-as-drugs-and-alcohol","HTTP Redirect"
"https://irishealing.com/blog/neurofeedback-for-anxiety","text/html; charset=UTF-8","301","Moved Permanently","Non-Indexable","Redirected","0","0.341","https://irishealing.com/blog/neurofeedback-for-anxiety/","HTTP Redirect"
"https://irishealing.com/cocaine-addiction-treatment/","text/html; charset=UTF-8","301","Moved Permanently","Non-Indexable","Redirected","16","0.544","https://transferirishe.wpenginepowered.com/cocaine-addiction-abuse-and-treatment/","HTTP Redirect"
"https://irishealing.com/therapies","text/html; charset=UTF-8","301","Moved Permanently","Non-Indexable","Redirected","2","0.536","https://transferirishe.wpenginepowered.com/therapy-in-woodland-hills","HTTP Redirect"
"https://irishealing.com/fentanyl-and-addiction-treatment/","text/html; charset=UTF-8","301","Moved Permanently","Non-Indexable","Redirected","16","0.516","https://transferirishe.wpenginepowered.com/fentanyl-addiction-and-treatment/","HTTP Redirect"
"https://www.ncbi.nlm.nih.gov/pmc/articles/PMC2897895/","text/html; charset=iso-8859-1","302","Found","Non-Indexable","Redirected","1","0.259","https://misuse.ncbi.nlm.nih.gov/error/abuse.shtml?orig_args=/pmc/articles/PMC2897895/&orig_host=www.ncbi.nlm.nih.gov","HTTP Redirect"
"https://www.drugabuse.gov/publications/topics-in-brief/comorbid-drug-abuse-mental-illness","text/html","301","Moved Permanently","Non-Indexable","Redirected","1","0.150","https://nida.nih.gov/publications/topics-in-brief/comorbid-drug-abuse-mental-illness","HTTP Redirect"
"https://irishealing.com/famous-people-with-bipolar-disorder-celebs-coping-with-bipolar/","text/html; charset=UTF-8","301","Moved Permanently","Non-Indexable","Redirected","2","0.468","https://irishealing.com/blog/famous-people-with-bipolar-disorder-celebs-coping-with-bipolar","HTTP Redirect"
"https://irishealing.com/understanding-links-ptsd-addiction/","text/html; charset=UTF-8","301","Moved Permanently","Non-Indexable","Redirected","6","0.467","https://irishealing.com/blog/understanding-links-ptsd-addiction","HTTP Redirect"
"https://www.drugabuse.gov/drug-topics/opioids/benzodiazepines-opioids","text/html","301","Moved Permanently","Non-Indexable","Redirected","1","0.153","https://nida.nih.gov/drug-topics/opioids/benzodiazepines-opioids","HTTP Redirect"
"https://irishealing.com/blog/rehab-center-in-los-angeles-for-cocaine-overdose","text/html; charset=UTF-8","301","Moved Permanently","Non-Indexable","Redirected","0","0.359","https://irishealing.com/blog/rehab-center-in-los-angeles-for-cocaine-overdose/","HTTP Redirect"
"https://irishealing.com/blog/cocaine-in-urine","text/html; charset=UTF-8","301","Moved Permanently","Non-Indexable","Redirected","0","0.372","https://irishealing.com/blog/cocaine-in-urine/","HTTP Redirect"
"https://irishealing.com/blog/cocaine-withdrawal-symptoms","text/html; charset=UTF-8","301","Moved Permanently","Non-Indexable","Redirected","0","0.471","https://irishealing.com/blog/cocaine-withdrawal-symptoms/","HTTP Redirect"
"https://irishealing.com/blog/bipolar-and-alcohol","text/html; charset=UTF-8","301","Moved Permanently","Non-Indexable","Redirected","0","0.327","https://irishealing.com/blog/bipolar-and-alcohol/","HTTP Redirect"
"https://irishealing.com/blog/borderline-personality-disorder-vs-bipolar","text/html; charset=UTF-8","301","Moved Permanently","Non-Indexable","Redirected","0","0.351","https://irishealing.com/blog/borderline-personality-disorder-vs-bipolar/","HTTP Redirect"
"https://irishealing.com/blog/why-do-bipolar-relationships-fail","text/html; charset=UTF-8","301","Moved Permanently","Non-Indexable","Redirected","0","0.341","https://irishealing.com/blog/why-do-bipolar-relationships-fail/","HTTP Redirect"
"https://irishealing.com/blog/how-to-deal-with-someone-who-is-bipolar-and-angry","text/html; charset=UTF-8","301","Moved Permanently","Non-Indexable","Redirected","0","0.372","https://irishealing.com/blog/how-to-deal-with-someone-who-is-bipolar-and-angry/","HTTP Redirect"
"https://irishealing.com/blog/what-is-bipolar-depression","text/html; charset=UTF-8","301","Moved Permanently","Non-Indexable","Redirected","0","0.500","https://irishealing.com/blog/what-is-bipolar-depression/","HTTP Redirect"
"https://irishealing.com/6-famous-people-with-ptsd-post-traumatic-stress-disorder/","text/html; charset=UTF-8","301","Moved Permanently","Non-Indexable","Redirected","2","0.383","https://irishealing.com/blog/6-famous-people-with-ptsd-post-traumatic-stress-disorder","HTTP Redirect"
"https://beckinstitute.org/about-beck/history-of-cognitive-therapy/","text/html; charset=UTF-8","301","Moved Permanently","Non-Indexable","Redirected","1","1.725","https://beckinstitute.org/about/intro-to-cbt/","HTTP Redirect"
"https://www.healthdirect.gov.au/amp/article/signs-mental-health-issue","text/plain; charset=utf-8","307","Temporary Redirect","Non-Indexable","Redirected","1","0.412","https://www.healthdirect.gov.au/not-found","HTTP Redirect"
"https://www.drugabuse.gov/drug-topics/addiction-science","text/html","301","Moved Permanently","Non-Indexable","Redirected","2","0.162","https://nida.nih.gov/drug-topics/addiction-science","HTTP Redirect"
"https://www.drugabuse.gov/drug-topics/trends-statistics/infographics/comorbidity-substance-use-other-mental-disorders","text/html","301","Moved Permanently","Non-Indexable","Redirected","2","0.156","https://nida.nih.gov/drug-topics/trends-statistics/infographics/comorbidity-substance-use-other-mental-disorders","HTTP Redirect"
"https://www.recoverymonth.gov/","text/html; charset=UTF-8","302","Redirect","Non-Indexable","Redirected","2","0.307","https://www.samhsa.gov/recovery-month","HTTP Redirect"
"https://irishealing.com/adderall-weight-loss/","text/html; charset=UTF-8","301","Moved Permanently","Non-Indexable","Redirected","1","0.504","https://irishealing.com/blog/adderall-weight-loss","HTTP Redirect"
"https://pubmed.ncbi.nlm.nih.gov/20715472/","text/html; charset=iso-8859-1","302","Found","Non-Indexable","Redirected","1","0.264","https://misuse.ncbi.nlm.nih.gov/error/abuse.shtml","HTTP Redirect"
"https://www.samhsa.gov/data/release/2019-national-survey-drug-use-and-health-nsduh-releases","text/html; charset=utf-8","301","Moved Permanently","Non-Indexable","Redirected","1","0.140","https://www.samhsa.gov/data/data-we-collect/nsduh-national-survey-drug-use-and-health/national-releases/2019","HTTP Redirect"
"https://www.merckmanuals.com/home/drugs/factors-affecting-response-to-drugs/overview-of-response-to-drugs","","301","Moved Permanently","Non-Indexable","Redirected","1","0.348","https://www.merckmanuals.com/home/drugs/factors-affecting-response-to-medications/overview-of-response-to-medications?autoredirectid=28467","HTTP Redirect"
"https://irishealing.com/therapies/","text/html; charset=UTF-8","301","Moved Permanently","Non-Indexable","Redirected","26","0.372","https://transferirishe.wpenginepowered.com/therapy-in-woodland-hills","HTTP Redirect"
"https://www.drugabuse.gov/publications/media-guide/science-drug-use-addiction-basics","text/html","301","Moved Permanently","Non-Indexable","Redirected","1","0.160","https://nida.nih.gov/publications/media-guide/science-drug-use-addiction-basics","HTTP Redirect"
"https://www.vera.org/state-of-justice-reform/2017/the-state-of-opioids","text/html; charset=UTF-8","301","Moved Permanently","Non-Indexable","Redirected","1","0.095","https://www.vera.org/news-and-stories","HTTP Redirect"
"https://www.drugpolicy.org/issues/making-economic-sense","text/html; charset=UTF-8","301","Moved Permanently","Non-Indexable","Redirected","1","0.454","https://drugpolicy.org/issues/making-economic-sense","HTTP Redirect"
"https://www.courts.ca.gov/documents/California_Story.pdf","","301","Moved Permanently","Non-Indexable","Redirected","1","0.278","https://courts.ca.gov/documents/California_Story.pdf","HTTP Redirect"
"http://www.justicepolicy.org/images/upload/10-06_FAC_ForImmediateRelease_PS-AC.pdf","","301","Moved Permanently","Non-Indexable","Redirected","1","0.041","https://www.justicepolicy.org/images/upload/10-06_FAC_ForImmediateRelease_PS-AC.pdf","HTTP Redirect"
"https://www.bjs.gov/content/reentry/recidivism.cfm","","301","Moved Permanently","Non-Indexable","Redirected","1","0.057","https://bjs.ojp.gov/","HTTP Redirect"
"https://www.relate.org.uk/relationship-help/help-relationships/communication/gaslighting-what-are-signs-and-how-can-it-be-addressed","text/html; charset=utf-8","302","Found","Non-Indexable","Redirected","2","0.153","https://www.relate.org.uk/get-help","HTTP Redirect"
"https://www.nafc.org/bhealth-blog/is-stress-contributing-to-your-incontinence","","301","Moved Permanently","Non-Indexable","Redirected","1","0.042","https://nafc.org/bhealth-blog/is-stress-contributing-to-your-incontinence","HTTP Redirect"
"https://www.ncbi.nlm.nih.gov/pmc/articles/PMC3214451/","text/html; charset=iso-8859-1","302","Found","Non-Indexable","Redirected","1","0.164","https://misuse.ncbi.nlm.nih.gov/error/abuse.shtml?orig_args=/pmc/articles/PMC3214451/&orig_host=www.ncbi.nlm.nih.gov","HTTP Redirect"
"https://www.ncbi.nlm.nih.gov/books/NBK519070/","text/html; charset=iso-8859-1","302","Found","Non-Indexable","Redirected","1","0.168","https://misuse.ncbi.nlm.nih.gov/error/abuse.shtml?orig_args=/books/NBK519070/&orig_host=www.ncbi.nlm.nih.gov","HTTP Redirect"
"https://irishealing.com/why-is-mental-health-important/","text/html; charset=UTF-8","301","Moved Permanently","Non-Indexable","Redirected","5","0.179","https://irishealing.com/blog/why-is-mental-health-important","HTTP Redirect"
"https://irishealing.com/alternative-therapies/","text/html; charset=UTF-8","301","Moved Permanently","Non-Indexable","Redirected","2","0.354","https://irishealing.com/","HTTP Redirect"
"https://irishealing.com/improve-mental-health/","text/html; charset=UTF-8","301","Moved Permanently","Non-Indexable","Redirected","11","0.686","https://irishealing.com/blog/improve-mental-health","HTTP Redirect"
"https://www.ncbi.nlm.nih.gov/pmc/articles/PMC4031577/","text/html; charset=iso-8859-1","302","Found","Non-Indexable","Redirected","1","0.274","https://misuse.ncbi.nlm.nih.gov/error/abuse.shtml?orig_args=/pmc/articles/PMC4031577/&orig_host=www.ncbi.nlm.nih.gov","HTTP Redirect"
"https://www.ncbi.nlm.nih.gov/pmc/articles/PMC5761040/","text/html; charset=iso-8859-1","302","Found","Non-Indexable","Redirected","1","0.165","https://misuse.ncbi.nlm.nih.gov/error/abuse.shtml?orig_args=/pmc/articles/PMC5761040/&orig_host=www.ncbi.nlm.nih.gov","HTTP Redirect"
"https://www.ata.org/understanding-facts/causes","text/html; charset=UTF-8","301","Moved Permanently","Non-Indexable","Redirected","1","0.464","https://www.ata.org/about-tinnitus/why-are-my-ears-ringing/causes/","HTTP Redirect"
"https://irishealing.com/eating-disorders-and-addiction/","text/html; charset=UTF-8","301","Moved Permanently","Non-Indexable","Redirected","6","0.408","https://irishealing.com/blog/eating-disorders-and-addiction","HTTP Redirect"
"https://irishealing.com/addiction-treatment-for-alcohol/","text/html; charset=UTF-8","301","Moved Permanently","Non-Indexable","Redirected","11","0.520","https://irishealing.com/addiction-treatment/alcohol-rehab-los-angeles/","HTTP Redirect"
"https://irishealing.com/trauma-the-forgotten-partner-of-substance-abuse-disorder/","text/html; charset=UTF-8","301","Moved Permanently","Non-Indexable","Redirected","2","0.449","https://irishealing.com/blog/trauma-the-forgotten-partner-of-substance-abuse-disorder","HTTP Redirect"
"https://irishealing.com/where-to-get-mental-health-help-in-california/","text/html; charset=UTF-8","301","Moved Permanently","Non-Indexable","Redirected","4","0.315","https://irishealing.com/blog/where-to-get-mental-health-help-in-california","HTTP Redirect"
"https://irishealing.com/rehab-for-depression-causes-cost/","text/html; charset=UTF-8","301","Moved Permanently","Non-Indexable","Redirected","9","0.319","https://irishealing.com/blog/rehab-for-depression-causes-cost","HTTP Redirect"
"https://www.ncbi.nlm.nih.gov/pmc/articles/PMC6642715/","text/html; charset=iso-8859-1","302","Found","Non-Indexable","Redirected","1","0.324","https://misuse.ncbi.nlm.nih.gov/error/abuse.shtml?orig_args=/pmc/articles/PMC6642715/&orig_host=www.ncbi.nlm.nih.gov","HTTP Redirect"
"https://www.womenshealth.gov/mental-health/mental-health-conditions/depression","text/html; charset=iso-8859-1","301","Moved Permanently","Non-Indexable","Redirected","1","0.274","https://womenshealth.gov/mental-health/mental-health-conditions/depression","HTTP Redirect"
"https://irishealing.com/national-recovery-month-in-september/","text/html; charset=UTF-8","301","Moved Permanently","Non-Indexable","Redirected","1","0.208","https://irishealing.com/blog/national-recovery-month-in-september","HTTP Redirect"
"https://irishealing.com/is-addiction-a-disease/","text/html; charset=UTF-8","301","Moved Permanently","Non-Indexable","Redirected","1","0.313","https://irishealing.com/blog/is-addiction-a-disease","HTTP Redirect"
"https://www.ncbi.nlm.nih.gov/pmc/articles/PMC3753023/","text/html; charset=iso-8859-1","302","Found","Non-Indexable","Redirected","2","0.301","https://misuse.ncbi.nlm.nih.gov/error/abuse.shtml?orig_args=/pmc/articles/PMC3753023/&orig_host=www.ncbi.nlm.nih.gov","HTTP Redirect"
"https://irishealing.com/what-are-the-rehab-12-steps/","text/html; charset=UTF-8","301","Moved Permanently","Non-Indexable","Redirected","5","0.520","https://irishealing.com/","HTTP Redirect"
"https://www.mayoclinic.org/drugs-supplements/clonazepam-oral-route/proper-use/drg-20072102","text/html; charset=utf-8","301","Moved Permanently","Non-Indexable","Redirected","1","0.440","https://www.mayoclinic.org/drugs-supplements/clonazepam-oral-route/description/drg-20072102","HTTP Redirect"
"https://www.ncbi.nlm.nih.gov/books/NBK207191/","text/html; charset=iso-8859-1","302","Found","Non-Indexable","Redirected","2","0.156","https://misuse.ncbi.nlm.nih.gov/error/abuse.shtml?orig_args=/books/NBK207191/&orig_host=www.ncbi.nlm.nih.gov","HTTP Redirect"
"https://www.ncbi.nlm.nih.gov/books/NBK546579/","text/html; charset=iso-8859-1","302","Found","Non-Indexable","Redirected","1","0.291","https://misuse.ncbi.nlm.nih.gov/error/abuse.shtml?orig_args=/books/NBK546579/&orig_host=www.ncbi.nlm.nih.gov","HTTP Redirect"
"https://pubmed.ncbi.nlm.nih.gov/9857496/","text/html; charset=iso-8859-1","302","Found","Non-Indexable","Redirected","1","0.173","https://misuse.ncbi.nlm.nih.gov/error/abuse.shtml","HTTP Redirect"
"https://online.epocrates.com/drugs/84502/Klonopin/Peds-Dosing","text/html","301","Moved Permanently","Non-Indexable","Redirected","1","0.296","https://www.epocrates.com/online/drugs/84502/Klonopin/Peds-Dosing","HTTP Redirect"
"https://online.epocrates.com/drugs/84501/Klonopin/Adult-Dosing","text/html","301","Moved Permanently","Non-Indexable","Redirected","1","0.297","https://www.epocrates.com/online/drugs/84501/Klonopin/Adult-Dosing","HTTP Redirect"
"https://www.planstreetinc.com/top-ten-reasons-why-mental-health-is-so-important/","","301","Moved Permanently","Non-Indexable","Redirected","1","0.037","https://planstreet.com/top-ten-reasons-why-mental-health-is-so-important/","HTTP Redirect"
"https://twitter.com/BebeRexha/status/1117838545538805761","text/html; charset=utf-8","301","Moved Permanently","Non-Indexable","Redirected","1","0.078","https://x.com/BebeRexha/status/1117838545538805761","HTTP Redirect"
"https://purpleclover.littlethings.com/health/3838-celebrity-breakdowns/item/francis-ford-coppola/","","301","Moved Permanently","Non-Indexable","Redirected","1","0.045","https://littlethings.com/health/3838-celebrity-breakdowns/item/francis-ford-coppola/","HTTP Redirect"
"https://www.cdc.gov/coronavirus/2019-ncov/index.html","text/html; charset=UTF-8","301","Moved Permanently","Non-Indexable","Redirected","2","0.116","https://www.cdc.gov/covid/index.html","HTTP Redirect"
"https://www.nimh.nih.gov/health/statistics/mental-illness.shtml","text/html; charset=UTF-8","301","https://www.nimh.nih.gov/health/statistics/mental-illness","Non-Indexable","Redirected","1","0.190","https://www.nimh.nih.gov/health/statistics/mental-illness","HTTP Redirect"
"https://irishealing.com/depression-and-addiction/","text/html; charset=UTF-8","301","Moved Permanently","Non-Indexable","Redirected","10","0.325","https://irishealing.com/blog/depression-and-addiction","HTTP Redirect"
"https://pubmed.ncbi.nlm.nih.gov/25226585/","text/html; charset=iso-8859-1","302","Found","Non-Indexable","Redirected","1","0.172","https://misuse.ncbi.nlm.nih.gov/error/abuse.shtml","HTTP Redirect"
"https://www.ncbi.nlm.nih.gov/pmc/articles/PMC2362500/","text/html; charset=iso-8859-1","302","Found","Non-Indexable","Redirected","1","0.264","https://misuse.ncbi.nlm.nih.gov/error/abuse.shtml?orig_args=/pmc/articles/PMC2362500/&orig_host=www.ncbi.nlm.nih.gov","HTTP Redirect"
"https://www.nimh.nih.gov/health/topics/depression/index.shtml","text/html; charset=UTF-8","301","https://www.nimh.nih.gov/health/topics/depression","Non-Indexable","Redirected","1","0.300","https://www.nimh.nih.gov/health/topics/depression","HTTP Redirect"
"https://www.mhanational.org/recognizing-warning-signs","text/html; charset=UTF-8","301","Moved Permanently","Non-Indexable","Redirected","1","0.280","https://mhanational.org/resources/mental-illness-and-the-family-recognizing-warning-signs-and-how-to-cope/","HTTP Redirect"
"https://strategicpsychology.com.au/effects-of-parental-anxiety-on-children/","text/html; charset=UTF-8","301","Moved Permanently","Non-Indexable","Redirected","1","1.033","https://strategicpsychology.com.au/resources/articles/effects-of-parental-anxiety-on-children/","HTTP Redirect"
"http://www.huffingtonpost.co.uk/priyam-sharma/meditation-stress_b_6393222.html","","301","Moved Permanently","Non-Indexable","Redirected","1","0.085","https://www.huffingtonpost.co.uk/priyam-sharma/meditation-stress_b_6393222.html","HTTP Redirect"
"https://www.apa.org/research/action/ptsd","text/html; charset=utf-8","301","Moved Permanently","Non-Indexable","Redirected","1","0.432","https://www.apa.org/topics/ptsd","HTTP Redirect"
"https://humanstress.ca/stress/trick-your-stress/steps-to-instant-stress-management","text/html; charset=UTF-8","301","Moved Permanently","Non-Indexable","Redirected","1","0.366","https://humanstress.ca/stress/trick-your-stress/steps-to-instant-stress-management/","HTTP Redirect"
"https://www.ncbi.nlm.nih.gov/pmc/articles/PMC5100715/","text/html; charset=iso-8859-1","302","Found","Non-Indexable","Redirected","1","0.161","https://misuse.ncbi.nlm.nih.gov/error/abuse.shtml?orig_args=/pmc/articles/PMC5100715/&orig_host=www.ncbi.nlm.nih.gov","HTTP Redirect"
"https://www.ncbi.nlm.nih.gov/pmc/articles/PMC4911408/","text/html; charset=iso-8859-1","302","Found","Non-Indexable","Redirected","1","0.157","https://misuse.ncbi.nlm.nih.gov/error/abuse.shtml?orig_args=/pmc/articles/PMC4911408/&orig_host=www.ncbi.nlm.nih.gov","HTTP Redirect"
"https://irishealing.com/neurofeedback-therapy-near-me/","text/html; charset=UTF-8","301","Moved Permanently","Non-Indexable","Redirected","3","0.712","https://irishealing.com/blog/neurofeedback-therapy-near-me","HTTP Redirect"
"https://sitn.hms.harvard.edu/flash/2017/brain-training-future-psychiatric-treatment/","text/html; charset=iso-8859-1","302","Found","Non-Indexable","Redirected","5","0.269","https://sites.harvard.edu/sitn/","HTTP Redirect"
"https://www.google.com/amp/s/www.news-medical.net/amp/health/What-is-the-Half-Life-of-a-Drug.aspx","text/html; charset=UTF-8","302","Found","Non-Indexable","Redirected","2","0.139","https://www.google.com/url?q=https://www.news-medical.net/amp/health/What-is-the-Half-Life-of-a-Drug.aspx","HTTP Redirect"
"https://irishealing.com/what-is-a-high-dose-of-klonopin/","text/html; charset=UTF-8","301","Moved Permanently","Non-Indexable","Redirected","1","0.311","https://irishealing.com/blog/what-is-a-high-dose-of-klonopin","HTTP Redirect"
"https://www.ncbi.nlm.nih.gov/pmc/articles/PMC181193/","text/html; charset=iso-8859-1","302","Found","Non-Indexable","Redirected","1","0.299","https://misuse.ncbi.nlm.nih.gov/error/abuse.shtml?orig_args=/pmc/articles/PMC181193/&orig_host=www.ncbi.nlm.nih.gov","HTTP Redirect"
"https://www.poisonhelp.org/help","text/html; charset=UTF-8","301","Moved Permanently","Non-Indexable","Redirected","1","0.526","https://www.poisonhelp.org/help/","HTTP Redirect"
"https://www.ncbi.nlm.nih.gov/pmc/articles/PMC5542678/","text/html; charset=iso-8859-1","302","Found","Non-Indexable","Redirected","1","0.158","https://misuse.ncbi.nlm.nih.gov/error/abuse.shtml?orig_args=/pmc/articles/PMC5542678/&orig_host=www.ncbi.nlm.nih.gov","HTTP Redirect"
"https://www.ncbi.nlm.nih.gov/pmc/articles/PMC7864313/","text/html; charset=iso-8859-1","302","Found","Non-Indexable","Redirected","1","0.159","https://misuse.ncbi.nlm.nih.gov/error/abuse.shtml?orig_args=/pmc/articles/PMC7864313/&orig_host=www.ncbi.nlm.nih.gov","HTTP Redirect"
"https://www.ncbi.nlm.nih.gov/pmc/articles/PMC4677006/","text/html; charset=iso-8859-1","302","Found","Non-Indexable","Redirected","1","0.157","https://misuse.ncbi.nlm.nih.gov/error/abuse.shtml?orig_args=/pmc/articles/PMC4677006/&orig_host=www.ncbi.nlm.nih.gov","HTTP Redirect"
"https://pubmed.ncbi.nlm.nih.gov/21938798/","text/html; charset=iso-8859-1","302","Found","Non-Indexable","Redirected","1","0.321","https://misuse.ncbi.nlm.nih.gov/error/abuse.shtml","HTTP Redirect"
"https://nida.nih.gov/publications/drugfacts/fentanyl","text/html; charset=utf-8","301","Moved Permanently","Non-Indexable","Redirected","2","0.064","https://nida.nih.gov/research-topics/fentanyl","HTTP Redirect"
"https://irishealing.com/rehab-for-mental-health-beneftis/","text/html; charset=UTF-8","301","Moved Permanently","Non-Indexable","Redirected","1","0.474","https://irishealing.com/blog/rehab-for-mental-health-beneftis","HTTP Redirect"
"https://irishealing.com/rehab-facility-step-by-step-guide/","text/html; charset=UTF-8","301","Moved Permanently","Non-Indexable","Redirected","1","0.296","https://irishealing.com/blog/rehab-facility-step-by-step-guide","HTTP Redirect"
"https://health.clevelandclinic.org/10-tips-for-choosing-a-rehab-facility/","","308","Permanent Redirect","Non-Indexable","Redirected","1","0.148","https://health.clevelandclinic.org/10-tips-for-choosing-a-rehab-facility","HTTP Redirect"
"https://www.ncbi.nlm.nih.gov/pmc/articles/PMC3257983/","text/html; charset=iso-8859-1","302","Found","Non-Indexable","Redirected","1","0.275","https://misuse.ncbi.nlm.nih.gov/error/abuse.shtml?orig_args=/pmc/articles/PMC3257983/&orig_host=www.ncbi.nlm.nih.gov","HTTP Redirect"
"https://www.ncbi.nlm.nih.gov/pmc/articles/PMC1272349/","text/html; charset=iso-8859-1","302","Found","Non-Indexable","Redirected","1","0.160","https://misuse.ncbi.nlm.nih.gov/error/abuse.shtml?orig_args=/pmc/articles/PMC1272349/&orig_host=www.ncbi.nlm.nih.gov","HTTP Redirect"
"https://www.ncbi.nlm.nih.gov/pmc/articles/PMC4065474/","text/html; charset=iso-8859-1","302","Found","Non-Indexable","Redirected","1","0.161","https://misuse.ncbi.nlm.nih.gov/error/abuse.shtml?orig_args=/pmc/articles/PMC4065474/&orig_host=www.ncbi.nlm.nih.gov","HTTP Redirect"
"https://www.hsph.harvard.edu/nutritionsource/healthy-drinks/drinks-to-consume-in-moderation/alcohol-full-story/","text/html; charset=utf-8","301","Moved Permanently","Non-Indexable","Redirected","2","0.268","https://nutritionsource.hsph.harvard.edu/healthy-drinks/drinks-to-consume-in-moderation/alcohol-full-story/","HTTP Redirect"
"https://nida.nih.gov/news-events/science-highlight/research-suggests-benzodiazepine-use-high-while-use-disorder-rates-are-low","text/html; charset=utf-8","301","Moved Permanently","Non-Indexable","Redirected","1","0.052","https://archives.nida.nih.gov/news-events/science-highlight/research-suggests-benzodiazepine-use-high-while-use-disorder-rates-are-low","HTTP Redirect"
"https://irishealing.com/klonopin-stay-in-your-system/","text/html; charset=UTF-8","301","Moved Permanently","Non-Indexable","Redirected","1","0.326","https://irishealing.com/blog/klonopin-stay-in-your-system","HTTP Redirect"
"https://irishealing.com/blog/alcoholism-genetic","text/html; charset=UTF-8","301","Moved Permanently","Non-Indexable","Redirected","0","0.513","https://irishealing.com/blog/alcoholism-genetic/","HTTP Redirect"
"https://irishealing.com/blog/why-do-people-drink-alcohol","text/html; charset=UTF-8","301","Moved Permanently","Non-Indexable","Redirected","0","0.521","https://irishealing.com/blog/why-do-people-drink-alcohol/","HTTP Redirect"
"https://irishealing.com/blog/addiction-in-tech-companies","text/html; charset=UTF-8","301","Moved Permanently","Non-Indexable","Redirected","0","0.520","https://irishealing.com/blog/addiction-in-tech-companies/","HTTP Redirect"
"https://irishealing.com/blog/addiction-in-the-c-suite","text/html; charset=UTF-8","301","Moved Permanently","Non-Indexable","Redirected","0","0.519","https://irishealing.com/blog/addiction-in-the-c-suite/","HTTP Redirect"
"https://irishealing.com/blog/cbt-therapy-addiction","text/html; charset=UTF-8","301","Moved Permanently","Non-Indexable","Redirected","0","0.333","https://irishealing.com/blog/cbt-therapy-addiction/","HTTP Redirect"
"https://www.ncbi.nlm.nih.gov/pmc/articles/PMC4056340/","text/html; charset=iso-8859-1","302","Found","Non-Indexable","Redirected","2","0.255","https://misuse.ncbi.nlm.nih.gov/error/abuse.shtml?orig_args=/pmc/articles/PMC4056340/&orig_host=www.ncbi.nlm.nih.gov","HTTP Redirect"
"https://irishealing.com/blog/medical-professionals-and-addiction","text/html; charset=UTF-8","301","Moved Permanently","Non-Indexable","Redirected","0","0.517","https://irishealing.com/blog/medical-professionals-and-addiction/","HTTP Redirect"
"https://irishealing.com/blog/sleep-disorders-and-addiction","text/html; charset=UTF-8","301","Moved Permanently","Non-Indexable","Redirected","0","0.513","https://irishealing.com/blog/sleep-disorders-and-addiction/","HTTP Redirect"
"https://irishealing.com/trauma-and-addiction-treatment/","text/html; charset=UTF-8","301","Moved Permanently","Non-Indexable","Redirected","33","0.542","https://irishealing.com/mental-health-treatment-los-angeles/trauma-ptsd/","HTTP Redirect"
"https://irishealing.com/dissociative-identity-disorder-symptoms-treatment-causes/","text/html; charset=UTF-8","301","Moved Permanently","Non-Indexable","Redirected","18","0.493","https://irishealing.com/blog/dissociative-identity-disorder-symptoms-treatment-causes","HTTP Redirect"
"https://www.niaaa.nih.gov/publications/brochures-and-fact-sheets/alcohol-facts-and-statistics","text/html; charset=utf-8","301","Moved Permanently","Non-Indexable","Redirected","6","0.409","https://www.niaaa.nih.gov/alcohols-effects-health/alcohol-topics/alcohol-facts-and-statistics","HTTP Redirect"
"https://www.niaaa.nih.gov/alcohols-effects-health/alcohol-use-disorder/genetics-alcohol-use-disorder","text/html; charset=utf-8","301","Moved Permanently","Non-Indexable","Redirected","2","0.480","https://www.niaaa.nih.gov/health-professionals-communities/core-resource-on-alcohol/risk-factors-varied-vulnerability-alcohol-related-harm","HTTP Redirect"
"https://irishealing.com/ways-of-treating-depression-without-drugs-or-medication","text/html; charset=UTF-8","301","Moved Permanently","Non-Indexable","Redirected","24","0.481","https://irishealing.com/blog/ways-of-treating-depression-without-drugs-or-medication","HTTP Redirect"
"https://pubmed.ncbi.nlm.nih.gov/26070763/","text/html; charset=iso-8859-1","302","Found","Non-Indexable","Redirected","1","0.304","https://misuse.ncbi.nlm.nih.gov/error/abuse.shtml","HTTP Redirect"
"https://thecreativemind.net/actors-and-addiction/","text/html; charset=utf-8","301","Moved Permanently","Non-Indexable","Redirected","1","0.124","https://thecreativemind.substack.com/archive?sort=new","HTTP Redirect"
"https://www.insider.com/dax-shepard-relapsed-sober-addiction-painkillers-2020-9","","308","redirects","Non-Indexable","Redirected","1","0.256","https://www.businessinsider.com/dax-shepard-relapsed-sober-addiction-painkillers-2020-9","HTTP Redirect"
"http://www.clarkgaither.com/how-job-burnout-is-related-to-alcohol-and-other-drug-abuse/","text/html; charset=iso-8859-1","301","Moved Permanently","Non-Indexable","Redirected","1","0.789","https://www.clarkgaither.com/how-job-burnout-is-related-to-alcohol-and-other-drug-abuse/","HTTP Redirect"
"https://www.history.com/news/judy-garland-barbiturates-hollywood-studio-drugs","","301","Moved Permanently","Non-Indexable","Redirected","1","0.094","https://www.history.com/articles/judy-garland-barbiturates-hollywood-studio-drugs","HTTP Redirect"
"https://www.ncbi.nlm.nih.gov/pmc/articles/PMC3356869/","text/html; charset=iso-8859-1","302","Found","Non-Indexable","Redirected","1","0.174","https://misuse.ncbi.nlm.nih.gov/error/abuse.shtml?orig_args=/pmc/articles/PMC3356869/&orig_host=www.ncbi.nlm.nih.gov","HTTP Redirect"
"https://www.ncbi.nlm.nih.gov/pmc/articles/PMC10503923/","text/html; charset=iso-8859-1","302","Found","Non-Indexable","Redirected","1","0.287","https://misuse.ncbi.nlm.nih.gov/error/abuse.shtml?orig_args=/pmc/articles/PMC10503923/&orig_host=www.ncbi.nlm.nih.gov","HTTP Redirect"
"https://irishealing.com/tms-side-effects/\","text/html; charset=UTF-8","301","Moved Permanently","Non-Indexable","Redirected","1","0.699","https://irishealing.com/","HTTP Redirect"
"https://irishealing.com/blog/neurofeedback-therapy-in-los-angeles-improve-your-brain","text/html; charset=UTF-8","301","Moved Permanently","Non-Indexable","Redirected","0","0.520","https://irishealing.com/blog/neurofeedback-therapy-in-los-angeles-improve-your-brain/","HTTP Redirect"
"https://irishealing.com/is-tms-effective-for-parkinsons/","text/html; charset=UTF-8","301","Moved Permanently","Non-Indexable","Redirected","5","0.515","https://transferirishe.wpenginepowered.com/tms-for-parkinsons/","HTTP Redirect"
"https://irishealing.com/tms-for-chronic-pain/","text/html; charset=UTF-8","301","Moved Permanently","Non-Indexable","Redirected","8","0.517","https://irishealing.com/","HTTP Redirect"
"https://irishealing.com/tms-therapy-and-mental-health/","text/html; charset=UTF-8","301","Moved Permanently","Non-Indexable","Redirected","6","0.489","https://irishealing.com/tms-los-angeles/","HTTP Redirect"
"https://irishealing.com/tms-devices/","text/html; charset=UTF-8","301","Moved Permanently","Non-Indexable","Redirected","5","0.519","https://irishealing.com/tms-los-angeles/","HTTP Redirect"
"https://irishealing.com/what-does-tms-therapy-treat/","text/html; charset=UTF-8","301","Moved Permanently","Non-Indexable","Redirected","5","0.517","https://irishealing.com/tms-los-angeles/","HTTP Redirect"
"https://irishealing.com/pros-and-cons-of-tms-therapy/","text/html; charset=UTF-8","301","Moved Permanently","Non-Indexable","Redirected","6","0.514","https://irishealing.com/tms-los-angeles/","HTTP Redirect"
"https://irishealing.com/tms-results/","text/html; charset=UTF-8","301","Moved Permanently","Non-Indexable","Redirected","6","0.396","https://irishealing.com/tms-los-angeles/","HTTP Redirect"
"https://irishealing.com/tms-therapy-cost/","text/html; charset=UTF-8","301","Moved Permanently","Non-Indexable","Redirected","6","0.294","https://irishealing.com/blog/tms-therapy-cost","HTTP Redirect"
"https://irishealing.com/what-is-tms/","text/html; charset=UTF-8","301","Moved Permanently","Non-Indexable","Redirected","5","0.354","https://irishealing.com/tms-los-angeles/","HTTP Redirect"
"https://irishealing.com/how-to-prepare-for-tms-therapy/","text/html; charset=UTF-8","301","Moved Permanently","Non-Indexable","Redirected","5","0.517","https://irishealing.com/","HTTP Redirect"
"https://irishealing.com/how-long-do-the-effects-of-tms-treatment-last/","text/html; charset=UTF-8","301","Moved Permanently","Non-Indexable","Redirected","7","0.520","https://irishealing.com/","HTTP Redirect"
"https://irishealing.com/how-many-tms-treatments-are-needed/","text/html; charset=UTF-8","301","Moved Permanently","Non-Indexable","Redirected","5","0.498","https://irishealing.com/","HTTP Redirect"
"https://irishealing.com/repetitive-transcranial-magnetic-stimulation-rtms/","text/html; charset=UTF-8","301","Moved Permanently","Non-Indexable","Redirected","8","0.479","https://irishealing.com/tms-los-angeles/","HTTP Redirect"
"https://irishealing.com/tms-for-schizophrenia/","text/html; charset=UTF-8","301","Moved Permanently","Non-Indexable","Redirected","9","0.333","https://irishealing.com/blog/tms-for-schizophrenia","HTTP Redirect"
"https://irishealing.com/tms-for-addiction/","text/html; charset=UTF-8","301","Moved Permanently","Non-Indexable","Redirected","5","0.337","https://irishealing.com/tms-los-angeles/","HTTP Redirect"
"https://irishealing.com/tms-medicare-coverage/","text/html; charset=UTF-8","301","Moved Permanently","Non-Indexable","Redirected","5","0.478","https://irishealing.com/blog/tms-medicare-coverage","HTTP Redirect"
"https://irishealing.com/tms-for-depression-treatment/","text/html; charset=UTF-8","301","Moved Permanently","Non-Indexable","Redirected","9","0.475","https://irishealing.com/tms-los-angeles/","HTTP Redirect"
"https://irishealing.com/tms-for-ocd/","text/html; charset=UTF-8","301","Moved Permanently","Non-Indexable","Redirected","9","0.516","https://irishealing.com/tms-los-angeles/","HTTP Redirect"
"https://irishealing.com/blog/iris-healing-retreat-accredited-joint-commission","text/html; charset=UTF-8","301","Moved Permanently","Non-Indexable","Redirected","0","0.452","https://irishealing.com/blog/iris-healing-retreat-accredited-joint-commission/","HTTP Redirect"
"http://www.hhs.gov/ocr/privacy/hipaa/understanding/consumers/index.html","","301","Moved Permanently","Non-Indexable","Redirected","1","0.077","https://www.hhs.gov/ocr/privacy/hipaa/understanding/consumers/index.html","HTTP Redirect"
"http://www.hhs.gov/ocr/privacy/hipaa/understanding/consumers/noticepp.html","","301","Moved Permanently","Non-Indexable","Redirected","1","0.132","https://www.hhs.gov/ocr/privacy/hipaa/understanding/consumers/noticepp.html","HTTP Redirect"
"http://consumercal.org/california-online-privacy-protection-act-caloppa/","text/html","301","Moved Permanently","Non-Indexable","Redirected","1","0.075","https://consumercal.org/california-online-privacy-protection-act-caloppa/","HTTP Redirect"
"https://irishealing.com/blog/wellness-retreats-for-depression-after-divorce","text/html; charset=UTF-8","301","Moved Permanently","Non-Indexable","Redirected","0","0.343","https://irishealing.com/blog/wellness-retreats-for-depression-after-divorce/","HTTP Redirect"
"https://support.google.com/adwordspolicy/answer/1316548?hl=en","text/html; charset=UTF-8","301","Moved Permanently","Non-Indexable","Redirected","1","0.185","https://support.google.com/adspolicy/answer/1316548?hl=en","HTTP Redirect"
"https://irishealing.com/cannabis-induced-psychosis/","text/html; charset=UTF-8","301","Moved Permanently","Non-Indexable","Redirected","2","0.443","https://irishealing.com/blog/cannabis-induced-psychosis","HTTP Redirect"
"https://www.healthline.com/health/depression/cognitive-behavioral-therapy","text/html; charset=utf-8","301","Moved Permanently","Non-Indexable","Redirected","1","0.181","https://www.healthline.com/health/behavioral-therapy","HTTP Redirect"
"https://irishealing.com/blog/soothe-your-mind-at-a-co-occurring-disorder-center","text/html; charset=UTF-8","301","Moved Permanently","Non-Indexable","Redirected","0","0.370","https://irishealing.com/blog/soothe-your-mind-at-a-co-occurring-disorder-center/","HTTP Redirect"
"https://irishealing.com/blog/relapse-prevention-and-recovery","text/html; charset=UTF-8","301","Moved Permanently","Non-Indexable","Redirected","1","0.483","https://irishealing.com/blog/relapse-prevention-and-recovery/","HTTP Redirect"
"https://irishealing.com/detox/","text/html; charset=UTF-8","301","Moved Permanently","Non-Indexable","Redirected","5","0.548","https://irishealing.com/detox-in-los-angeles/","HTTP Redirect"
"https://irishealing.com/our-programs/residential-treatment/","text/html; charset=UTF-8","301","Moved Permanently","Non-Indexable","Redirected","1","0.409","https://irishealing.com/outpatient-rehab-los-angeles/","HTTP Redirect"
"http://www.nacbt.org/whatiscbt-htm/","","301","Moved Permanently","Non-Indexable","Redirected","1","0.043","https://www.nacbt.org/whatiscbt-htm/","HTTP Redirect"
"https://irishealing.com/treatment/addiction-counseling/","text/html; charset=UTF-8","301","Moved Permanently","Non-Indexable","Redirected","8","0.523","https://irishealing.com/addiction-counseling/","HTTP Redirect"
"https://irishealing.com/cupping-therapy/","text/html; charset=UTF-8","301","Moved Permanently","Non-Indexable","Redirected","2","0.519","https://irishealing.com/","HTTP Redirect"
"https://irishealing.com/equine-therapy/","text/html; charset=UTF-8","301","Moved Permanently","Non-Indexable","Redirected","1","0.409","https://irishealing.com/","HTTP Redirect"
"https://www.ncbi.nlm.nih.gov/pmc/articles/PMC3584580/","text/html; charset=iso-8859-1","302","Found","Non-Indexable","Redirected","1","0.151","https://misuse.ncbi.nlm.nih.gov/error/abuse.shtml?orig_args=/pmc/articles/PMC3584580/&orig_host=www.ncbi.nlm.nih.gov","HTTP Redirect"
"http://www.mdft.org/Resources/Case-studies","","301","Moved Permanently","Non-Indexable","Redirected","1","0.092","https://www.mdft.org/Resources/Case-studies","HTTP Redirect"
"http://www.mdft.org/Effectiveness","","301","Moved Permanently","Non-Indexable","Redirected","1","0.148","https://www.mdft.org/Effectiveness","HTTP Redirect"
"https://irishealing.com/resources/blog/","text/html; charset=UTF-8","301","Moved Permanently","Non-Indexable","Redirected","1","0.347","https://irishealing.com/blog/","HTTP Redirect"
"https://irishealing.com/blog/mdma-rehab","text/html; charset=UTF-8","301","Moved Permanently","Non-Indexable","Redirected","0","0.373","https://irishealing.com/blog/mdma-rehab/","HTTP Redirect"
"https://irishealing.com/blog/xanax-in-your-system","text/html; charset=UTF-8","301","Moved Permanently","Non-Indexable","Redirected","0","0.429","https://irishealing.com/blog/xanax-in-your-system/","HTTP Redirect"
"https://irishealing.com/medication-assisted-treatment","text/html; charset=UTF-8","301","Moved Permanently","Non-Indexable","Redirected","1","0.345","https://irishealing.com/medication-assisted-treatment/","HTTP Redirect"
"https://pubmed.ncbi.nlm.nih.gov/9398925/","text/html; charset=iso-8859-1","302","Found","Non-Indexable","Redirected","1","0.318","https://misuse.ncbi.nlm.nih.gov/error/abuse.shtml","HTTP Redirect"
"http://socialwork.buffalo.edu/social-research/institutes-centers/institute-on-trauma-and-trauma-informed-care/what-is-trauma-informed-care.html","","301","Moved Permanently","Non-Indexable","Redirected","1","0.047","https://socialwork.buffalo.edu/social-research/institutes-centers/institute-on-trauma-and-trauma-informed-care/what-is-trauma-informed-care.html","HTTP Redirect"
"https://pubmed.ncbi.nlm.nih.gov/9401336/","text/html; charset=iso-8859-1","302","Found","Non-Indexable","Redirected","1","0.165","https://misuse.ncbi.nlm.nih.gov/error/abuse.shtml","HTTP Redirect"
"https://www.nasmhpd.org/sites/default/files/SAMHSA_Concept_of_Trauma_and_Guidance.pdf","text/html; charset=UTF-8","301","Moved Permanently","Non-Indexable","Redirected","1","0.258","https://nasmhpd.org/sites/default/files/SAMHSA_Concept_of_Trauma_and_Guidance.pdf","HTTP Redirect"
"https://irishealing.com/blog/what-causes-depression","text/html; charset=UTF-8","301","Moved Permanently","Non-Indexable","Redirected","0","0.198","https://irishealing.com/blog/what-causes-depression/","HTTP Redirect"
"https://irishealing.com/blog/dangers-of-mixing-opioids-alcohol","text/html; charset=UTF-8","301","Moved Permanently","Non-Indexable","Redirected","0","0.364","https://irishealing.com/blog/dangers-of-mixing-opioids-alcohol/","HTTP Redirect"
"https://irishealing.com/blog/benzos-and-alcohol","text/html; charset=UTF-8","301","Moved Permanently","Non-Indexable","Redirected","0","0.352","https://irishealing.com/blog/benzos-and-alcohol/","HTTP Redirect"
"https://irishealing.com/blog/stimulants-and-alcohol","text/html; charset=UTF-8","301","Moved Permanently","Non-Indexable","Redirected","0","0.472","https://irishealing.com/blog/stimulants-and-alcohol/","HTTP Redirect"
"https://irishealing.com/blog/bipolar-disorder-and-addiction","text/html; charset=UTF-8","301","Moved Permanently","Non-Indexable","Redirected","0","0.432","https://irishealing.com/blog/bipolar-disorder-and-addiction/","HTTP Redirect"
"https://irishealing.com/blog/ways-of-treating-depression-without-drugs-or-medication","text/html; charset=UTF-8","301","Moved Permanently","Non-Indexable","Redirected","0","0.476","https://irishealing.com/blog/ways-of-treating-depression-without-drugs-or-medication/","HTTP Redirect"
"https://irishealing.com/blog/help-someone-with-depression","text/html; charset=UTF-8","301","Moved Permanently","Non-Indexable","Redirected","0","0.357","https://irishealing.com/blog/help-someone-with-depression/","HTTP Redirect"
"https://www.helpguide.org/articles/anxiety/therapy-for-anxiety-disorders.htm","text/html; charset=UTF-8","301","Moved Permanently","Non-Indexable","Redirected","1","0.597","https://www.helpguide.org/mental-health/treatment/therapy-for-anxiety-disorders","HTTP Redirect"
"https://www.nimh.nih.gov/health/statistics/personality-disorders.shtml","text/html; charset=UTF-8","301","https://www.nimh.nih.gov/health/statistics/personality-disorders","Non-Indexable","Redirected","1","0.308","https://www.nimh.nih.gov/health/statistics/personality-disorders","HTTP Redirect"
"https://psychiatry.org/patients-families/bipolar-disorders/what-are-bipolar-disorders","","301","Moved Permanently","Non-Indexable","Redirected","1","0.043","https://www.psychiatry.org/patients-families/bipolar-disorders/what-are-bipolar-disorders","HTTP Redirect"
"https://www.ncbi.nlm.nih.gov/pmc/articles/PMC4187105/","text/html; charset=iso-8859-1","302","Found","Non-Indexable","Redirected","1","0.283","https://misuse.ncbi.nlm.nih.gov/error/abuse.shtml?orig_args=/pmc/articles/PMC4187105/&orig_host=www.ncbi.nlm.nih.gov","HTTP Redirect"
"https://www.webmd.com/bipolar-disorder/guide/cyclothymia-cyclothymic-disorder","","301","Moved Permanently","Non-Indexable","Redirected","1","0.378","https://www.webmd.com/bipolar-disorder/cyclothymia-cyclothymic-disorder","HTTP Redirect"
"https://www.ncbi.nlm.nih.gov/pmc/articles/PMC5167075/","text/html; charset=iso-8859-1","302","Found","Non-Indexable","Redirected","1","0.160","https://misuse.ncbi.nlm.nih.gov/error/abuse.shtml?orig_args=/pmc/articles/PMC5167075/&orig_host=www.ncbi.nlm.nih.gov","HTTP Redirect"
"https://www.ncbi.nlm.nih.gov/pmc/articles/PMC6220434/","text/html; charset=iso-8859-1","302","Found","Non-Indexable","Redirected","1","0.153","https://misuse.ncbi.nlm.nih.gov/error/abuse.shtml?orig_args=/pmc/articles/PMC6220434/&orig_host=www.ncbi.nlm.nih.gov","HTTP Redirect"
"https://www.ncbi.nlm.nih.gov/pmc/articles/PMC4400203/","text/html; charset=iso-8859-1","302","Found","Non-Indexable","Redirected","1","0.273","https://misuse.ncbi.nlm.nih.gov/error/abuse.shtml?orig_args=/pmc/articles/PMC4400203/&orig_host=www.ncbi.nlm.nih.gov","HTTP Redirect"
"https://irishealing.com/mental-illness-test/","text/html; charset=UTF-8","301","Moved Permanently","Non-Indexable","Redirected","4","0.516","https://irishealing.com/blog/mental-illness-test","HTTP Redirect"
"http://psycnet.apa.org/doiLanding?doi=10.2975%2F26.2003.377.384","text/html","301","Moved Permanently","Non-Indexable","Redirected","1","0.249","https://psycnet.apa.org/doiLanding?doi=10.2975%2F26.2003.377.384","HTTP Redirect"
"https://irishealing.com/what-are-the-5-stages-of-addiction-drugs-alcohol/","text/html; charset=UTF-8","301","Moved Permanently","Non-Indexable","Redirected","4","0.482","https://irishealing.com/blog/what-are-the-5-stages-of-addiction-drugs-alcohol","HTTP Redirect"
"https://www.ncbi.nlm.nih.gov/pmc/articles/PMC3466083/","text/html; charset=iso-8859-1","302","Found","Non-Indexable","Redirected","2","0.299","https://misuse.ncbi.nlm.nih.gov/error/abuse.shtml?orig_args=/pmc/articles/PMC3466083/&orig_host=www.ncbi.nlm.nih.gov","HTTP Redirect"
"https://psychiatry.org/patients-families/depression/what-is-depression","","301","Moved Permanently","Non-Indexable","Redirected","1","0.247","https://www.psychiatry.org/patients-families/depression/what-is-depression","HTTP Redirect"
"https://www.nhs.uk/conditions/attention-deficit-hyperactivity-disorder-adhd/","","301","Moved Permanently","Non-Indexable","Redirected","1","0.126","https://www.nhs.uk/conditions/adhd-children-teenagers/","HTTP Redirect"
"https://www.rxlist.com/benadryl-side-effects-drug-center.htm","","301","Moved Permanently","Non-Indexable","Redirected","1","0.212","https://www.rxlist.com/benadryl-drug.htm","HTTP Redirect"
"https://www.medicinenet.com/diphenhydramine-oral/article.htm","","301","Moved Permanently","Non-Indexable","Redirected","1","0.176","https://www.rxlist.com/benadryl-drug.htm","HTTP Redirect"
"https://www.samhsa.gov/medications-substance-use-disorders/medications-counseling-related-conditions/co-occurring-disorders","text/html; charset=utf-8","301","Moved Permanently","Non-Indexable","Redirected","2","0.203","https://www.samhsa.gov/substance-use/treatment/co-occurring-disorders","HTTP Redirect"
"https://www.ncbi.nlm.nih.gov/books/NBK284791/","text/html; charset=iso-8859-1","302","Found","Non-Indexable","Redirected","1","0.172","https://misuse.ncbi.nlm.nih.gov/error/abuse.shtml?orig_args=/books/NBK284791/&orig_host=www.ncbi.nlm.nih.gov","HTTP Redirect"
"https://irishealing.com/about/iris-healing-team/","text/html; charset=UTF-8","301","Moved Permanently","Non-Indexable","Redirected","4","0.544","https://irishealing.com/","HTTP Redirect"
"https://www.drugabuse.gov/publications/drugs-brains-behavior-science-addiction/drug-misuse-addiction","text/html","301","Moved Permanently","Non-Indexable","Redirected","1","0.259","https://nida.nih.gov/publications/drugs-brains-behavior-science-addiction/drug-misuse-addiction","HTTP Redirect"
"https://www.womenshealth.gov/relationships-and-safety/other-types/emotional-and-verbal-abuse","text/html; charset=iso-8859-1","301","Moved Permanently","Non-Indexable","Redirected","2","0.218","https://womenshealth.gov/relationships-and-safety/other-types/emotional-and-verbal-abuse","HTTP Redirect"
"https://irishealing.com/schizoaffective-disorder-and-addiction/","text/html; charset=UTF-8","301","Moved Permanently","Non-Indexable","Redirected","2","0.300","https://irishealing.com/blog/schizoaffective-disorder-and-addiction","HTTP Redirect"
"https://www.ncbi.nlm.nih.gov/pmc/articles/PMC2904966/","text/html; charset=iso-8859-1","302","Found","Non-Indexable","Redirected","1","0.149","https://misuse.ncbi.nlm.nih.gov/error/abuse.shtml?orig_args=/pmc/articles/PMC2904966/&orig_host=www.ncbi.nlm.nih.gov","HTTP Redirect"
"https://irishealing.com/staff/","text/html; charset=UTF-8","301","Moved Permanently","Non-Indexable","Redirected","8","0.513","https://transferirishe.wpenginepowered.com/iris-healing-team/","HTTP Redirect"
"https://irishealing.com/when-is-mental-health-awareness-month/","text/html; charset=UTF-8","301","Moved Permanently","Non-Indexable","Redirected","1","0.455","https://irishealing.com/blog/when-is-mental-health-awareness-month","HTTP Redirect"
"https://www.frontiersin.org/articles/10.3389/fpsyt.2020.540022/full","text/html","301","Moved Permanently","Non-Indexable","Redirected","1","0.347","https://www.frontiersin.org/journals/psychiatry/articles/10.3389/fpsyt.2020.540022/full","HTTP Redirect"
"https://irishealing.com/drug-and-alcohol-rehabs-near-me-advantages-disadvantages/","text/html; charset=UTF-8","301","Moved Permanently","Non-Indexable","Redirected","1","0.497","https://irishealing.com/blog/drug-and-alcohol-rehabs-near-me-advantages-disadvantages","HTTP Redirect"
"https://www.ncbi.nlm.nih.gov/pmc/articles/PMC4354220/","text/html; charset=iso-8859-1","302","Found","Non-Indexable","Redirected","2","0.309","https://misuse.ncbi.nlm.nih.gov/error/abuse.shtml?orig_args=/pmc/articles/PMC4354220/&orig_host=www.ncbi.nlm.nih.gov","HTTP Redirect"
"https://www.ncbi.nlm.nih.gov/books/NBK310652/","text/html; charset=iso-8859-1","302","Found","Non-Indexable","Redirected","3","0.317","https://misuse.ncbi.nlm.nih.gov/error/abuse.shtml?orig_args=/books/NBK310652/&orig_host=www.ncbi.nlm.nih.gov","HTTP Redirect"
"https://www.drugabuse.gov/publications/research-reports/methamphetamine/what-are-immediate-short-term-effects-methamphetamine-misuse","text/html","301","Moved Permanently","Non-Indexable","Redirected","2","0.156","https://nida.nih.gov/publications/research-reports/methamphetamine/what-are-immediate-short-term-effects-methamphetamine-misuse","HTTP Redirect"
"https://www.drugabuse.gov/publications/research-reports/methamphetamine/what-are-long-term-effects-methamphetamine-misuse","text/html","301","Moved Permanently","Non-Indexable","Redirected","2","0.163","https://nida.nih.gov/publications/research-reports/methamphetamine/what-are-long-term-effects-methamphetamine-misuse","HTTP Redirect"
"https://www.drugabuse.gov/about-nida/organization/divisions/division-epidemiology-services-prevention-research-despr/community-epidemiology-work-group-cewg","text/html","301","Moved Permanently","Non-Indexable","Redirected","2","0.162","https://nida.nih.gov/about-nida/organization/divisions/division-epidemiology-services-prevention-research-despr/community-epidemiology-work-group-cewg","HTTP Redirect"
"https://www.ncbi.nlm.nih.gov/pmc/articles/PMC3725219/","text/html; charset=iso-8859-1","302","Found","Non-Indexable","Redirected","1","0.156","https://misuse.ncbi.nlm.nih.gov/error/abuse.shtml?orig_args=/pmc/articles/PMC3725219/&orig_host=www.ncbi.nlm.nih.gov","HTTP Redirect"
"https://www.helpguide.org/articles/ptsd-trauma/coping-with-emotional-and-psychological-trauma.htm","text/html; charset=UTF-8","301","Moved Permanently","Non-Indexable","Redirected","1","0.643","https://www.helpguide.org/mental-health/ptsd-trauma/coping-with-emotional-and-psychological-trauma","HTTP Redirect"
"https://www.ncbi.nlm.nih.gov/pmc/articles/PMC3193654/","text/html; charset=iso-8859-1","302","Found","Non-Indexable","Redirected","1","0.300","https://misuse.ncbi.nlm.nih.gov/error/abuse.shtml?orig_args=/pmc/articles/PMC3193654/&orig_host=www.ncbi.nlm.nih.gov","HTTP Redirect"
"https://irishealing.com/using-mindfulness-in-spiritual-rehabilitation-retreats/","text/html; charset=UTF-8","301","Moved Permanently","Non-Indexable","Redirected","2","0.306","https://irishealing.com/blog/using-mindfulness-in-spiritual-rehabilitation-retreats","HTTP Redirect"
"https://irishealing.com/yoga-for-addiction-recovery/","text/html; charset=UTF-8","301","Moved Permanently","Non-Indexable","Redirected","1","0.371","https://irishealing.com/","HTTP Redirect"
"https://irishealing.com/massage-therapy/","text/html; charset=UTF-8","301","Moved Permanently","Non-Indexable","Redirected","4","0.328","https://irishealing.com/","HTTP Redirect"
"https://irishealing.com/detox-retreat/","text/html; charset=UTF-8","301","Moved Permanently","Non-Indexable","Redirected","5","0.310","https://irishealing.com/","HTTP Redirect"
"https://irishealing.com/what-are-rehab-and-wellness-centers/","text/html; charset=UTF-8","301","Moved Permanently","Non-Indexable","Redirected","1","0.516","https://transferirishe.wpenginepowered.com/what-is-a-rehab-center/","HTTP Redirect"
"https://pubmed.ncbi.nlm.nih.gov/17532734/","text/html; charset=iso-8859-1","302","Found","Non-Indexable","Redirected","1","0.178","https://misuse.ncbi.nlm.nih.gov/error/abuse.shtml","HTTP Redirect"
"https://irishealing.com/signs-of-depression-in-teens/","text/html; charset=UTF-8","301","Moved Permanently","Non-Indexable","Redirected","2","0.330","https://irishealing.com/blog/signs-of-depression-in-teens","HTTP Redirect"
"https://www.health.harvard.edu/a_to_z/alcohol-withdrawal-a-to-z","text/html; charset=utf-8","301","Moved Permanently","Non-Indexable","Redirected","2","0.222","https://www.health.harvard.edu/diseases-and-conditions/alcohol-withdrawal-a-to-z","HTTP Redirect"
"https://www.medscape.com/answers/166032-46098/what-is-the-mortality-rate-for-delirium-tremens-dts","text/html","301","Moved Permanently","Non-Indexable","Redirected","1","0.254","https://emedicine.medscape.com/article/166032-overview","HTTP Redirect"
"https://www.nimh.nih.gov/health/statistics/major-depression.shtml","text/html; charset=UTF-8","301","https://www.nimh.nih.gov/health/statistics/major-depression","Non-Indexable","Redirected","1","0.184","https://www.nimh.nih.gov/health/statistics/major-depression","HTTP Redirect"
"http://scopeblog.stanford.edu/2016/12/05/the-health-effects-of-legalizing-marijuana-a-qa-with-a-stanford-drug-policy-specialist/","text/html","301","Moved Permanently","Non-Indexable","Redirected","1","0.237","https://med.stanford.edu/news/insights/2016/12/the-health-effects-of-legalizing-marijuana-a-qa-with-a-stanford-drug-policy-specialist/","HTTP Redirect"
"https://www.ncbi.nlm.nih.gov/books/NBK235506/","text/html; charset=iso-8859-1","302","Found","Non-Indexable","Redirected","1","0.158","https://misuse.ncbi.nlm.nih.gov/error/abuse.shtml?orig_args=/books/NBK235506/&orig_host=www.ncbi.nlm.nih.gov","HTTP Redirect"
"https://www.ncbi.nlm.nih.gov/pmc/articles/PMC3811087/","text/html; charset=iso-8859-1","302","Found","Non-Indexable","Redirected","1","0.268","https://misuse.ncbi.nlm.nih.gov/error/abuse.shtml?orig_args=/pmc/articles/PMC3811087/&orig_host=www.ncbi.nlm.nih.gov","HTTP Redirect"
"https://irishealing.com/emotional-abuse/","text/html; charset=UTF-8","301","Moved Permanently","Non-Indexable","Redirected","3","0.354","https://irishealing.com/blog/emotional-abuse","HTTP Redirect"
"https://www.nature.com/articles/s41598-020-60819-4","text/html","303","See Other","Non-Indexable","Redirected","1","0.220","https://idp.nature.com/authorize?response_type=cookie&client_id=grover&redirect_uri=https%3A%2F%2Fwww.nature.com%2Farticles%2Fs41598-020-60819-4","HTTP Redirect"
"https://www.helpguide.org/articles/mental-health/social-media-and-mental-health.htm","text/html; charset=UTF-8","301","Moved Permanently","Non-Indexable","Redirected","1","0.794","https://www.helpguide.org/mental-health/wellbeing/social-media-and-mental-health","HTTP Redirect"
"https://zoom.us/","text/html","301","Moved Permanently","Non-Indexable","Redirected","1","0.045","https://www.zoom.com/","HTTP Redirect"
"https://www.drugabuse.gov/publications/research-reports/common-comorbidities-substance-use-disorders/part-1-connection-between-substance-use-disorders-mental-illness","text/html","301","Moved Permanently","Non-Indexable","Redirected","2","0.156","https://nida.nih.gov/publications/research-reports/common-comorbidities-substance-use-disorders/part-1-connection-between-substance-use-disorders-mental-illness","HTTP Redirect"
"https://www.webmd.com/schizophrenia/guide/what-is-psychosis","","301","Moved Permanently","Non-Indexable","Redirected","1","0.233","https://www.webmd.com/schizophrenia/what-is-psychosis","HTTP Redirect"
"https://www.ncbi.nlm.nih.gov/pubmed/27574527/","text/html; charset=iso-8859-1","302","Found","Non-Indexable","Redirected","1","0.285","https://misuse.ncbi.nlm.nih.gov/error/abuse.shtml?orig_args=/pubmed/27574527/&orig_host=www.ncbi.nlm.nih.gov","HTTP Redirect"
"https://www.ncbi.nlm.nih.gov/pmc/articles/PMC2669586/","text/html; charset=iso-8859-1","302","Found","Non-Indexable","Redirected","1","0.161","https://misuse.ncbi.nlm.nih.gov/error/abuse.shtml?orig_args=/pmc/articles/PMC2669586/&orig_host=www.ncbi.nlm.nih.gov","HTTP Redirect"
"https://www.health.harvard.edu/staying-healthy/what-meditation-can-do-for-your-mind-mood-and-health-","text/html; charset=utf-8","301","Moved Permanently","Non-Indexable","Redirected","1","0.224","https://www.health.harvard.edu/healthy-aging-and-longevity/what-meditation-can-do-for-your-mind-mood-and-health-","HTTP Redirect"
"https://www.nimh.nih.gov/health/topics/substance-use-and-mental-health/index.shtml","text/html; charset=UTF-8","301","https://www.nimh.nih.gov/health/topics/substance-use-and-mental-health","Non-Indexable","Redirected","1","0.203","https://www.nimh.nih.gov/health/topics/substance-use-and-mental-health","HTTP Redirect"
"https://irishealing.com/brainspotting-vs-emdr/","text/html; charset=UTF-8","301","Moved Permanently","Non-Indexable","Redirected","1","0.428","https://irishealing.com/blog/risks-side-effects-of-brainspotting/","HTTP Redirect"
"https://dana.org/article/the-eyes-are-windows-into-the-brain/","text/html; charset=UTF-8","301","Moved Permanently","Non-Indexable","Redirected","1","0.450","https://dana.org/news-and-insights/","HTTP Redirect"
"https://irishealing.com/brainspotting-therapy-near-me/","text/html; charset=UTF-8","301","Moved Permanently","Non-Indexable","Redirected","2","0.474","https://irishealing.com/","HTTP Redirect"
"https://www.bowlero.com/location/bowlero-woodland-hills","","301","Moved Permanently","Non-Indexable","Redirected","1","0.232","https://www.luckystrikeent.com/location/lucky-strike-woodland-hills","HTTP Redirect"
"https://www.homes4families.org/about-us/contact/","text/html; charset=UTF-8","301","Moved Permanently","Non-Indexable","Redirected","1","0.080","https://homes4families.org/contact/","HTTP Redirect"
"http://laparks.org/dos/parks/parks.htm","text/html","301","Moved Permanently","Non-Indexable","Redirected","1","0.235","https://laparks.org/dos/parks/parks.htm","HTTP Redirect"
"https://www.laparks.org/park/warner-warner-ranch","text/html","301","Moved Permanently","Non-Indexable","Redirected","1","0.364","https://recreation.parks.lacity.gov/park/warner-warner-ranch","HTTP Redirect"
"https://www.laparks.org/aquatic/summer/woodland-hills-pool","text/html","301","Moved Permanently","Non-Indexable","Redirected","1","0.364","https://recreation.parks.lacity.gov/aquatic/summer/woodland-hills-pool","HTTP Redirect"
"https://www.laparks.org/park/serrania","text/html","301","Moved Permanently","Non-Indexable","Redirected","1","0.218","https://recreation.parks.lacity.gov/park/serrania","HTTP Redirect"
"https://www.valleycultural.org/","text/html; charset=UTF-8","301","Moved Permanently","Non-Indexable","Redirected","1","0.830","https://valleycultural.org/","HTTP Redirect"
"https://www.laparks.org/reccenter/woodland-hills","text/html","301","Moved Permanently","Non-Indexable","Redirected","1","0.326","https://recreation.parks.lacity.gov/reccenter/woodland-hills","HTTP Redirect"
"http://kokoroexhibits.com/","text/html","301","Moved Permanently","Non-Indexable","Redirected","1","0.094","https://kokoroexhibits.com/","HTTP Redirect"
"https://irishealing.com/sentencing-alternatives-treatment-vs-incarceration-for-drug-offenders/","text/html; charset=UTF-8","301","Moved Permanently","Non-Indexable","Redirected","1","0.454","https://irishealing.com/blog/sentencing-alternatives-treatment-vs-incarceration-for-drug-offenders","HTTP Redirect"
"https://irishealing.com/the-dr-bryant-foundation-honored-dr-elena-kapustina-ceo-and-founder-of-iris-healing-with-their-annual-phenomenal-woman-award/","text/html; charset=UTF-8","301","Moved Permanently","Non-Indexable","Redirected","1","0.430","https://transferirishe.wpenginepowered.com/elena-kapustina-was-honored/","HTTP Redirect"
"https://www.ncbi.nlm.nih.gov/pmc/articles/PMC1299105/","text/html; charset=iso-8859-1","302","Found","Non-Indexable","Redirected","1","0.553","https://misuse.ncbi.nlm.nih.gov/error/abuse.shtml?orig_args=/pmc/articles/PMC1299105/&orig_host=www.ncbi.nlm.nih.gov","HTTP Redirect"
"http://atac.nationbuilder.com/","","301","Moved Permanently","Non-Indexable","Redirected","1","0.039","https://atac.nationbuilder.com/","HTTP Redirect"
"http://www.dhcs.ca.gov/Pages/default.aspx","","301","Moved Permanently","Non-Indexable","Redirected","1","0.226","https://www.dhcs.ca.gov/Pages/default.aspx","HTTP Redirect"
"https://www.qualtrics.com/blog/work-life-balance/","text/html; charset=utf-8","301","Moved Permanently","Non-Indexable","Redirected","1","0.123","https://www.qualtrics.com/articles/employee-experience/employee-work-life-balance/","HTTP Redirect"
"https://irishealing.com/9-mental-health-benefits-of-exercise/","text/html; charset=UTF-8","301","Moved Permanently","Non-Indexable","Redirected","3","0.344","https://irishealing.com/blog/9-mental-health-benefits-of-exercise","HTTP Redirect"
"https://www.pasadenatraumatherapy.com/workshops","text/html; charset=UTF-8","301","Moved Permanently","Non-Indexable","Redirected","1","1.582","https://pasadenatraumatherapy.com/workshops","HTTP Redirect"
"https://irishealing.com/what-does-adderall-do-if-you-dont-have-adhd/","text/html; charset=UTF-8","301","Moved Permanently","Non-Indexable","Redirected","2","0.428","https://irishealing.com/blog/what-does-adderall-do-if-you-dont-have-adhd","HTTP Redirect"
"https://www.ncbi.nlm.nih.gov/pmc/articles/PMC3666055/","text/html; charset=iso-8859-1","302","Found","Non-Indexable","Redirected","1","0.278","https://misuse.ncbi.nlm.nih.gov/error/abuse.shtml?orig_args=/pmc/articles/PMC3666055/&orig_host=www.ncbi.nlm.nih.gov","HTTP Redirect"
"https://irishealing.com/detoxing-off-of-suboxone/","text/html; charset=UTF-8","301","Moved Permanently","Non-Indexable","Redirected","1","0.317","https://irishealing.com/blog/detoxing-off-of-suboxone","HTTP Redirect"
"https://irishealing.com/addiction-treatment/adderall/","text/html; charset=UTF-8","301","Moved Permanently","Non-Indexable","Redirected","1","0.490","https://irishealing.com/","HTTP Redirect"
"https://irishealing.com/addiction-in-active-duty/","text/html; charset=UTF-8","301","Moved Permanently","Non-Indexable","Redirected","1","0.308","https://irishealing.com/blog/addiction-in-active-duty","HTTP Redirect"
"https://www.ncbi.nlm.nih.gov/pmc/articles/PMC4892319/","text/html; charset=iso-8859-1","302","Found","Non-Indexable","Redirected","5","0.256","https://misuse.ncbi.nlm.nih.gov/error/abuse.shtml?orig_args=/pmc/articles/PMC4892319/&orig_host=www.ncbi.nlm.nih.gov","HTTP Redirect"
"https://irishealing.com/how-to-prepare-for-a-neurofeedback-session/","text/html; charset=UTF-8","301","Moved Permanently","Non-Indexable","Redirected","2","0.298","https://irishealing.com/blog/how-to-prepare-for-a-neurofeedback-session","HTTP Redirect"
"https://pubmed.ncbi.nlm.nih.gov/26392114/","text/html; charset=iso-8859-1","302","Found","Non-Indexable","Redirected","1","0.176","https://misuse.ncbi.nlm.nih.gov/error/abuse.shtml","HTTP Redirect"
"https://irishealing.com/living-with-schizophrenia/","text/html; charset=UTF-8","301","Moved Permanently","Non-Indexable","Redirected","4","0.324","https://irishealing.com/blog/living-with-schizophrenia","HTTP Redirect"
"https://irishealing.com/transcranial-magnetic-stimulation/","text/html; charset=UTF-8","301","Moved Permanently","Non-Indexable","Redirected","2","0.469","https://irishealing.com/tms-los-angeles/","HTTP Redirect"
"https://irishealing.com/eeg-neurofeedback/","text/html; charset=UTF-8","301","Moved Permanently","Non-Indexable","Redirected","1","0.484","https://irishealing.com/","HTTP Redirect"
"https://irishealing.com/benefits-of-neurofeedback-training/","text/html; charset=UTF-8","301","Moved Permanently","Non-Indexable","Redirected","1","0.348","https://irishealing.com/blog/benefits-of-neurofeedback-training","HTTP Redirect"
"https://www.ncbi.nlm.nih.gov/pmc/articles/PMC4668876/","text/html; charset=iso-8859-1","302","Found","Non-Indexable","Redirected","1","0.281","https://misuse.ncbi.nlm.nih.gov/error/abuse.shtml?orig_args=/pmc/articles/PMC4668876/&orig_host=www.ncbi.nlm.nih.gov","HTTP Redirect"
"https://www.nhs.uk/conditions/cyclothymia/","","301","Moved Permanently","Non-Indexable","Redirected","1","0.521","https://www.nhs.uk/mental-health/conditions/cyclothymia/","HTTP Redirect"
"https://www.ncbi.nlm.nih.gov/books/NBK64815/","text/html; charset=iso-8859-1","302","Found","Non-Indexable","Redirected","4","0.168","https://misuse.ncbi.nlm.nih.gov/error/abuse.shtml?orig_args=/books/NBK64815/&orig_host=www.ncbi.nlm.nih.gov","HTTP Redirect"
"https://www.ncbi.nlm.nih.gov/books/NBK571451/","text/html; charset=iso-8859-1","302","Found","Non-Indexable","Redirected","1","0.301","https://misuse.ncbi.nlm.nih.gov/error/abuse.shtml?orig_args=/books/NBK571451/&orig_host=www.ncbi.nlm.nih.gov","HTTP Redirect"
"https://irishealing.com/mental-health-and-substance-abuse/","text/html; charset=UTF-8","301","Moved Permanently","Non-Indexable","Redirected","2","0.198","https://irishealing.com/blog/mental-health-and-substance-abuse","HTTP Redirect"
"https://irishealing.com/mental-health-and-physical-health/","text/html; charset=UTF-8","301","Moved Permanently","Non-Indexable","Redirected","2","0.412","https://irishealing.com/blog/mental-health-and-physical-health","HTTP Redirect"
"https://www.ncbi.nlm.nih.gov/pmc/articles/PMC5623876/","text/html; charset=iso-8859-1","302","Found","Non-Indexable","Redirected","1","0.281","https://misuse.ncbi.nlm.nih.gov/error/abuse.shtml?orig_args=/pmc/articles/PMC5623876/&orig_host=www.ncbi.nlm.nih.gov","HTTP Redirect"
"https://irishealing.com/mental-health-disorders-list/","text/html; charset=UTF-8","301","Moved Permanently","Non-Indexable","Redirected","4","0.427","https://irishealing.com/blog/mental-health-disorders-list","HTTP Redirect"
"https://irishealing.com/gaslighting/","text/html; charset=UTF-8","301","Moved Permanently","Non-Indexable","Redirected","1","0.319","https://irishealing.com/blog/gaslighting","HTTP Redirect"
"https://www.ncbi.nlm.nih.gov/pmc/articles/PMC486942/","text/html; charset=iso-8859-1","302","Found","Non-Indexable","Redirected","1","0.161","https://misuse.ncbi.nlm.nih.gov/error/abuse.shtml?orig_args=/pmc/articles/PMC486942/&orig_host=www.ncbi.nlm.nih.gov","HTTP Redirect"
"https://www.webmd.com/depression/guide/causes-depression","","301","Moved Permanently","Non-Indexable","Redirected","1","0.235","https://www.webmd.com/depression/causes-depression","HTTP Redirect"
"http://www.nationalcenterdvtraumamh.org/wp-content/uploads/2014/09/IPV-SAB-Final202.29.1620NO20LOGO-1.pdf","text/html; charset=UTF-8","301","Moved Permanently","Non-Indexable","Redirected","1","0.478","https://ncdvtmh.org/resource/the-relationship-between-intimate-partner-violence-and-substance-use-an-applied-research-paper-2015/","HTTP Redirect"
"https://www.ncbi.nlm.nih.gov/pmc/articles/PMC6375498/","text/html; charset=iso-8859-1","302","Found","Non-Indexable","Redirected","1","0.288","https://misuse.ncbi.nlm.nih.gov/error/abuse.shtml?orig_args=/pmc/articles/PMC6375498/&orig_host=www.ncbi.nlm.nih.gov","HTTP Redirect"
"https://pubmed.ncbi.nlm.nih.gov/15762854/","text/html; charset=iso-8859-1","302","Found","Non-Indexable","Redirected","1","0.321","https://misuse.ncbi.nlm.nih.gov/error/abuse.shtml","HTTP Redirect"
"https://irishealing.com/residential%20treatment/","text/html; charset=UTF-8","301","Moved Permanently","Non-Indexable","Redirected","1","0.492","https://irishealing.com/","HTTP Redirect"
"https://www.mytransformations.com/post/what-to-expect-during-tms-therapy","text/html","301","Moved Permanently","Non-Indexable","Redirected","2","0.516","https://newdirectionspgh.com/grw/","HTTP Redirect"
"https://www.mhanational.org/depression-teens-0","text/html; charset=UTF-8","301","Moved Permanently","Non-Indexable","Redirected","1","0.292","https://mhanational.org/resources/depression-in-teens/","HTTP Redirect"
"https://www.tmsbrainhealth.com/tms-therapy/how-much-does-tms-therapy-cost/","","301","Moved Permanently","Non-Indexable","Redirected","1","0.042","https://www.bespoketreatment.com/tms-therapy/how-much-does-tms-therapy-cost/","HTTP Redirect"
"https://www.ncbi.nlm.nih.gov/pmc/articles/PMC4519010/","text/html; charset=iso-8859-1","302","Found","Non-Indexable","Redirected","1","0.152","https://misuse.ncbi.nlm.nih.gov/error/abuse.shtml?orig_args=/pmc/articles/PMC4519010/&orig_host=www.ncbi.nlm.nih.gov","HTTP Redirect"
"https://www.nimh.nih.gov/health/topics/post-traumatic-stress-disorder-ptsd/index.shtml","text/html; charset=UTF-8","301","https://www.nimh.nih.gov/health/topics/post-traumatic-stress-disorder-ptsd","Non-Indexable","Redirected","1","0.162","https://www.nimh.nih.gov/health/topics/post-traumatic-stress-disorder-ptsd","HTTP Redirect"
"https://irishealing.com/most-effective-treatment-for-drug-addiction/","text/html; charset=UTF-8","301","Moved Permanently","Non-Indexable","Redirected","1","0.311","https://irishealing.com/blog/most-effective-treatment-for-drug-addiction","HTTP Redirect"
"https://pubmed.ncbi.nlm.nih.gov/11327187/","text/html; charset=iso-8859-1","302","Found","Non-Indexable","Redirected","1","0.327","https://misuse.ncbi.nlm.nih.gov/error/abuse.shtml","HTTP Redirect"
"https://www.msdmanuals.com/professional/special-subjects/recreational-drugs-and-intoxicants/alcohol-use-disorder-and-rehabilitation","","301","Moved Permanently","Non-Indexable","Redirected","1","0.591","https://www.msdmanuals.com/professional/special-subjects/illicit-drugs-and-intoxicants/alcohol-use-disorder-and-rehabilitation/?autoredirectid=20985","HTTP Redirect"
"https://systematicreviewsjournal.biomedcentral.com/articles/10.1186/s13643-021-01616-6","text/html","301","Moved Permanently","Non-Indexable","Redirected","1","0.417","https://link.springer.com/article/10.1186/s13643-021-01616-6","HTTP Redirect"
"https://apps.who.int/iris/rest/bitstreams/1350326/retrieve","text/html; charset=iso-8859-1","302","Found","Non-Indexable","Redirected","1","0.141","https://iris.who.int/rest/bitstreams/1350326/retrieve","HTTP Redirect"
"https://www.ncbi.nlm.nih.gov/pmc/articles/PMC2536546/","text/html; charset=iso-8859-1","302","Found","Non-Indexable","Redirected","1","0.163","https://misuse.ncbi.nlm.nih.gov/error/abuse.shtml?orig_args=/pmc/articles/PMC2536546/&orig_host=www.ncbi.nlm.nih.gov","HTTP Redirect"
"https://www.ncbi.nlm.nih.gov/pmc/articles/PMC4471964/","text/html; charset=iso-8859-1","302","Found","Non-Indexable","Redirected","1","0.161","https://misuse.ncbi.nlm.nih.gov/error/abuse.shtml?orig_args=/pmc/articles/PMC4471964/&orig_host=www.ncbi.nlm.nih.gov","HTTP Redirect"
"https://pubmed.ncbi.nlm.nih.gov/9546004/","text/html; charset=iso-8859-1","302","Found","Non-Indexable","Redirected","1","0.309","https://misuse.ncbi.nlm.nih.gov/error/abuse.shtml","HTTP Redirect"
"https://doi.org/10.1001/archgenpsychiatry.2008.543","text/html;charset=utf-8","302","Found","Non-Indexable","Redirected","1","0.068","http://archpsyc.jamanetwork.com/article.aspx?doi=10.1001/archgenpsychiatry.2008.543","HTTP Redirect"
"https://irishealing.com/break-addiction/","text/html; charset=UTF-8","301","Moved Permanently","Non-Indexable","Redirected","1","0.357","https://irishealing.com/blog/break-addiction","HTTP Redirect"
"https://irishealing.com/mental-health-services/","text/html; charset=UTF-8","301","Moved Permanently","Non-Indexable","Redirected","4","0.369","https://irishealing.com/blog/mental-health-services","HTTP Redirect"
"https://www.samhsa.gov/mental-health/myths-and-facts","text/html; charset=utf-8","301","Moved Permanently","Non-Indexable","Redirected","1","0.326","https://www.samhsa.gov/mental-health/what-is-mental-health/facts","HTTP Redirect"
"https://onlinedegrees.bradley.edu/blog/how-mental-health-affects-physical-health/","text/html; charset=utf-8","301","Moved Permanently","Non-Indexable","Redirected","1","0.152","https://onlinedegrees.bradley.edu/blog/how-mental-health-affects-physical-health","HTTP Redirect"
"https://psychcentral.com/lib/4-sets-of-somatic-mindfulness-exercises-for-people-who-have-experienced-trauma/","text/html; charset=utf-8","301","Moved Permanently","Non-Indexable","Redirected","1","0.197","https://psychcentral.com/lib/4-sets-of-somatic-mindfulness-exercises-for-people-who-have-experienced-trauma","HTTP Redirect"
"https://www.caregiver.org/wernicke-korsakoff-syndrome","","301","Moved Permanently","Non-Indexable","Redirected","1","0.247","https://www.caregiver.org/wernicke-korsakoff-syndrome/","HTTP Redirect"
"https://irishealing.com/what-to-know-about-dual-diagnosis-treatment-centers-in-california/","text/html; charset=UTF-8","301","Moved Permanently","Non-Indexable","Redirected","2","0.317","https://irishealing.com/blog/what-to-know-about-dual-diagnosis-treatment-centers-in-california","HTTP Redirect"
"https://www.mhanational.org/issues/state-mental-health-america","text/html; charset=UTF-8","301","Moved Permanently","Non-Indexable","Redirected","1","0.345","https://mhanational.org/the-state-of-mental-health-in-america/","HTTP Redirect"
"https://youtu.be/b_WJYnsII6o","application/binary","303","See Other","Non-Indexable","Redirected","1","0.120","https://www.youtube.com/watch?v=b_WJYnsII6o&feature=youtu.be","HTTP Redirect"
"https://www.pfizer.com/health-wellness/wellness/what-is-wellness","text/html; charset=utf-8","301","Moved Permanently","Non-Indexable","Redirected","1","0.182","https://www.pfizer.com/science/disease-and-conditions-index","HTTP Redirect"
"https://irishealing.com/neurofeedback-session/","text/html; charset=UTF-8","301","Moved Permanently","Non-Indexable","Redirected","3","0.341","https://irishealing.com/blog/neurofeedback-session","HTTP Redirect"
"https://neurofeedbackalliance.org/understanding-brain-waves/","text/html","302","Found","Non-Indexable","Redirected","2","0.381","https://neurofeedbackalliance.org/","HTTP Redirect"
"https://liveoakswellness.com/programs/drug-rehab-in-san-francisco/","text/html; charset=UTF-8","301","Moved Permanently","Non-Indexable","Redirected","1","0.623","https://liveoakswellness.com/addiction-treatment/drug-rehab-in-san-francisco/","HTTP Redirect"
"https://www.ncbi.nlm.nih.gov/pmc/articles/PMC2424288/","text/html; charset=iso-8859-1","302","Found","Non-Indexable","Redirected","1","0.270","https://misuse.ncbi.nlm.nih.gov/error/abuse.shtml?orig_args=/pmc/articles/PMC2424288/&orig_host=www.ncbi.nlm.nih.gov","HTTP Redirect"
"https://www.ncsl.org/research/health/state-medical-marijuana-laws.aspx","text/html; charset=UTF-8","301","Moved Permanently","Non-Indexable","Redirected","1","0.081","https://www.ncsl.org/health/state-medical-cannabis-laws","HTTP Redirect"
"https://www.ncbi.nlm.nih.gov/pmc/articles/PMC6861931/","text/html; charset=iso-8859-1","302","Found","Non-Indexable","Redirected","1","0.312","https://misuse.ncbi.nlm.nih.gov/error/abuse.shtml?orig_args=/pmc/articles/PMC6861931/&orig_host=www.ncbi.nlm.nih.gov","HTTP Redirect"
"https://www.ncbi.nlm.nih.gov/pmc/articles/PMC5580369/","text/html; charset=iso-8859-1","302","Found","Non-Indexable","Redirected","1","0.157","https://misuse.ncbi.nlm.nih.gov/error/abuse.shtml?orig_args=/pmc/articles/PMC5580369/&orig_host=www.ncbi.nlm.nih.gov","HTTP Redirect"
"https://www.mentalhelp.net/bipolar/and-anger/","text/html; charset=iso-8859-1","301","Moved Permanently","Non-Indexable","Redirected","1","0.211","https://www.mentalhealth.com/library/link-between-bipolar-disorder-and-anger","HTTP Redirect"
"https://pubmed.ncbi.nlm.nih.gov/17060480/","text/html; charset=iso-8859-1","302","Found","Non-Indexable","Redirected","1","0.257","https://misuse.ncbi.nlm.nih.gov/error/abuse.shtml","HTTP Redirect"
"https://pubmed.ncbi.nlm.nih.gov/15564057/","text/html; charset=iso-8859-1","302","Found","Non-Indexable","Redirected","1","0.336","https://misuse.ncbi.nlm.nih.gov/error/abuse.shtml","HTTP Redirect"
"https://www.ncbi.nlm.nih.gov/pmc/articles/PMC3548359/","text/html; charset=iso-8859-1","302","Found","Non-Indexable","Redirected","1","0.276","https://misuse.ncbi.nlm.nih.gov/error/abuse.shtml?orig_args=/pmc/articles/PMC3548359/&orig_host=www.ncbi.nlm.nih.gov","HTTP Redirect"
"https://www.medicalnewstoday.com/articles/314896.php","text/html; charset=utf-8","301","Moved Permanently","Non-Indexable","Redirected","1","0.177","https://www.medicalnewstoday.com/articles/314896","HTTP Redirect"
"https://www.medicalnewstoday.com/articles/317170.php","text/html; charset=utf-8","301","Moved Permanently","Non-Indexable","Redirected","1","0.161","https://www.medicalnewstoday.com/articles/317170","HTTP Redirect"
"https://scopeblog.stanford.edu/2016/12/05/the-health-effects-of-legalizing-marijuana-a-qa-with-a-stanford-drug-policy-specialist/","text/html","301","Moved Permanently","Non-Indexable","Redirected","1","0.403","https://med.stanford.edu/news/insights/2016/12/the-health-effects-of-legalizing-marijuana-a-qa-with-a-stanford-drug-policy-specialist/","HTTP Redirect"
"https://link.springer.com/article/10.1007%2Fs00787-018-1121-4","text/html","301","Moved Permanently","Non-Indexable","Redirected","1","0.214","https://link.springer.com/article/10.1007/s00787-018-1121-4","HTTP Redirect"
"https://irishealing.com/brainwaves/","text/html; charset=UTF-8","301","Moved Permanently","Non-Indexable","Redirected","3","0.343","https://irishealing.com/blog/brainwaves","HTTP Redirect"
"https://www.rxlist.com/trazodone/drugs-condition.htm","","301","Moved Permanently","Non-Indexable","Redirected","1","0.176","https://www.rxlist.com/consumer_trazodone_desyrel_desyrel_dividose/drugs-condition.htm","HTTP Redirect"
"https://www.drugs.com/trazodone.htm","text/html","301","Moved Permanently","Non-Indexable","Redirected","1","0.146","https://www.drugs.com/trazodone.html","HTTP Redirect"
"https://www.webmd.com/drugs/2/drug-11188/trazodone-oral/details","","301","Moved Permanently","Non-Indexable","Redirected","1","0.224","https://www.webmd.com/drugs/trazodone","HTTP Redirect"
"https://irishealing.com/brainspotting-training/","text/html; charset=UTF-8","301","Moved Permanently","Non-Indexable","Redirected","1","0.381","https://irishealing.com/blog/risks-side-effects-of-brainspotting/","HTTP Redirect"
"https://www.ncbi.nlm.nih.gov/books/NBK207195/","text/html; charset=iso-8859-1","302","Found","Non-Indexable","Redirected","1","0.159","https://misuse.ncbi.nlm.nih.gov/error/abuse.shtml?orig_args=/books/NBK207195/&orig_host=www.ncbi.nlm.nih.gov","HTTP Redirect"
"https://www.theacpa.org/","text/html; charset=utf-8","302","Found","Non-Indexable","Redirected","1","0.321","https://www.acpanow.com/","HTTP Redirect"
"https://irishealing.com/drug-withdrawal/","text/html; charset=UTF-8","301","Moved Permanently","Non-Indexable","Redirected","3","0.458","https://irishealing.com/blog/drug-withdrawal","HTTP Redirect"
"https://www.mayoclinic.org/drugs-supplements/fentanyl-transdermal-route/side-effects/drg-20068152","text/html; charset=utf-8","301","Moved Permanently","Non-Indexable","Redirected","1","0.625","https://www.mayoclinic.org/drugs-supplements/fentanyl-transdermal-route/description/drg-20068152","HTTP Redirect"
"https://www.drugabuse.gov/publications/drugfacts/fentanyl","text/html","301","Moved Permanently","Non-Indexable","Redirected","3","0.151","https://nida.nih.gov/publications/drugfacts/fentanyl","HTTP Redirect"
"https://irishealing.com/international-overdose-awareness-day-is-august-31/","text/html; charset=UTF-8","301","Moved Permanently","Non-Indexable","Redirected","1","0.418","https://irishealing.com/blog/international-overdose-awareness-day-is-august-31","HTTP Redirect"
"https://irishealing.com/fentanyl-in-your-system/","text/html; charset=UTF-8","301","Moved Permanently","Non-Indexable","Redirected","2","0.658","https://irishealing.com/blog/fentanyl-in-your-system","HTTP Redirect"
"https://www.drugabuse.gov/about-nida/noras-blog/2021/08/drug-overdose-deaths-in-2020-were-horrifying-radical-change-needed-to-address-drug-crisis","text/html","301","Moved Permanently","Non-Indexable","Redirected","1","0.273","https://nida.nih.gov/about-nida/noras-blog/2021/08/drug-overdose-deaths-in-2020-were-horrifying-radical-change-needed-to-address-drug-crisis","HTTP Redirect"
"https://www.nhs.uk/mental-health/talking-therapies-medicine-treatments/talking-therapies-and-counselling/cognitive-behavioural-therapy-cbt/overview/","","301","Moved Permanently","Non-Indexable","Redirected","1","0.128","https://www.nhs.uk/tests-and-treatments/cognitive-behavioural-therapy-cbt/","HTTP Redirect"
"https://harmreductionjournal.biomedcentral.com/articles/10.1186/s12954-016-0105-2","text/html","301","Moved Permanently","Non-Indexable","Redirected","1","1.721","https://link.springer.com/article/10.1186/s12954-016-0105-2","HTTP Redirect"
"https://www.ncbi.nlm.nih.gov/pmc/articles/PMC3406539/","text/html; charset=iso-8859-1","302","Found","Non-Indexable","Redirected","1","0.303","https://misuse.ncbi.nlm.nih.gov/error/abuse.shtml?orig_args=/pmc/articles/PMC3406539/&orig_host=www.ncbi.nlm.nih.gov","HTTP Redirect"
"https://www.ncbi.nlm.nih.gov/books/NBK531603/","text/html; charset=iso-8859-1","302","Found","Non-Indexable","Redirected","1","0.160","https://misuse.ncbi.nlm.nih.gov/error/abuse.shtml?orig_args=/books/NBK531603/&orig_host=www.ncbi.nlm.nih.gov","HTTP Redirect"
"https://www.ncbi.nlm.nih.gov/pmc/articles/PMC3650238/","text/html; charset=iso-8859-1","302","Found","Non-Indexable","Redirected","1","0.163","https://misuse.ncbi.nlm.nih.gov/error/abuse.shtml?orig_args=/pmc/articles/PMC3650238/&orig_host=www.ncbi.nlm.nih.gov","HTTP Redirect"
"https://irishealing.com/neurofeedback-therapy-guide/","text/html; charset=UTF-8","301","Moved Permanently","Non-Indexable","Redirected","2","0.483","https://irishealing.com/","HTTP Redirect"
"https://link.springer.com/article/10.1007/s10608-012-9476-1","","303","See Other","Non-Indexable","Redirected","1","0.212","https://idp.springer.com/authorize?response_type=cookie&client_id=springerlink&redirect_uri=https%3A%2F%2Flink.springer.com%2Farticle%2F10.1007%2Fs10608-012-9476-1","HTTP Redirect"
"https://www.drugabuse.gov/publications/principles-drug-addiction-treatment-research-based-guide-third-edition/evidence-based-approaches-to-drug-addiction-treatment/behavioral-therapies/motivational-enhancement-therapy","text/html","301","Moved Permanently","Non-Indexable","Redirected","1","0.314","https://nida.nih.gov/publications/principles-drug-addiction-treatment-research-based-guide-third-edition/evidence-based-approaches-to-drug-addiction-treatment/behavioral-therapies/motivational-enhancement-therapy","HTTP Redirect"
"https://www.ncbi.nlm.nih.gov/pmc/articles/PMC4168808/","text/html; charset=iso-8859-1","302","Found","Non-Indexable","Redirected","1","0.167","https://misuse.ncbi.nlm.nih.gov/error/abuse.shtml?orig_args=/pmc/articles/PMC4168808/&orig_host=www.ncbi.nlm.nih.gov","HTTP Redirect"
"https://www.samhsa.gov/child-trauma/understanding-child-trauma","text/html; charset=utf-8","301","Moved Permanently","Non-Indexable","Redirected","1","0.289","https://www.samhsa.gov/mental-health/trauma-violence/child-trauma","HTTP Redirect"
"https://irishealing.com/how-to-heal-from-childhood-trauma/","text/html; charset=UTF-8","301","Moved Permanently","Non-Indexable","Redirected","1","0.463","https://irishealing.com/blog/how-to-heal-from-childhood-trauma","HTTP Redirect"
"https://neurofeedbackalliance.org/sloreta/","text/html","302","Found","Non-Indexable","Redirected","1","0.514","https://neurofeedbackalliance.org/","HTTP Redirect"
"https://neurofeedbackalliance.org/lens-lens-ochs/","text/html","302","Found","Non-Indexable","Redirected","1","0.360","https://neurofeedbackalliance.org/","HTTP Redirect"
"https://www.ncbi.nlm.nih.gov/pmc/articles/PMC4869785/","text/html; charset=iso-8859-1","302","Found","Non-Indexable","Redirected","1","0.163","https://misuse.ncbi.nlm.nih.gov/error/abuse.shtml?orig_args=/pmc/articles/PMC4869785/&orig_host=www.ncbi.nlm.nih.gov","HTTP Redirect"
"http://fmri.ucsd.edu/Research/whatisfmri.html","text/html; charset=iso-8859-1","302","Found","Non-Indexable","Redirected","1","0.166","https://fmri.ucsd.eduresearch/whatisfmri.html","HTTP Redirect"
"https://neurofeedbackalliance.org/slow-cortical-potential-training/","text/html","302","Found","Non-Indexable","Redirected","1","0.457","https://neurofeedbackalliance.org/","HTTP Redirect"
"https://neurofeedbackalliance.org/z-score-training/","text/html","302","Found","Non-Indexable","Redirected","1","0.347","https://neurofeedbackalliance.org/","HTTP Redirect"
"https://neurofeedbackalliance.org/frequency-training/","text/html","302","Found","Non-Indexable","Redirected","1","0.353","https://neurofeedbackalliance.org/","HTTP Redirect"
"https://neurofeedbackalliance.org/types-of-neurofeedback/","text/html","302","Found","Non-Indexable","Redirected","1","0.347","https://neurofeedbackalliance.org/","HTTP Redirect"
"https://www.umassglobal.edu/news-and-events/blog/examining-the-meaningful-role-of-a-mental-health-therapist","text/html; charset=utf-8","301","Moved Permanently","Non-Indexable","Redirected","1","0.175","https://www.umassglobal.edu/blog-news/mental-health-therapist-career-path","HTTP Redirect"
"https://irishealing.com/how-to-stop-drinking-alcohol/","text/html; charset=UTF-8","301","Moved Permanently","Non-Indexable","Redirected","1","0.479","https://irishealing.com/blog/how-to-stop-drinking-alcohol","HTTP Redirect"
"https://irishealing.com/mental-health-clinic/","text/html; charset=UTF-8","301","Moved Permanently","Non-Indexable","Redirected","2","0.403","https://irishealing.com/blog/mental-health-clinic","HTTP Redirect"
"https://pubmed.ncbi.nlm.nih.gov/31003113/","text/html; charset=iso-8859-1","302","Found","Non-Indexable","Redirected","1","0.168","https://misuse.ncbi.nlm.nih.gov/error/abuse.shtml","HTTP Redirect"
"https://www.ncbi.nlm.nih.gov/pmc/articles/PMC6790310/","text/html; charset=iso-8859-1","302","Found","Non-Indexable","Redirected","1","0.160","https://misuse.ncbi.nlm.nih.gov/error/abuse.shtml?orig_args=/pmc/articles/PMC6790310/&orig_host=www.ncbi.nlm.nih.gov","HTTP Redirect"
"https://www.ncbi.nlm.nih.gov/pmc/articles/PMC4815479/","text/html; charset=iso-8859-1","302","Found","Non-Indexable","Redirected","1","0.310","https://misuse.ncbi.nlm.nih.gov/error/abuse.shtml?orig_args=/pmc/articles/PMC4815479/&orig_host=www.ncbi.nlm.nih.gov","HTTP Redirect"
"https://www.ncbi.nlm.nih.gov/pmc/articles/PMC4830885/","text/html; charset=iso-8859-1","302","Found","Non-Indexable","Redirected","1","0.181","https://misuse.ncbi.nlm.nih.gov/error/abuse.shtml?orig_args=/pmc/articles/PMC4830885/&orig_host=www.ncbi.nlm.nih.gov","HTTP Redirect"
"https://www.ncbi.nlm.nih.gov/pmc/articles/PMC5741979/","text/html; charset=iso-8859-1","302","Found","Non-Indexable","Redirected","1","0.195","https://misuse.ncbi.nlm.nih.gov/error/abuse.shtml?orig_args=/pmc/articles/PMC5741979/&orig_host=www.ncbi.nlm.nih.gov","HTTP Redirect"
"https://afsp.org/risk-factors-protective-factors-and-warning-signs","text/html","301","Moved Permanently","Non-Indexable","Redirected","1","0.130","https://afsp.org/risk-factors-protective-factors-and-warning-signs/","HTTP Redirect"
"https://www.ncbi.nlm.nih.gov/pmc/articles/PMC7277811/","text/html; charset=iso-8859-1","302","Found","Non-Indexable","Redirected","1","0.167","https://misuse.ncbi.nlm.nih.gov/error/abuse.shtml?orig_args=/pmc/articles/PMC7277811/&orig_host=www.ncbi.nlm.nih.gov","HTTP Redirect"
"https://www.ncbi.nlm.nih.gov/pmc/articles/PMC1470658/","text/html; charset=iso-8859-1","302","Found","Non-Indexable","Redirected","1","0.159","https://misuse.ncbi.nlm.nih.gov/error/abuse.shtml?orig_args=/pmc/articles/PMC1470658/&orig_host=www.ncbi.nlm.nih.gov","HTTP Redirect"
"https://irishealing.com/quarantine-fatigue-6-ways-to-protect-mental-health-during-the-covid-19-pandemic/","text/html; charset=UTF-8","301","Moved Permanently","Non-Indexable","Redirected","1","0.470","https://irishealing.com/blog/quarantine-fatigue-6-ways-to-protect-mental-health-during-the-covid-19-pandemic","HTTP Redirect"
"https://link.springer.com/article/10.2165/00007256-198401020-00004","","303","See Other","Non-Indexable","Redirected","1","0.448","https://idp.springer.com/authorize?response_type=cookie&client_id=springerlink&redirect_uri=https%3A%2F%2Flink.springer.com%2Farticle%2F10.2165%2F00007256-198401020-00004","HTTP Redirect"
"https://irishealing.com/continuing-the-recovery-journey-with-outpatient-programs/","text/html; charset=UTF-8","301","Moved Permanently","Non-Indexable","Redirected","1","0.388","https://transferirishe.wpenginepowered.com/recovery-with-outpatient-programs/","HTTP Redirect"
"https://depression.org.nz/help-someone/","text/html","301","Moved Permanently","Non-Indexable","Redirected","1","0.698","https://www.depression.org.nz/help-someone/","HTTP Redirect"
"https://irishealing.com/smart-recovery/","text/html; charset=UTF-8","301","Moved Permanently","Non-Indexable","Redirected","2","0.443","https://irishealing.com/blog/smart-recovery","HTTP Redirect"
"https://www.ncbi.nlm.nih.gov/books/NBK556058/","text/html; charset=iso-8859-1","302","Found","Non-Indexable","Redirected","1","0.293","https://misuse.ncbi.nlm.nih.gov/error/abuse.shtml?orig_args=/books/NBK556058/&orig_host=www.ncbi.nlm.nih.gov","HTTP Redirect"
"https://pubmed.ncbi.nlm.nih.gov/32159228/","text/html; charset=iso-8859-1","302","Found","Non-Indexable","Redirected","1","0.184","https://misuse.ncbi.nlm.nih.gov/error/abuse.shtml","HTTP Redirect"
"https://jamanetwork.com/journals/jamanetworkopen/article-abstract/2798325","text/html; charset=utf-8","302","Found","Non-Indexable","Redirected","1","0.142","https://jamanetwork.com/journals/jamanetworkopen/fullarticle/2798325","HTTP Redirect"
"https://www.ncbi.nlm.nih.gov/pmc/articles/PMC3411521/","text/html; charset=iso-8859-1","302","Found","Non-Indexable","Redirected","1","0.312","https://misuse.ncbi.nlm.nih.gov/error/abuse.shtml?orig_args=/pmc/articles/PMC3411521/&orig_host=www.ncbi.nlm.nih.gov","HTTP Redirect"
"https://pubmed.ncbi.nlm.nih.gov/28526932/","text/html; charset=iso-8859-1","302","Found","Non-Indexable","Redirected","1","0.297","https://misuse.ncbi.nlm.nih.gov/error/abuse.shtml","HTTP Redirect"
"https://www.chicagotribune.com/news/ct-xpm-2006-05-04-0605040163-story.html","text/html; charset=utf-8","301","Moved Permanently","Non-Indexable","Redirected","1","0.276","https://www.chicagotribune.com/2006/05/04/wake-up-call-on-dangers-of-seeds/","HTTP Redirect"
"https://www.psychiatryadvisor.com/home/topics/anxiety/deep-brain-stimulation-successfully-treats-refractory-ocd-although-targets-vary/","text/plain;charset=UTF-8","302","Found","Non-Indexable","Redirected","1","0.058","https://accounts.haymarketmedia.com/authcheck?gn=101&retUrl=https%3A%2F%2Fwww.psychiatryadvisor.com%2Fhome%2Ftopics%2Fanxiety%2Fdeep-brain-stimulation-successfully-treats-refractory-ocd-although-targets-vary%2F&NoCheck=true","HTTP Redirect"
"https://www.ncbi.nlm.nih.gov/pmc/articles/PMC6242277/","text/html; charset=iso-8859-1","302","Found","Non-Indexable","Redirected","1","0.157","https://misuse.ncbi.nlm.nih.gov/error/abuse.shtml?orig_args=/pmc/articles/PMC6242277/&orig_host=www.ncbi.nlm.nih.gov","HTTP Redirect"
"https://www.drugabuse.gov/publications/drugfacts/substance-use-military-life","text/html","301","Moved Permanently","Non-Indexable","Redirected","1","0.298","https://nida.nih.gov/publications/drugfacts/substance-use-military-life","HTTP Redirect"
"https://ncsacw.acf.hhs.gov/topics/medication-assisted-treatment.aspx","text/html","301","Moved Permanently","Non-Indexable","Redirected","1","0.190","https://ncsacw.acf.gov/topics/medication-assisted-treatment.aspx","HTTP Redirect"
"https://irishealing.com/tms-therapy-success-rate/","text/html; charset=UTF-8","301","Moved Permanently","Non-Indexable","Redirected","1","0.455","https://irishealing.com/blog/tms-therapy-success-rate","HTTP Redirect"
"https://www.tmsbrainhealth.com/the-real-pros-and-cons-of-tms-therapy/","","301","Moved Permanently","Non-Indexable","Redirected","1","0.046","https://www.bespoketreatment.com/the-real-pros-and-cons-of-tms-therapy/","HTTP Redirect"
"https://www.webmd.com/schizophrenia/schizophrenia-schizoaffective-disorder","","301","Moved Permanently","Non-Indexable","Redirected","2","0.164","https://www.webmd.com/schizophrenia/mental-health-schizoaffective-disorder","HTTP Redirect"
"https://www.ncbi.nlm.nih.gov/pmc/articles/PMC2762632/","text/html; charset=iso-8859-1","302","Found","Non-Indexable","Redirected","1","0.162","https://misuse.ncbi.nlm.nih.gov/error/abuse.shtml?orig_args=/pmc/articles/PMC2762632/&orig_host=www.ncbi.nlm.nih.gov","HTTP Redirect"
"https://pro.psycom.net/assessment-diagnosis-adherence/schizophrenia","text/html","301","Moved Permanently","Non-Indexable","Redirected","1","0.174","https://www.medcentral.com/behavioral-mental/schizophrenia/assessment-diagnosis-adherence-schizophrenia","HTTP Redirect"
"https://pubmed.ncbi.nlm.nih.gov/24572583/","text/html; charset=iso-8859-1","302","Found","Non-Indexable","Redirected","1","0.174","https://misuse.ncbi.nlm.nih.gov/error/abuse.shtml","HTTP Redirect"
"https://www.helpguide.org/articles/addictions/substance-abuse-and-mental-health.htm","text/html; charset=UTF-8","301","Moved Permanently","Non-Indexable","Redirected","1","0.673","https://www.helpguide.org/mental-health/addiction/substance-abuse-and-mental-health","HTTP Redirect"
"https://irishealing.com/what-is-yoga-for-addiction-recovery/","text/html; charset=UTF-8","301","Moved Permanently","Non-Indexable","Redirected","1","0.354","https://irishealing.com/therapy/yoga-for-addiction/","HTTP Redirect"
"https://store.samhsa.gov/sites/default/files/d7/priv/sma16-4955.pdf","text/html","301","Moved Permanently","Non-Indexable","Redirected","1","0.334","https://library.samhsa.gov/sites/default/files/d7/priv/sma16-4955.pdf","HTTP Redirect"
"https://pubmed.ncbi.nlm.nih.gov/10332641/","text/html; charset=iso-8859-1","302","Found","Non-Indexable","Redirected","1","0.285","https://misuse.ncbi.nlm.nih.gov/error/abuse.shtml","HTTP Redirect"
"https://www.ncbi.nlm.nih.gov/pmc/articles/PMC4959824/","text/html; charset=iso-8859-1","302","Found","Non-Indexable","Redirected","1","0.300","https://misuse.ncbi.nlm.nih.gov/error/abuse.shtml?orig_args=/pmc/articles/PMC4959824/&orig_host=www.ncbi.nlm.nih.gov","HTTP Redirect"
"https://pubmed.ncbi.nlm.nih.gov/32628263/","text/html; charset=iso-8859-1","302","Found","Non-Indexable","Redirected","1","0.178","https://misuse.ncbi.nlm.nih.gov/error/abuse.shtml","HTTP Redirect"
"https://www.medicalnewstoday.com/articles/324749","text/html; charset=utf-8","301","Moved Permanently","Non-Indexable","Redirected","1","0.092","https://www.medicalnewstoday.com/articles/159442","HTTP Redirect"
"https://www.ncbi.nlm.nih.gov/pmc/articles/PMC5871151/","text/html; charset=iso-8859-1","302","Found","Non-Indexable","Redirected","1","0.292","https://misuse.ncbi.nlm.nih.gov/error/abuse.shtml?orig_args=/pmc/articles/PMC5871151/&orig_host=www.ncbi.nlm.nih.gov","HTTP Redirect"
"https://www.gaia.com/article/benefits-of-chanting","text/html; charset=UTF-8","301","Moved Permanently","Non-Indexable","Redirected","1","0.293","https://www.gaia.com/article/whats-mantra","HTTP Redirect"
"https://www.healio.com/cardiology/vascular-medicine/news/online/{7d08d3ad-a63b-4cb0-9855-2689d5bd3385}/sound-therapy-linked-to-reduced-bp-better-heart-rate-variability","","301","","Non-Indexable","Redirected","1","0.526","https://www.healio.com/news/cardiology/20160916/sound-therapy-linked-to-reduced-bp-better-heart-rate-variability","HTTP Redirect"
"http://www.5koshasyoga.com/journey-of-sound/","text/html","301","Moved Permanently","Non-Indexable","Redirected","1","0.148","https://www.5koshasyoga.com/journey-of-sound/","HTTP Redirect"
"https://khn.org/news/rehab-for-addiction-usually-lasts-28-days-but-why/","text/html; charset=utf-8","301","Moved Permanently","Non-Indexable","Redirected","1","0.344","https://kffhealthnews.org/news/rehab-for-addiction-usually-lasts-28-days-but-why/","HTTP Redirect"
"https://www.drugabuse.gov/publications/drugfacts/prescription-stimulants","text/html","301","Moved Permanently","Non-Indexable","Redirected","1","0.149","https://nida.nih.gov/publications/drugfacts/prescription-stimulants","HTTP Redirect"
"https://drugpolicy.org/drug-facts/cocaine/withdrawal-symptoms","text/html; charset=UTF-8","301","Moved Permanently","Non-Indexable","Redirected","1","0.429","https://drugpolicy.org/drug-fact/cocaine/?fact=5","HTTP Redirect"
"https://www.drugabuse.gov/publications/research-reports/cocaine/what-cocaine","text/html","301","Moved Permanently","Non-Indexable","Redirected","1","0.158","https://nida.nih.gov/publications/research-reports/cocaine/what-cocaine","HTTP Redirect"
"https://www.niaaa.nih.gov/alcohol-health/overview-alcohol-consumption/moderate-binge-drinking","text/html; charset=utf-8","301","Moved Permanently","Non-Indexable","Redirected","1","1.052","https://www.niaaa.nih.gov/alcohols-effects-health/alcohol-drinking-patterns","HTTP Redirect"
"https://www.drugabuse.gov/publications/drugs-brains-behavior-science-addiction/drugs-brain","text/html","301","Moved Permanently","Non-Indexable","Redirected","1","0.158","https://nida.nih.gov/publications/drugs-brains-behavior-science-addiction/drugs-brain","HTTP Redirect"
"https://www.neuroscientificallychallenged.com/blog/know-your-brain-reward-system","text/html","301","Moved Permanently","Non-Indexable","Redirected","1","0.080","https://neuroscientificallychallenged.com/blog/know-your-brain-reward-system","HTTP Redirect"
"https://www.ncbi.nlm.nih.gov/pmc/articles/PMC4657308/","text/html; charset=iso-8859-1","302","Found","Non-Indexable","Redirected","1","0.275","https://misuse.ncbi.nlm.nih.gov/error/abuse.shtml?orig_args=/pmc/articles/PMC4657308/&orig_host=www.ncbi.nlm.nih.gov","HTTP Redirect"
"https://www.drugabuse.gov/download/21349/medications-to-treat-opioid-use-disorder-research-report.pdf?v=99088f7584dac93ddcfa98648065bfbe","text/html","301","Moved Permanently","Non-Indexable","Redirected","1","0.297","https://nida.nih.gov/download/21349/medications-to-treat-opioid-use-disorder-research-report.pdf?v=99088f7584dac93ddcfa98648065bfbe","HTTP Redirect"
"https://pubmed.ncbi.nlm.nih.gov/32199668/","text/html; charset=iso-8859-1","302","Found","Non-Indexable","Redirected","1","0.180","https://misuse.ncbi.nlm.nih.gov/error/abuse.shtml","HTTP Redirect"
"https://www.frontiersin.org/articles/10.3389/fpsyt.2013.00072/full","text/html","301","Moved Permanently","Non-Indexable","Redirected","1","0.524","https://www.frontiersin.org/journals/psychiatry/articles/10.3389/fpsyt.2013.00072/full","HTTP Redirect"
"https://irishealing.com/heroin-addiction-rehab/","text/html; charset=UTF-8","301","Moved Permanently","Non-Indexable","Redirected","1","0.461","https://irishealing.com/addiction-treatment/heroin-2/","HTTP Redirect"
"https://irishealing.com/6-movies-about-borderline-personality-disorder-bpd/","text/html; charset=UTF-8","301","Moved Permanently","Non-Indexable","Redirected","1","0.452","https://irishealing.com/blog/6-movies-about-borderline-personality-disorder-bpd","HTTP Redirect"
"https://irishealing.com/emotional-abuse2/","text/html; charset=UTF-8","301","Moved Permanently","Non-Indexable","Redirected","1","0.472","https://transferirishe.wpenginepowered.com/emotional-abuse/","HTTP Redirect"
"https://psychiatry.uams.edu/clinical-care/cast/what-is-naltrexone/","text/html; charset=UTF-8","301","Moved Permanently","Non-Indexable","Redirected","1","1.028","https://psychiatry.uams.edu/clinical-care/outpatient-care/cast/what-is-naltrexone","HTTP Redirect"
"http://www.latimes.com/science/sciencenow/la-sci-sn-opioids-hospitals-20170620-htmlstory.html","text/html","301","Moved Permanently","Non-Indexable","Redirected","1","0.218","https://www.latimes.com/science/sciencenow/la-sci-sn-opioids-hospitals-20170620-htmlstory.html","HTTP Redirect"
"https://www.medicalnewstoday.com/articles/326666","text/html; charset=utf-8","301","Moved Permanently","Non-Indexable","Redirected","1","0.093","https://www.medicalnewstoday.com/articles/8933","HTTP Redirect"
"https://www.webmd.com/depression/guide/major-depression","","301","Moved Permanently","Non-Indexable","Redirected","1","0.157","https://www.webmd.com/depression/major-depression","HTTP Redirect"
"https://irishealing.com/the-complete-guide-to-neurofeedback/","text/html; charset=UTF-8","301","Moved Permanently","Non-Indexable","Redirected","1","0.319","https://irishealing.com/blog/the-complete-guide-to-neurofeedback","HTTP Redirect"
"https://www.medicalnewstoday.com/articles/296188","text/html; charset=utf-8","301","Moved Permanently","Non-Indexable","Redirected","1","0.098","https://www.medicalnewstoday.com/articles/8933","HTTP Redirect"
"https://www.ncbi.nlm.nih.gov/pmc/articles/PMC6094954/","text/html; charset=iso-8859-1","302","Found","Non-Indexable","Redirected","1","0.164","https://misuse.ncbi.nlm.nih.gov/error/abuse.shtml?orig_args=/pmc/articles/PMC6094954/&orig_host=www.ncbi.nlm.nih.gov","HTTP Redirect"
"https://www.drugabuse.gov/publications/research-reports/common-comorbidities-substance-use-disorders/why-there-comorbidity-between-substance-use-disorders-mental-illnesses","text/html","301","Moved Permanently","Non-Indexable","Redirected","1","0.147","https://nida.nih.gov/publications/research-reports/common-comorbidities-substance-use-disorders/why-there-comorbidity-between-substance-use-disorders-mental-illnesses","HTTP Redirect"
"https://www.webmd.com/add-adhd/childhood-adhd/features/neurofeedback-adhd","","301","Moved Permanently","Non-Indexable","Redirected","1","0.133","https://www.webmd.com/add-adhd/childhood-adhd/features/cm/neurofeedback-adhd","HTTP Redirect"
"https://irishealing.com/neurofeedback-for-adhd/","text/html; charset=UTF-8","301","Moved Permanently","Non-Indexable","Redirected","6","0.484","https://irishealing.com/blog/neurofeedback-for-adhd","HTTP Redirect"
"https://irishealing.com/yoga-for-addiction/","text/html; charset=UTF-8","301","Moved Permanently","Non-Indexable","Redirected","1","0.517","https://irishealing.com/","HTTP Redirect"
"https://irishealing.com/blog/opioid-withdrawal-symptoms","text/html; charset=UTF-8","301","Moved Permanently","Non-Indexable","Redirected","0","0.345","https://irishealing.com/blog/opioid-withdrawal-symptoms/","HTTP Redirect"
"https://irishealing.com/blog/why-is-alcohol-detox-and-withdrawal-at-home-dangerous","text/html; charset=UTF-8","301","Moved Permanently","Non-Indexable","Redirected","0","0.517","https://irishealing.com/blog/why-is-alcohol-detox-and-withdrawal-at-home-dangerous/","HTTP Redirect"
"https://irishealing.com/blog/what-is-the-timeline-for-alcohol-detox-treatment","text/html; charset=UTF-8","301","Moved Permanently","Non-Indexable","Redirected","0","0.404","https://irishealing.com/blog/what-is-the-timeline-for-alcohol-detox-treatment/","HTTP Redirect"
"https://irishealing.com/blog/aa-meetings-near-woodland-hills-california","text/html; charset=UTF-8","301","Moved Permanently","Non-Indexable","Redirected","0","0.358","https://irishealing.com/blog/aa-meetings-near-woodland-hills-california/","HTTP Redirect"
"https://irishealing.com/blog/try-an-alternative-recovery-with-spiritual-rehabilitation-retreats","text/html; charset=UTF-8","301","Moved Permanently","Non-Indexable","Redirected","0","0.393","https://irishealing.com/blog/try-an-alternative-recovery-with-spiritual-rehabilitation-retreats/","HTTP Redirect"
"https://www.ncbi.nlm.nih.gov/pmc/articles/PMC4606320/","text/html; charset=iso-8859-1","302","Found","Non-Indexable","Redirected","1","0.158","https://misuse.ncbi.nlm.nih.gov/error/abuse.shtml?orig_args=/pmc/articles/PMC4606320/&orig_host=www.ncbi.nlm.nih.gov","HTTP Redirect"
"https://pubmed.ncbi.nlm.nih.gov/12845398/","text/html; charset=iso-8859-1","302","Found","Non-Indexable","Redirected","1","0.166","https://misuse.ncbi.nlm.nih.gov/error/abuse.shtml","HTTP Redirect"
"https://www.ncbi.nlm.nih.gov/pmc/articles/PMC4857865/","text/html; charset=iso-8859-1","302","Found","Non-Indexable","Redirected","1","0.160","https://misuse.ncbi.nlm.nih.gov/error/abuse.shtml?orig_args=/pmc/articles/PMC4857865/&orig_host=www.ncbi.nlm.nih.gov","HTTP Redirect"
"https://irishealing.com/blog/rehab-facility-step-by-step-guide","text/html; charset=UTF-8","301","Moved Permanently","Non-Indexable","Redirected","0","0.359","https://irishealing.com/blog/rehab-facility-step-by-step-guide/","HTTP Redirect"
"https://irishealing.com/blog/rehab-for-mental-health-beneftis","text/html; charset=UTF-8","301","Moved Permanently","Non-Indexable","Redirected","0","0.364","https://irishealing.com/blog/rehab-for-mental-health-beneftis/","HTTP Redirect"
"https://irishealing.com/blog/what-is-a-high-dose-of-klonopin","text/html; charset=UTF-8","301","Moved Permanently","Non-Indexable","Redirected","0","0.403","https://irishealing.com/blog/what-is-a-high-dose-of-klonopin/","HTTP Redirect"
"https://irishealing.com/blog/neurofeedback-therapy-near-me","text/html; charset=UTF-8","301","Moved Permanently","Non-Indexable","Redirected","0","0.378","https://irishealing.com/blog/neurofeedback-therapy-near-me/","HTTP Redirect"
"https://irishealing.com/blog/depression-and-addiction","text/html; charset=UTF-8","301","Moved Permanently","Non-Indexable","Redirected","0","0.455","https://irishealing.com/blog/depression-and-addiction/","HTTP Redirect"
"https://irishealing.com/blog/is-addiction-a-disease","text/html; charset=UTF-8","301","Moved Permanently","Non-Indexable","Redirected","0","0.492","https://irishealing.com/blog/is-addiction-a-disease/","HTTP Redirect"
"https://irishealing.com/blog/rehab-for-depression-causes-cost","text/html; charset=UTF-8","301","Moved Permanently","Non-Indexable","Redirected","0","0.372","https://irishealing.com/blog/rehab-for-depression-causes-cost/","HTTP Redirect"
"https://irishealing.com/blog/national-recovery-month-in-september","text/html; charset=UTF-8","301","Moved Permanently","Non-Indexable","Redirected","0","0.523","https://irishealing.com/blog/national-recovery-month-in-september/","HTTP Redirect"
"https://irishealing.com/blog/where-to-get-mental-health-help-in-california","text/html; charset=UTF-8","301","Moved Permanently","Non-Indexable","Redirected","0","0.521","https://irishealing.com/blog/where-to-get-mental-health-help-in-california/","HTTP Redirect"
"https://irishealing.com/blog/trauma-the-forgotten-partner-of-substance-abuse-disorder","text/html; charset=UTF-8","301","Moved Permanently","Non-Indexable","Redirected","0","0.496","https://irishealing.com/blog/trauma-the-forgotten-partner-of-substance-abuse-disorder/","HTTP Redirect"
"https://irishealing.com/blog/eating-disorders-and-addiction","text/html; charset=UTF-8","301","Moved Permanently","Non-Indexable","Redirected","0","0.485","https://irishealing.com/blog/eating-disorders-and-addiction/","HTTP Redirect"
"https://irishealing.com/blog/adderall-weight-loss","text/html; charset=UTF-8","301","Moved Permanently","Non-Indexable","Redirected","0","0.327","https://irishealing.com/blog/adderall-weight-loss/","HTTP Redirect"
"https://irishealing.com/blog/improve-mental-health","text/html; charset=UTF-8","301","Moved Permanently","Non-Indexable","Redirected","0","0.481","https://irishealing.com/blog/improve-mental-health/","HTTP Redirect"
"https://irishealing.com/blog/why-is-mental-health-important","text/html; charset=UTF-8","301","Moved Permanently","Non-Indexable","Redirected","0","0.355","https://irishealing.com/blog/why-is-mental-health-important/","HTTP Redirect"
"https://irishealing.com/blog/6-famous-people-with-ptsd-post-traumatic-stress-disorder","text/html; charset=UTF-8","301","Moved Permanently","Non-Indexable","Redirected","0","0.323","https://irishealing.com/blog/6-famous-people-with-ptsd-post-traumatic-stress-disorder/","HTTP Redirect"
"https://irishealing.com/blog/famous-people-with-bipolar-disorder-celebs-coping-with-bipolar","text/html; charset=UTF-8","301","Moved Permanently","Non-Indexable","Redirected","0","0.443","https://irishealing.com/blog/famous-people-with-bipolar-disorder-celebs-coping-with-bipolar/","HTTP Redirect"
"https://irishealing.com/blog/benefits-of-quitting-sugar-is-sugar-as-addictive-as-drugs-and-alcohol","text/html; charset=UTF-8","301","Moved Permanently","Non-Indexable","Redirected","0","0.534","https://irishealing.com/blog/benefits-of-quitting-sugar-is-sugar-as-addictive-as-drugs-and-alcohol/","HTTP Redirect"
"https://irishealing.com/blog/mental-health-benefits-of-exercise","text/html; charset=UTF-8","301","Moved Permanently","Non-Indexable","Redirected","0","0.437","https://irishealing.com/blog/mental-health-benefits-of-exercise/","HTTP Redirect"
"https://irishealing.com/blog/understanding-links-ptsd-addiction","text/html; charset=UTF-8","301","Moved Permanently","Non-Indexable","Redirected","0","0.738","https://irishealing.com/blog/understanding-links-ptsd-addiction/","HTTP Redirect"
"https://irishealing.com/blog/tms-for-depression","text/html; charset=UTF-8","301","Moved Permanently","Non-Indexable","Redirected","0","0.754","https://irishealing.com/blog/tms-for-depression/","HTTP Redirect"
"https://irishealing.com/blog/dialectical-behavior-therapy-for-addiction","text/html; charset=UTF-8","301","Moved Permanently","Non-Indexable","Redirected","0","0.507","https://irishealing.com/blog/dialectical-behavior-therapy-for-addiction/","HTTP Redirect"
"https://irishealing.com/blog/how-long-does-rehab-last","text/html; charset=UTF-8","301","Moved Permanently","Non-Indexable","Redirected","0","0.463","https://irishealing.com/blog/how-long-does-rehab-last/","HTTP Redirect"
"https://irishealing.com/blog/emdr-therapy-for-addiction","text/html; charset=UTF-8","301","Moved Permanently","Non-Indexable","Redirected","0","0.355","https://irishealing.com/blog/emdr-therapy-for-addiction/","HTTP Redirect"
"https://irishealing.com/blog/can-you-work-while-in-rehab","text/html; charset=UTF-8","301","Moved Permanently","Non-Indexable","Redirected","0","0.317","https://irishealing.com/blog/can-you-work-while-in-rehab/","HTTP Redirect"
"https://irishealing.com/blog/supporting-a-loved-one","text/html; charset=UTF-8","301","Moved Permanently","Non-Indexable","Redirected","0","0.318","https://irishealing.com/blog/supporting-a-loved-one/","HTTP Redirect"
"https://irishealing.com/blog/12-steps-for-addiction-recovery","text/html; charset=UTF-8","301","Moved Permanently","Non-Indexable","Redirected","0","0.274","https://irishealing.com/blog/12-steps-for-addiction-recovery/","HTTP Redirect"
"https://irishealing.com/blog/neurofeedback-for-adhd","text/html; charset=UTF-8","301","Moved Permanently","Non-Indexable","Redirected","0","0.267","https://irishealing.com/blog/neurofeedback-for-adhd/","HTTP Redirect"
"https://irishealing.com/blog/effective-holistic-drug-rehab-in-los-angeles","text/html; charset=UTF-8","301","Moved Permanently","Non-Indexable","Redirected","0","0.280","https://irishealing.com/blog/effective-holistic-drug-rehab-in-los-angeles/","HTTP Redirect"
"https://irishealing.com/blog/6-movies-about-borderline-personality-disorder-bpd","text/html; charset=UTF-8","301","Moved Permanently","Non-Indexable","Redirected","0","0.316","https://irishealing.com/blog/6-movies-about-borderline-personality-disorder-bpd/","HTTP Redirect"
"https://irishealing.com/blog/the-complete-guide-to-neurofeedback","text/html; charset=UTF-8","301","Moved Permanently","Non-Indexable","Redirected","0","0.458","https://irishealing.com/blog/the-complete-guide-to-neurofeedback/","HTTP Redirect"
"https://irishealing.com/blog/tms-therapy-success-rate","text/html; charset=UTF-8","301","Moved Permanently","Non-Indexable","Redirected","0","0.327","https://irishealing.com/blog/tms-therapy-success-rate/","HTTP Redirect"
"https://irishealing.com/blog/smart-recovery","text/html; charset=UTF-8","301","Moved Permanently","Non-Indexable","Redirected","0","0.339","https://irishealing.com/blog/smart-recovery/","HTTP Redirect"
"https://irishealing.com/addiction-treatment/heroin-2/","text/html; charset=UTF-8","301","Moved Permanently","Non-Indexable","Redirected","0","0.361","https://irishealing.com/addiction-treatment/heroin/","HTTP Redirect"
"https://irishealing.com/blog/quarantine-fatigue-6-ways-to-protect-mental-health-during-the-covid-19-pandemic","text/html; charset=UTF-8","301","Moved Permanently","Non-Indexable","Redirected","0","0.400","https://irishealing.com/blog/quarantine-fatigue-6-ways-to-protect-mental-health-during-the-covid-19-pandemic/","HTTP Redirect"
"https://irishealing.com/blog/mental-health-clinic","text/html; charset=UTF-8","301","Moved Permanently","Non-Indexable","Redirected","0","0.309","https://irishealing.com/blog/mental-health-clinic/","HTTP Redirect"
"https://irishealing.com/blog/how-to-stop-drinking-alcohol","text/html; charset=UTF-8","301","Moved Permanently","Non-Indexable","Redirected","0","0.428","https://irishealing.com/blog/how-to-stop-drinking-alcohol/","HTTP Redirect"
"https://irishealing.com/blog/how-to-heal-from-childhood-trauma","text/html; charset=UTF-8","301","Moved Permanently","Non-Indexable","Redirected","0","0.475","https://irishealing.com/blog/how-to-heal-from-childhood-trauma/","HTTP Redirect"
"https://irishealing.com/blog/fentanyl-in-your-system","text/html; charset=UTF-8","301","Moved Permanently","Non-Indexable","Redirected","0","0.455","https://irishealing.com/blog/fentanyl-in-your-system/","HTTP Redirect"
"https://irishealing.com/blog/international-overdose-awareness-day-is-august-31","text/html; charset=UTF-8","301","Moved Permanently","Non-Indexable","Redirected","0","0.330","https://irishealing.com/blog/international-overdose-awareness-day-is-august-31/","HTTP Redirect"
"https://irishealing.com/blog/drug-withdrawal","text/html; charset=UTF-8","301","Moved Permanently","Non-Indexable","Redirected","0","0.477","https://irishealing.com/blog/drug-withdrawal/","HTTP Redirect"
"https://irishealing.com/blog/brainwaves","text/html; charset=UTF-8","301","Moved Permanently","Non-Indexable","Redirected","0","0.322","https://irishealing.com/blog/brainwaves/","HTTP Redirect"
"https://irishealing.com/blog/neurofeedback-session","text/html; charset=UTF-8","301","Moved Permanently","Non-Indexable","Redirected","0","0.473","https://irishealing.com/blog/neurofeedback-session/","HTTP Redirect"
"https://irishealing.com/blog/what-to-know-about-dual-diagnosis-treatment-centers-in-california","text/html; charset=UTF-8","301","Moved Permanently","Non-Indexable","Redirected","0","0.481","https://irishealing.com/blog/what-to-know-about-dual-diagnosis-treatment-centers-in-california/","HTTP Redirect"
"https://irishealing.com/blog/mental-health-services","text/html; charset=UTF-8","301","Moved Permanently","Non-Indexable","Redirected","0","0.462","https://irishealing.com/blog/mental-health-services/","HTTP Redirect"
"https://irishealing.com/blog/break-addiction","text/html; charset=UTF-8","301","Moved Permanently","Non-Indexable","Redirected","0","0.330","https://irishealing.com/blog/break-addiction/","HTTP Redirect"
"https://irishealing.com/blog/most-effective-treatment-for-drug-addiction","text/html; charset=UTF-8","301","Moved Permanently","Non-Indexable","Redirected","0","0.479","https://irishealing.com/blog/most-effective-treatment-for-drug-addiction/","HTTP Redirect"
"https://irishealing.com/blog/mental-health-disorders-list","text/html; charset=UTF-8","301","Moved Permanently","Non-Indexable","Redirected","0","0.299","https://irishealing.com/blog/mental-health-disorders-list/","HTTP Redirect"
"https://irishealing.com/blog/mental-health-and-physical-health","text/html; charset=UTF-8","301","Moved Permanently","Non-Indexable","Redirected","0","0.305","https://irishealing.com/blog/mental-health-and-physical-health/","HTTP Redirect"
"https://irishealing.com/blog/gaslighting","text/html; charset=UTF-8","301","Moved Permanently","Non-Indexable","Redirected","0","0.359","https://irishealing.com/blog/gaslighting/","HTTP Redirect"
"https://irishealing.com/blog/mental-health-and-substance-abuse","text/html; charset=UTF-8","301","Moved Permanently","Non-Indexable","Redirected","0","0.505","https://irishealing.com/blog/mental-health-and-substance-abuse/","HTTP Redirect"
"https://irishealing.com/blog/benefits-of-neurofeedback-training","text/html; charset=UTF-8","301","Moved Permanently","Non-Indexable","Redirected","0","0.331","https://irishealing.com/blog/benefits-of-neurofeedback-training/","HTTP Redirect"
"https://irishealing.com/blog/addiction-in-active-duty","text/html; charset=UTF-8","301","Moved Permanently","Non-Indexable","Redirected","0","0.428","https://irishealing.com/blog/addiction-in-active-duty/","HTTP Redirect"
"https://irishealing.com/blog/how-to-prepare-for-a-neurofeedback-session","text/html; charset=UTF-8","301","Moved Permanently","Non-Indexable","Redirected","0","0.462","https://irishealing.com/blog/how-to-prepare-for-a-neurofeedback-session/","HTTP Redirect"
"https://irishealing.com/blog/living-with-schizophrenia","text/html; charset=UTF-8","301","Moved Permanently","Non-Indexable","Redirected","0","0.479","https://irishealing.com/blog/living-with-schizophrenia/","HTTP Redirect"
"https://irishealing.com/blog/what-does-adderall-do-if-you-dont-have-adhd","text/html; charset=UTF-8","301","Moved Permanently","Non-Indexable","Redirected","0","0.336","https://irishealing.com/blog/what-does-adderall-do-if-you-dont-have-adhd/","HTTP Redirect"
"https://irishealing.com/blog/sentencing-alternatives-treatment-vs-incarceration-for-drug-offenders","text/html; charset=UTF-8","301","Moved Permanently","Non-Indexable","Redirected","0","0.202","https://irishealing.com/blog/sentencing-alternatives-treatment-vs-incarceration-for-drug-offenders/","HTTP Redirect"
"https://irishealing.com/blog/detoxing-off-of-suboxone","text/html; charset=UTF-8","301","Moved Permanently","Non-Indexable","Redirected","0","0.449","https://irishealing.com/blog/detoxing-off-of-suboxone/","HTTP Redirect"
"https://irishealing.com/blog/emotional-abuse","text/html; charset=UTF-8","301","Moved Permanently","Non-Indexable","Redirected","0","0.323","https://irishealing.com/blog/emotional-abuse/","HTTP Redirect"
"https://irishealing.com/blog/9-mental-health-benefits-of-exercise","text/html; charset=UTF-8","301","Moved Permanently","Non-Indexable","Redirected","0","0.331","https://irishealing.com/blog/9-mental-health-benefits-of-exercise/","HTTP Redirect"
"https://irishealing.com/blog/signs-of-depression-in-teens","text/html; charset=UTF-8","301","Moved Permanently","Non-Indexable","Redirected","0","0.372","https://irishealing.com/blog/signs-of-depression-in-teens/","HTTP Redirect"
"https://irishealing.com/blog/using-mindfulness-in-spiritual-rehabilitation-retreats","text/html; charset=UTF-8","301","Moved Permanently","Non-Indexable","Redirected","0","0.326","https://irishealing.com/blog/using-mindfulness-in-spiritual-rehabilitation-retreats/","HTTP Redirect"
"https://irishealing.com/blog/drug-and-alcohol-rehabs-near-me-advantages-disadvantages","text/html; charset=UTF-8","301","Moved Permanently","Non-Indexable","Redirected","0","0.324","https://irishealing.com/blog/drug-and-alcohol-rehabs-near-me-advantages-disadvantages/","HTTP Redirect"
"https://irishealing.com/blog/schizoaffective-disorder-and-addiction","text/html; charset=UTF-8","301","Moved Permanently","Non-Indexable","Redirected","0","0.311","https://irishealing.com/blog/schizoaffective-disorder-and-addiction/","HTTP Redirect"
"https://irishealing.com/blog/cannabis-induced-psychosis","text/html; charset=UTF-8","301","Moved Permanently","Non-Indexable","Redirected","0","0.183","https://irishealing.com/blog/cannabis-induced-psychosis/","HTTP Redirect"
"https://irishealing.com/blog/when-is-mental-health-awareness-month","text/html; charset=UTF-8","301","Moved Permanently","Non-Indexable","Redirected","0","0.451","https://irishealing.com/blog/when-is-mental-health-awareness-month/","HTTP Redirect"
"https://irishealing.com/blog/what-are-the-5-stages-of-addiction-drugs-alcohol","text/html; charset=UTF-8","301","Moved Permanently","Non-Indexable","Redirected","0","0.310","https://irishealing.com/blog/what-are-the-5-stages-of-addiction-drugs-alcohol/","HTTP Redirect"
"https://irishealing.com/blog/mental-illness-test","text/html; charset=UTF-8","301","Moved Permanently","Non-Indexable","Redirected","0","0.339","https://irishealing.com/blog/mental-illness-test/","HTTP Redirect"
"https://irishealing.com/blog/tms-medicare-coverage","text/html; charset=UTF-8","301","Moved Permanently","Non-Indexable","Redirected","0","0.397","https://irishealing.com/blog/tms-medicare-coverage/","HTTP Redirect"
"https://irishealing.com/blog/tms-for-schizophrenia","text/html; charset=UTF-8","301","Moved Permanently","Non-Indexable","Redirected","0","0.334","https://irishealing.com/blog/tms-for-schizophrenia/","HTTP Redirect"
"https://irishealing.com/blog/tms-therapy-cost","text/html; charset=UTF-8","301","Moved Permanently","Non-Indexable","Redirected","0","0.366","https://irishealing.com/blog/tms-therapy-cost/","HTTP Redirect"
"https://irishealing.com/blog/dissociative-identity-disorder-symptoms-treatment-causes","text/html; charset=UTF-8","301","Moved Permanently","Non-Indexable","Redirected","0","0.492","https://irishealing.com/blog/dissociative-identity-disorder-symptoms-treatment-causes/","HTTP Redirect"
"https://irishealing.com/blog/klonopin-stay-in-your-system","text/html; charset=UTF-8","301","Moved Permanently","Non-Indexable","Redirected","0","0.467","https://irishealing.com/blog/klonopin-stay-in-your-system/","HTTP Redirect"
